{
  "next_trial_id": 401,
  "completed": 400,
  "total_requests": 400,
  "remaining_calls": 0,
  "best_scores": {
    "final_balance": {
      "score": 3486.20740480485,
      "trial_id": 209,
      "strategy": "GridTradingStrategyV2Aggressive",
      "parameters": {
        "min_step_pct": 0.03423712932709495,
        "atr_mult": 0.9832759082769946,
        "num_grids": 19,
        "trend_ema_fast": 34,
        "trend_ema_slow": 187,
        "sell_spacing_mult_bull": 1.3,
        "buy_spacing_mult_bear": 1.2777455918776988,
        "recenter_threshold_pct": 0.1855109135134257,
        "recenter_dwell_bars": 14,
        "center_lookback": 20,
        "cooldown_bars": 4,
        "min_strength": 0.79787948008665,
        "side_when_bear": 0,
        "min_edge_pct": 0.022956968450241286,
        "fee_pct": 0.0025,
        "slippage_pct": 0.01,
        "tol_buy_lo": 0.019172141543189903,
        "tol_buy_hi": 0.004104524147923647,
        "tol_sell_lo": 0.019320765865748477,
        "tol_sell_hi": 0.014291767556774089,
        "timeframe_minutes": 60,
        "breakout_window": 20,
        "breakout_slope_min": 0.0016114968706860292,
        "strong_slope_min": 0.002229538523037553,
        "trail_atr_mult": 2.0,
        "no_sell_above_ema_fast_in_bull": 1,
        "allow_bear_breakout_sell": 0
      }
    },
    "profit_biased": {
      "score": 0.7298058888386811,
      "trial_id": 194,
      "strategy": "GridTradingStrategyV2Aggressive",
      "parameters": {
        "min_step_pct": 0.02,
        "atr_mult": 1.0,
        "num_grids": 18,
        "trend_ema_fast": 54,
        "trend_ema_slow": 200,
        "sell_spacing_mult_bull": 1.1113397768777742,
        "buy_spacing_mult_bear": 1.5741988498574302,
        "recenter_threshold_pct": 0.2038601373199772,
        "recenter_dwell_bars": 6,
        "center_lookback": 20,
        "cooldown_bars": 2,
        "min_strength": 0.4667876662854694,
        "side_when_bear": 0,
        "min_edge_pct": 0.02,
        "fee_pct": 0.0025,
        "slippage_pct": 0.01,
        "tol_buy_lo": 0.01,
        "tol_buy_hi": 0.005,
        "tol_sell_lo": 0.01859156002481016,
        "tol_sell_hi": 0.01,
        "timeframe_minutes": 60,
        "breakout_window": 54,
        "breakout_slope_min": 0.0005,
        "strong_slope_min": 0.001,
        "trail_atr_mult": 2.8441232495429007,
        "no_sell_above_ema_fast_in_bull": 0,
        "allow_bear_breakout_sell": 0
      }
    },
    "cps_v2_profit_biased": {
      "score": 0.7298058888386811,
      "trial_id": 194,
      "strategy": "GridTradingStrategyV2Aggressive",
      "parameters": {
        "min_step_pct": 0.02,
        "atr_mult": 1.0,
        "num_grids": 18,
        "trend_ema_fast": 54,
        "trend_ema_slow": 200,
        "sell_spacing_mult_bull": 1.1113397768777742,
        "buy_spacing_mult_bear": 1.5741988498574302,
        "recenter_threshold_pct": 0.2038601373199772,
        "recenter_dwell_bars": 6,
        "center_lookback": 20,
        "cooldown_bars": 2,
        "min_strength": 0.4667876662854694,
        "side_when_bear": 0,
        "min_edge_pct": 0.02,
        "fee_pct": 0.0025,
        "slippage_pct": 0.01,
        "tol_buy_lo": 0.01,
        "tol_buy_hi": 0.005,
        "tol_sell_lo": 0.01859156002481016,
        "tol_sell_hi": 0.01,
        "timeframe_minutes": 60,
        "breakout_window": 54,
        "breakout_slope_min": 0.0005,
        "strong_slope_min": 0.001,
        "trail_atr_mult": 2.8441232495429007,
        "no_sell_above_ema_fast_in_bull": 0,
        "allow_bear_breakout_sell": 0
      }
    },
    "mar": {
      "score": 2486207404.8048496,
      "trial_id": 209,
      "strategy": "GridTradingStrategyV2Aggressive",
      "parameters": {
        "min_step_pct": 0.03423712932709495,
        "atr_mult": 0.9832759082769946,
        "num_grids": 19,
        "trend_ema_fast": 34,
        "trend_ema_slow": 187,
        "sell_spacing_mult_bull": 1.3,
        "buy_spacing_mult_bear": 1.2777455918776988,
        "recenter_threshold_pct": 0.1855109135134257,
        "recenter_dwell_bars": 14,
        "center_lookback": 20,
        "cooldown_bars": 4,
        "min_strength": 0.79787948008665,
        "side_when_bear": 0,
        "min_edge_pct": 0.022956968450241286,
        "fee_pct": 0.0025,
        "slippage_pct": 0.01,
        "tol_buy_lo": 0.019172141543189903,
        "tol_buy_hi": 0.004104524147923647,
        "tol_sell_lo": 0.019320765865748477,
        "tol_sell_hi": 0.014291767556774089,
        "timeframe_minutes": 60,
        "breakout_window": 20,
        "breakout_slope_min": 0.0016114968706860292,
        "strong_slope_min": 0.002229538523037553,
        "trail_atr_mult": 2.0,
        "no_sell_above_ema_fast_in_bull": 1,
        "allow_bear_breakout_sell": 0
      }
    },
    "utility": {
      "score": 1.1664896847224473,
      "trial_id": 39,
      "strategy": "GridTradingStrategyV2Aggressive",
      "parameters": {
        "min_step_pct": 0.0397542159516484,
        "atr_mult": 1.2556300738731103,
        "num_grids": 20,
        "trend_ema_fast": 20,
        "trend_ema_slow": 187,
        "sell_spacing_mult_bull": 1.3425549502473262,
        "buy_spacing_mult_bear": 1.5352577519221569,
        "recenter_threshold_pct": 0.12,
        "recenter_dwell_bars": 11,
        "center_lookback": 36,
        "cooldown_bars": 5,
        "min_strength": 0.6511421544723583,
        "side_when_bear": 1,
        "min_edge_pct": 0.025026384936025863,
        "fee_pct": 0.0025,
        "slippage_pct": 0.01,
        "tol_buy_lo": 0.016223171323774155,
        "tol_buy_hi": 0.017155191624829744,
        "tol_sell_lo": 0.01218507445889792,
        "tol_sell_hi": 0.00845502044779111,
        "timeframe_minutes": 60,
        "breakout_window": 40,
        "breakout_slope_min": 0.0015495892712489366,
        "strong_slope_min": 0.00159056513499838,
        "trail_atr_mult": 1.4615336172266016,
        "no_sell_above_ema_fast_in_bull": 1,
        "allow_bear_breakout_sell": 0
      }
    },
    "cps": {
      "score": 72.39,
      "trial_id": 37,
      "strategy": "CSMARevertStrategy",
      "parameters": {
        "n_sma": 576,
        "entry_drop": 0.25,
        "exit_up": 0.048,
        "rsi_period": 14,
        "rsi_max": 16.598132293299123,
        "timeframe_minutes": 5
      }
    },
    "cps_v2": {
      "score": 0.7298058888386811,
      "trial_id": 194,
      "strategy": "GridTradingStrategyV2Aggressive",
      "parameters": {
        "min_step_pct": 0.02,
        "atr_mult": 1.0,
        "num_grids": 18,
        "trend_ema_fast": 54,
        "trend_ema_slow": 200,
        "sell_spacing_mult_bull": 1.1113397768777742,
        "buy_spacing_mult_bear": 1.5741988498574302,
        "recenter_threshold_pct": 0.2038601373199772,
        "recenter_dwell_bars": 6,
        "center_lookback": 20,
        "cooldown_bars": 2,
        "min_strength": 0.4667876662854694,
        "side_when_bear": 0,
        "min_edge_pct": 0.02,
        "fee_pct": 0.0025,
        "slippage_pct": 0.01,
        "tol_buy_lo": 0.01,
        "tol_buy_hi": 0.005,
        "tol_sell_lo": 0.01859156002481016,
        "tol_sell_hi": 0.01,
        "timeframe_minutes": 60,
        "breakout_window": 54,
        "breakout_slope_min": 0.0005,
        "strong_slope_min": 0.001,
        "trail_atr_mult": 2.8441232495429007,
        "no_sell_above_ema_fast_in_bull": 0,
        "allow_bear_breakout_sell": 0
      }
    }
  }
}