{
  "next_trial_id": 201,
  "completed": 200,
  "total_requests": 200,
  "remaining_calls": 0,
  "best_scores": {
    "final_balance": {
      "score": 4888.515365789477,
      "trial_id": 10,
      "strategy": "GridTradingStrategyV2Aggressive",
      "parameters": {
        "min_step_pct": 0.034635241335193856,
        "atr_mult": 1.656716449386351,
        "num_grids": 18,
        "trend_ema_fast": 50,
        "trend_ema_slow": 122,
        "sell_spacing_mult_bull": 1.1345567518897148,
        "buy_spacing_mult_bear": 1.0858860238471182,
        "recenter_threshold_pct": 0.22492491267494674,
        "recenter_dwell_bars": 10,
        "center_lookback": 39,
        "cooldown_bars": 6,
        "min_strength": 0.6133012582036083,
        "side_when_bear": 0,
        "min_edge_pct": 0.02433650811727541,
        "fee_pct": 0.0025,
        "slippage_pct": 0.01,
        "tol_buy_lo": 0.007784357273450176,
        "tol_buy_hi": 0.013114554458261317,
        "tol_sell_lo": 0.013214536351458452,
        "tol_sell_hi": 0.01664344433036787,
        "timeframe_minutes": 60,
        "breakout_window": 20,
        "breakout_slope_min": 0.003962446250902934,
        "strong_slope_min": 0.003339355473696134,
        "trail_atr_mult": 2.2715784502170315,
        "no_sell_above_ema_fast_in_bull": 1,
        "allow_bear_breakout_sell": 0
      }
    },
    "profit_biased": {
      "score": 0.7416170370863241,
      "trial_id": 10,
      "strategy": "GridTradingStrategyV2Aggressive",
      "parameters": {
        "min_step_pct": 0.034635241335193856,
        "atr_mult": 1.656716449386351,
        "num_grids": 18,
        "trend_ema_fast": 50,
        "trend_ema_slow": 122,
        "sell_spacing_mult_bull": 1.1345567518897148,
        "buy_spacing_mult_bear": 1.0858860238471182,
        "recenter_threshold_pct": 0.22492491267494674,
        "recenter_dwell_bars": 10,
        "center_lookback": 39,
        "cooldown_bars": 6,
        "min_strength": 0.6133012582036083,
        "side_when_bear": 0,
        "min_edge_pct": 0.02433650811727541,
        "fee_pct": 0.0025,
        "slippage_pct": 0.01,
        "tol_buy_lo": 0.007784357273450176,
        "tol_buy_hi": 0.013114554458261317,
        "tol_sell_lo": 0.013214536351458452,
        "tol_sell_hi": 0.01664344433036787,
        "timeframe_minutes": 60,
        "breakout_window": 20,
        "breakout_slope_min": 0.003962446250902934,
        "strong_slope_min": 0.003339355473696134,
        "trail_atr_mult": 2.2715784502170315,
        "no_sell_above_ema_fast_in_bull": 1,
        "allow_bear_breakout_sell": 0
      }
    },
    "cps_v2_profit_biased": {
      "score": 0.7416170370863241,
      "trial_id": 10,
      "strategy": "GridTradingStrategyV2Aggressive",
      "parameters": {
        "min_step_pct": 0.034635241335193856,
        "atr_mult": 1.656716449386351,
        "num_grids": 18,
        "trend_ema_fast": 50,
        "trend_ema_slow": 122,
        "sell_spacing_mult_bull": 1.1345567518897148,
        "buy_spacing_mult_bear": 1.0858860238471182,
        "recenter_threshold_pct": 0.22492491267494674,
        "recenter_dwell_bars": 10,
        "center_lookback": 39,
        "cooldown_bars": 6,
        "min_strength": 0.6133012582036083,
        "side_when_bear": 0,
        "min_edge_pct": 0.02433650811727541,
        "fee_pct": 0.0025,
        "slippage_pct": 0.01,
        "tol_buy_lo": 0.007784357273450176,
        "tol_buy_hi": 0.013114554458261317,
        "tol_sell_lo": 0.013214536351458452,
        "tol_sell_hi": 0.01664344433036787,
        "timeframe_minutes": 60,
        "breakout_window": 20,
        "breakout_slope_min": 0.003962446250902934,
        "strong_slope_min": 0.003339355473696134,
        "trail_atr_mult": 2.2715784502170315,
        "no_sell_above_ema_fast_in_bull": 1,
        "allow_bear_breakout_sell": 0
      }
    },
    "mar": {
      "score": 3888515365.7894764,
      "trial_id": 10,
      "strategy": "GridTradingStrategyV2Aggressive",
      "parameters": {
        "min_step_pct": 0.034635241335193856,
        "atr_mult": 1.656716449386351,
        "num_grids": 18,
        "trend_ema_fast": 50,
        "trend_ema_slow": 122,
        "sell_spacing_mult_bull": 1.1345567518897148,
        "buy_spacing_mult_bear": 1.0858860238471182,
        "recenter_threshold_pct": 0.22492491267494674,
        "recenter_dwell_bars": 10,
        "center_lookback": 39,
        "cooldown_bars": 6,
        "min_strength": 0.6133012582036083,
        "side_when_bear": 0,
        "min_edge_pct": 0.02433650811727541,
        "fee_pct": 0.0025,
        "slippage_pct": 0.01,
        "tol_buy_lo": 0.007784357273450176,
        "tol_buy_hi": 0.013114554458261317,
        "tol_sell_lo": 0.013214536351458452,
        "tol_sell_hi": 0.01664344433036787,
        "timeframe_minutes": 60,
        "breakout_window": 20,
        "breakout_slope_min": 0.003962446250902934,
        "strong_slope_min": 0.003339355473696134,
        "trail_atr_mult": 2.2715784502170315,
        "no_sell_above_ema_fast_in_bull": 1,
        "allow_bear_breakout_sell": 0
      }
    },
    "utility": {
      "score": 1.9829423603257703,
      "trial_id": 10,
      "strategy": "GridTradingStrategyV2Aggressive",
      "parameters": {
        "min_step_pct": 0.034635241335193856,
        "atr_mult": 1.656716449386351,
        "num_grids": 18,
        "trend_ema_fast": 50,
        "trend_ema_slow": 122,
        "sell_spacing_mult_bull": 1.1345567518897148,
        "buy_spacing_mult_bear": 1.0858860238471182,
        "recenter_threshold_pct": 0.22492491267494674,
        "recenter_dwell_bars": 10,
        "center_lookback": 39,
        "cooldown_bars": 6,
        "min_strength": 0.6133012582036083,
        "side_when_bear": 0,
        "min_edge_pct": 0.02433650811727541,
        "fee_pct": 0.0025,
        "slippage_pct": 0.01,
        "tol_buy_lo": 0.007784357273450176,
        "tol_buy_hi": 0.013114554458261317,
        "tol_sell_lo": 0.013214536351458452,
        "tol_sell_hi": 0.01664344433036787,
        "timeframe_minutes": 60,
        "breakout_window": 20,
        "breakout_slope_min": 0.003962446250902934,
        "strong_slope_min": 0.003339355473696134,
        "trail_atr_mult": 2.2715784502170315,
        "no_sell_above_ema_fast_in_bull": 1,
        "allow_bear_breakout_sell": 0
      }
    },
    "cps": {
      "score": 74.74,
      "trial_id": 119,
      "strategy": "Strategy_62_RSIAvgs",
      "parameters": {
        "rsi_period": 24,
        "ma_periods": [
          5,
          10,
          20
        ],
        "overbought": 51,
        "oversold": 30,
        "signal_threshold": 0.12523976238093493
      }
    },
    "cps_v2": {
      "score": 0.7416170370863241,
      "trial_id": 10,
      "strategy": "GridTradingStrategyV2Aggressive",
      "parameters": {
        "min_step_pct": 0.034635241335193856,
        "atr_mult": 1.656716449386351,
        "num_grids": 18,
        "trend_ema_fast": 50,
        "trend_ema_slow": 122,
        "sell_spacing_mult_bull": 1.1345567518897148,
        "buy_spacing_mult_bear": 1.0858860238471182,
        "recenter_threshold_pct": 0.22492491267494674,
        "recenter_dwell_bars": 10,
        "center_lookback": 39,
        "cooldown_bars": 6,
        "min_strength": 0.6133012582036083,
        "side_when_bear": 0,
        "min_edge_pct": 0.02433650811727541,
        "fee_pct": 0.0025,
        "slippage_pct": 0.01,
        "tol_buy_lo": 0.007784357273450176,
        "tol_buy_hi": 0.013114554458261317,
        "tol_sell_lo": 0.013214536351458452,
        "tol_sell_hi": 0.01664344433036787,
        "timeframe_minutes": 60,
        "breakout_window": 20,
        "breakout_slope_min": 0.003962446250902934,
        "strong_slope_min": 0.003339355473696134,
        "trail_atr_mult": 2.2715784502170315,
        "no_sell_above_ema_fast_in_bull": 1,
        "allow_bear_breakout_sell": 0
      }
    }
  }
}