{
  "next_trial_id": 201,
  "completed": 200,
  "total_requests": 200,
  "remaining_calls": 0,
  "best_scores": {
    "final_balance": {
      "score": 7803.6696738361825,
      "trial_id": 75,
      "strategy": "GridTradingStrategyV2Aggressive",
      "parameters": {
        "min_step_pct": 0.037355769082451876,
        "atr_mult": 1.4901308723984088,
        "num_grids": 18,
        "trend_ema_fast": 43,
        "trend_ema_slow": 190,
        "sell_spacing_mult_bull": 1.7149253881516007,
        "buy_spacing_mult_bear": 1.3259098186589835,
        "recenter_threshold_pct": 0.2144488896605537,
        "recenter_dwell_bars": 11,
        "center_lookback": 37,
        "cooldown_bars": 2,
        "min_strength": 0.7034337745816772,
        "side_when_bear": 1,
        "min_edge_pct": 0.020857711997067593,
        "fee_pct": 0.0025,
        "slippage_pct": 0.01,
        "tol_buy_lo": 0.01,
        "tol_buy_hi": 0.011371980022837971,
        "tol_sell_lo": 0.005,
        "tol_sell_hi": 0.009929930097875142,
        "timeframe_minutes": 60,
        "breakout_window": 20,
        "breakout_slope_min": 0.004837925100159297,
        "strong_slope_min": 0.005561337451874867,
        "trail_atr_mult": 3.1022759846090535,
        "no_sell_above_ema_fast_in_bull": 1,
        "allow_bear_breakout_sell": 0
      }
    },
    "profit_biased": {
      "score": 0.7291263877709807,
      "trial_id": 75,
      "strategy": "GridTradingStrategyV2Aggressive",
      "parameters": {
        "min_step_pct": 0.037355769082451876,
        "atr_mult": 1.4901308723984088,
        "num_grids": 18,
        "trend_ema_fast": 43,
        "trend_ema_slow": 190,
        "sell_spacing_mult_bull": 1.7149253881516007,
        "buy_spacing_mult_bear": 1.3259098186589835,
        "recenter_threshold_pct": 0.2144488896605537,
        "recenter_dwell_bars": 11,
        "center_lookback": 37,
        "cooldown_bars": 2,
        "min_strength": 0.7034337745816772,
        "side_when_bear": 1,
        "min_edge_pct": 0.020857711997067593,
        "fee_pct": 0.0025,
        "slippage_pct": 0.01,
        "tol_buy_lo": 0.01,
        "tol_buy_hi": 0.011371980022837971,
        "tol_sell_lo": 0.005,
        "tol_sell_hi": 0.009929930097875142,
        "timeframe_minutes": 60,
        "breakout_window": 20,
        "breakout_slope_min": 0.004837925100159297,
        "strong_slope_min": 0.005561337451874867,
        "trail_atr_mult": 3.1022759846090535,
        "no_sell_above_ema_fast_in_bull": 1,
        "allow_bear_breakout_sell": 0
      }
    },
    "cps_v2_profit_biased": {
      "score": 0.7291263877709807,
      "trial_id": 75,
      "strategy": "GridTradingStrategyV2Aggressive",
      "parameters": {
        "min_step_pct": 0.037355769082451876,
        "atr_mult": 1.4901308723984088,
        "num_grids": 18,
        "trend_ema_fast": 43,
        "trend_ema_slow": 190,
        "sell_spacing_mult_bull": 1.7149253881516007,
        "buy_spacing_mult_bear": 1.3259098186589835,
        "recenter_threshold_pct": 0.2144488896605537,
        "recenter_dwell_bars": 11,
        "center_lookback": 37,
        "cooldown_bars": 2,
        "min_strength": 0.7034337745816772,
        "side_when_bear": 1,
        "min_edge_pct": 0.020857711997067593,
        "fee_pct": 0.0025,
        "slippage_pct": 0.01,
        "tol_buy_lo": 0.01,
        "tol_buy_hi": 0.011371980022837971,
        "tol_sell_lo": 0.005,
        "tol_sell_hi": 0.009929930097875142,
        "timeframe_minutes": 60,
        "breakout_window": 20,
        "breakout_slope_min": 0.004837925100159297,
        "strong_slope_min": 0.005561337451874867,
        "trail_atr_mult": 3.1022759846090535,
        "no_sell_above_ema_fast_in_bull": 1,
        "allow_bear_breakout_sell": 0
      }
    },
    "mar": {
      "score": 6803669673.836182,
      "trial_id": 75,
      "strategy": "GridTradingStrategyV2Aggressive",
      "parameters": {
        "min_step_pct": 0.037355769082451876,
        "atr_mult": 1.4901308723984088,
        "num_grids": 18,
        "trend_ema_fast": 43,
        "trend_ema_slow": 190,
        "sell_spacing_mult_bull": 1.7149253881516007,
        "buy_spacing_mult_bear": 1.3259098186589835,
        "recenter_threshold_pct": 0.2144488896605537,
        "recenter_dwell_bars": 11,
        "center_lookback": 37,
        "cooldown_bars": 2,
        "min_strength": 0.7034337745816772,
        "side_when_bear": 1,
        "min_edge_pct": 0.020857711997067593,
        "fee_pct": 0.0025,
        "slippage_pct": 0.01,
        "tol_buy_lo": 0.01,
        "tol_buy_hi": 0.011371980022837971,
        "tol_sell_lo": 0.005,
        "tol_sell_hi": 0.009929930097875142,
        "timeframe_minutes": 60,
        "breakout_window": 20,
        "breakout_slope_min": 0.004837925100159297,
        "strong_slope_min": 0.005561337451874867,
        "trail_atr_mult": 3.1022759846090535,
        "no_sell_above_ema_fast_in_bull": 1,
        "allow_bear_breakout_sell": 0
      }
    },
    "utility": {
      "score": 2.7918928937677285,
      "trial_id": 75,
      "strategy": "GridTradingStrategyV2Aggressive",
      "parameters": {
        "min_step_pct": 0.037355769082451876,
        "atr_mult": 1.4901308723984088,
        "num_grids": 18,
        "trend_ema_fast": 43,
        "trend_ema_slow": 190,
        "sell_spacing_mult_bull": 1.7149253881516007,
        "buy_spacing_mult_bear": 1.3259098186589835,
        "recenter_threshold_pct": 0.2144488896605537,
        "recenter_dwell_bars": 11,
        "center_lookback": 37,
        "cooldown_bars": 2,
        "min_strength": 0.7034337745816772,
        "side_when_bear": 1,
        "min_edge_pct": 0.020857711997067593,
        "fee_pct": 0.0025,
        "slippage_pct": 0.01,
        "tol_buy_lo": 0.01,
        "tol_buy_hi": 0.011371980022837971,
        "tol_sell_lo": 0.005,
        "tol_sell_hi": 0.009929930097875142,
        "timeframe_minutes": 60,
        "breakout_window": 20,
        "breakout_slope_min": 0.004837925100159297,
        "strong_slope_min": 0.005561337451874867,
        "trail_atr_mult": 3.1022759846090535,
        "no_sell_above_ema_fast_in_bull": 1,
        "allow_bear_breakout_sell": 0
      }
    },
    "cps": {
      "score": 66.72,
      "trial_id": 54,
      "strategy": "Strategy_62_RSIAvgs",
      "parameters": {
        "rsi_period": 9,
        "ma_periods": [
          5,
          10,
          20
        ],
        "overbought": 47,
        "oversold": 18,
        "signal_threshold": 0.10791961819793694
      }
    },
    "cps_v2": {
      "score": 0.7291263877709807,
      "trial_id": 75,
      "strategy": "GridTradingStrategyV2Aggressive",
      "parameters": {
        "min_step_pct": 0.037355769082451876,
        "atr_mult": 1.4901308723984088,
        "num_grids": 18,
        "trend_ema_fast": 43,
        "trend_ema_slow": 190,
        "sell_spacing_mult_bull": 1.7149253881516007,
        "buy_spacing_mult_bear": 1.3259098186589835,
        "recenter_threshold_pct": 0.2144488896605537,
        "recenter_dwell_bars": 11,
        "center_lookback": 37,
        "cooldown_bars": 2,
        "min_strength": 0.7034337745816772,
        "side_when_bear": 1,
        "min_edge_pct": 0.020857711997067593,
        "fee_pct": 0.0025,
        "slippage_pct": 0.01,
        "tol_buy_lo": 0.01,
        "tol_buy_hi": 0.011371980022837971,
        "tol_sell_lo": 0.005,
        "tol_sell_hi": 0.009929930097875142,
        "timeframe_minutes": 60,
        "breakout_window": 20,
        "breakout_slope_min": 0.004837925100159297,
        "strong_slope_min": 0.005561337451874867,
        "trail_atr_mult": 3.1022759846090535,
        "no_sell_above_ema_fast_in_bull": 1,
        "allow_bear_breakout_sell": 0
      }
    }
  }
}