{
  "next_trial_id": 401,
  "completed": 400,
  "total_requests": 400,
  "remaining_calls": 0,
  "best_scores": {
    "final_balance": {
      "score": 10592.236936559932,
      "trial_id": 119,
      "strategy": "GridTradingStrategyV2Aggressive",
      "parameters": {
        "min_step_pct": 0.03495527453306696,
        "atr_mult": 1.0,
        "num_grids": 16,
        "trend_ema_fast": 50,
        "trend_ema_slow": 168,
        "sell_spacing_mult_bull": 1.630114857715438,
        "buy_spacing_mult_bear": 1.5255433958658116,
        "recenter_threshold_pct": 0.20844742388021398,
        "recenter_dwell_bars": 6,
        "center_lookback": 35,
        "cooldown_bars": 3,
        "min_strength": 0.6568567968300985,
        "side_when_bear": 1,
        "min_edge_pct": 0.018306768384138514,
        "fee_pct": 0.0025,
        "slippage_pct": 0.01,
        "tol_buy_lo": 0.014552134419710091,
        "tol_buy_hi": 0.016339328939156697,
        "tol_sell_lo": 0.016679742368728694,
        "tol_sell_hi": 0.011915433402973977,
        "timeframe_minutes": 60,
        "breakout_window": 16,
        "breakout_slope_min": 0.004214204813120708,
        "strong_slope_min": 0.0067499508599894766,
        "trail_atr_mult": 2.6506652978674303,
        "no_sell_above_ema_fast_in_bull": 0,
        "allow_bear_breakout_sell": 0
      }
    },
    "profit_biased": {
      "score": 0.7369059224746877,
      "trial_id": 304,
      "strategy": "GridTradingStrategyV2Aggressive",
      "parameters": {
        "min_step_pct": 0.03584902797665031,
        "atr_mult": 1.6020985421151241,
        "num_grids": 19,
        "trend_ema_fast": 73,
        "trend_ema_slow": 113,
        "sell_spacing_mult_bull": 1.3626399130186417,
        "buy_spacing_mult_bear": 1.3876136881600087,
        "recenter_threshold_pct": 0.12,
        "recenter_dwell_bars": 3,
        "center_lookback": 32,
        "cooldown_bars": 6,
        "min_strength": 0.55,
        "side_when_bear": 0,
        "min_edge_pct": 0.013916753621024819,
        "fee_pct": 0.0025,
        "slippage_pct": 0.01,
        "tol_buy_lo": 0.008305724558057524,
        "tol_buy_hi": 0.01459020273173775,
        "tol_sell_lo": 0.019312543700856416,
        "tol_sell_hi": 0.005937541772108864,
        "timeframe_minutes": 60,
        "breakout_window": 20,
        "breakout_slope_min": 0.0011083365466720402,
        "strong_slope_min": 0.004316598756892467,
        "trail_atr_mult": 2.4563102629494065,
        "no_sell_above_ema_fast_in_bull": 0,
        "allow_bear_breakout_sell": 0
      }
    },
    "cps_v2_profit_biased": {
      "score": 0.7369059224746877,
      "trial_id": 304,
      "strategy": "GridTradingStrategyV2Aggressive",
      "parameters": {
        "min_step_pct": 0.03584902797665031,
        "atr_mult": 1.6020985421151241,
        "num_grids": 19,
        "trend_ema_fast": 73,
        "trend_ema_slow": 113,
        "sell_spacing_mult_bull": 1.3626399130186417,
        "buy_spacing_mult_bear": 1.3876136881600087,
        "recenter_threshold_pct": 0.12,
        "recenter_dwell_bars": 3,
        "center_lookback": 32,
        "cooldown_bars": 6,
        "min_strength": 0.55,
        "side_when_bear": 0,
        "min_edge_pct": 0.013916753621024819,
        "fee_pct": 0.0025,
        "slippage_pct": 0.01,
        "tol_buy_lo": 0.008305724558057524,
        "tol_buy_hi": 0.01459020273173775,
        "tol_sell_lo": 0.019312543700856416,
        "tol_sell_hi": 0.005937541772108864,
        "timeframe_minutes": 60,
        "breakout_window": 20,
        "breakout_slope_min": 0.0011083365466720402,
        "strong_slope_min": 0.004316598756892467,
        "trail_atr_mult": 2.4563102629494065,
        "no_sell_above_ema_fast_in_bull": 0,
        "allow_bear_breakout_sell": 0
      }
    },
    "mar": {
      "score": 9592236936.55993,
      "trial_id": 119,
      "strategy": "GridTradingStrategyV2Aggressive",
      "parameters": {
        "min_step_pct": 0.03495527453306696,
        "atr_mult": 1.0,
        "num_grids": 16,
        "trend_ema_fast": 50,
        "trend_ema_slow": 168,
        "sell_spacing_mult_bull": 1.630114857715438,
        "buy_spacing_mult_bear": 1.5255433958658116,
        "recenter_threshold_pct": 0.20844742388021398,
        "recenter_dwell_bars": 6,
        "center_lookback": 35,
        "cooldown_bars": 3,
        "min_strength": 0.6568567968300985,
        "side_when_bear": 1,
        "min_edge_pct": 0.018306768384138514,
        "fee_pct": 0.0025,
        "slippage_pct": 0.01,
        "tol_buy_lo": 0.014552134419710091,
        "tol_buy_hi": 0.016339328939156697,
        "tol_sell_lo": 0.016679742368728694,
        "tol_sell_hi": 0.011915433402973977,
        "timeframe_minutes": 60,
        "breakout_window": 16,
        "breakout_slope_min": 0.004214204813120708,
        "strong_slope_min": 0.0067499508599894766,
        "trail_atr_mult": 2.6506652978674303,
        "no_sell_above_ema_fast_in_bull": 0,
        "allow_bear_breakout_sell": 0
      }
    },
    "utility": {
      "score": 4.091325438818507,
      "trial_id": 119,
      "strategy": "GridTradingStrategyV2Aggressive",
      "parameters": {
        "min_step_pct": 0.03495527453306696,
        "atr_mult": 1.0,
        "num_grids": 16,
        "trend_ema_fast": 50,
        "trend_ema_slow": 168,
        "sell_spacing_mult_bull": 1.630114857715438,
        "buy_spacing_mult_bear": 1.5255433958658116,
        "recenter_threshold_pct": 0.20844742388021398,
        "recenter_dwell_bars": 6,
        "center_lookback": 35,
        "cooldown_bars": 3,
        "min_strength": 0.6568567968300985,
        "side_when_bear": 1,
        "min_edge_pct": 0.018306768384138514,
        "fee_pct": 0.0025,
        "slippage_pct": 0.01,
        "tol_buy_lo": 0.014552134419710091,
        "tol_buy_hi": 0.016339328939156697,
        "tol_sell_lo": 0.016679742368728694,
        "tol_sell_hi": 0.011915433402973977,
        "timeframe_minutes": 60,
        "breakout_window": 16,
        "breakout_slope_min": 0.004214204813120708,
        "strong_slope_min": 0.0067499508599894766,
        "trail_atr_mult": 2.6506652978674303,
        "no_sell_above_ema_fast_in_bull": 0,
        "allow_bear_breakout_sell": 0
      }
    },
    "cps": {
      "score": 70.0,
      "trial_id": 24,
      "strategy": "GridTradingStrategyV2Aggressive",
      "parameters": {
        "min_step_pct": 0.030448051429428854,
        "atr_mult": 0.9178971793939372,
        "num_grids": 19,
        "trend_ema_fast": 24,
        "trend_ema_slow": 128,
        "sell_spacing_mult_bull": 1.6388877433976412,
        "buy_spacing_mult_bear": 1.7189397021058679,
        "recenter_threshold_pct": 0.1876176110306791,
        "recenter_dwell_bars": 6,
        "center_lookback": 33,
        "cooldown_bars": 4,
        "min_strength": 0.6143052862872403,
        "side_when_bear": 1,
        "min_edge_pct": 0.010721267499464266,
        "fee_pct": 0.0025,
        "slippage_pct": 0.01,
        "tol_buy_lo": 0.009954098847673322,
        "tol_buy_hi": 0.005863756416336325,
        "tol_sell_lo": 0.014193332195647938,
        "tol_sell_hi": 0.016491382825596774,
        "timeframe_minutes": 60,
        "breakout_window": 13,
        "breakout_slope_min": 0.00034550187612442476,
        "strong_slope_min": 0.005004434577132788,
        "trail_atr_mult": 2.4447700680600426,
        "no_sell_above_ema_fast_in_bull": 1,
        "allow_bear_breakout_sell": 0
      }
    },
    "cps_v2": {
      "score": 0.7369059224746877,
      "trial_id": 304,
      "strategy": "GridTradingStrategyV2Aggressive",
      "parameters": {
        "min_step_pct": 0.03584902797665031,
        "atr_mult": 1.6020985421151241,
        "num_grids": 19,
        "trend_ema_fast": 73,
        "trend_ema_slow": 113,
        "sell_spacing_mult_bull": 1.3626399130186417,
        "buy_spacing_mult_bear": 1.3876136881600087,
        "recenter_threshold_pct": 0.12,
        "recenter_dwell_bars": 3,
        "center_lookback": 32,