{
  "next_trial_id": 201,
  "completed": 200,
  "total_requests": 200,
  "remaining_calls": 0,
  "best_scores": {
    "final_balance": {
      "score": 10393.735288184655,
      "trial_id": 93,
      "strategy": "GridTradingStrategyV2Aggressive",
      "parameters": {
        "min_step_pct": 0.036618191476202454,
        "atr_mult": 1.336671616457107,
        "num_grids": 16,
        "trend_ema_fast": 43,
        "trend_ema_slow": 187,
        "sell_spacing_mult_bull": 1.7475958540683036,
        "buy_spacing_mult_bear": 1.6378685887295121,
        "recenter_threshold_pct": 0.2435071633279473,
        "recenter_dwell_bars": 6,
        "center_lookback": 22,
        "cooldown_bars": 0,
        "min_strength": 0.7372936226643397,
        "side_when_bear": 0,
        "min_edge_pct": 0.014011988398864236,
        "fee_pct": 0.0025,
        "slippage_pct": 0.01,
        "tol_buy_lo": 0.006350482351543437,
        "tol_buy_hi": 0.015838777696309557,
        "tol_sell_lo": 0.017636481288502287,
        "tol_sell_hi": 0.0059900087223044626,
        "timeframe_minutes": 60,
        "breakout_window": 34,
        "breakout_slope_min": 0.004352723139256351,
        "strong_slope_min": 0.005192985257916767,
        "trail_atr_mult": 3.139980084197935,
        "no_sell_above_ema_fast_in_bull": 1,
        "allow_bear_breakout_sell": 0
      }
    },
    "profit_biased": {
      "score": 0.7376530470752232,
      "trial_id": 93,
      "strategy": "GridTradingStrategyV2Aggressive",
      "parameters": {
        "min_step_pct": 0.036618191476202454,
        "atr_mult": 1.336671616457107,
        "num_grids": 16,
        "trend_ema_fast": 43,
        "trend_ema_slow": 187,
        "sell_spacing_mult_bull": 1.7475958540683036,
        "buy_spacing_mult_bear": 1.6378685887295121,
        "recenter_threshold_pct": 0.2435071633279473,
        "recenter_dwell_bars": 6,
        "center_lookback": 22,
        "cooldown_bars": 0,
        "min_strength": 0.7372936226643397,
        "side_when_bear": 0,
        "min_edge_pct": 0.014011988398864236,
        "fee_pct": 0.0025,
        "slippage_pct": 0.01,
        "tol_buy_lo": 0.006350482351543437,
        "tol_buy_hi": 0.015838777696309557,
        "tol_sell_lo": 0.017636481288502287,
        "tol_sell_hi": 0.0059900087223044626,
        "timeframe_minutes": 60,
        "breakout_window": 34,
        "breakout_slope_min": 0.004352723139256351,
        "strong_slope_min": 0.005192985257916767,
        "trail_atr_mult": 3.139980084197935,
        "no_sell_above_ema_fast_in_bull": 1,
        "allow_bear_breakout_sell": 0
      }
    },
    "cps_v2_profit_biased": {
      "score": 0.7376530470752232,
      "trial_id": 93,
      "strategy": "GridTradingStrategyV2Aggressive",
      "parameters": {
        "min_step_pct": 0.036618191476202454,
        "atr_mult": 1.336671616457107,
        "num_grids": 16,
        "trend_ema_fast": 43,
        "trend_ema_slow": 187,
        "sell_spacing_mult_bull": 1.7475958540683036,
        "buy_spacing_mult_bear": 1.6378685887295121,
        "recenter_threshold_pct": 0.2435071633279473,
        "recenter_dwell_bars": 6,
        "center_lookback": 22,
        "cooldown_bars": 0,
        "min_strength": 0.7372936226643397,
        "side_when_bear": 0,
        "min_edge_pct": 0.014011988398864236,
        "fee_pct": 0.0025,
        "slippage_pct": 0.01,
        "tol_buy_lo": 0.006350482351543437,
        "tol_buy_hi": 0.015838777696309557,
        "tol_sell_lo": 0.017636481288502287,
        "tol_sell_hi": 0.0059900087223044626,
        "timeframe_minutes": 60,
        "breakout_window": 34,
        "breakout_slope_min": 0.004352723139256351,
        "strong_slope_min": 0.005192985257916767,
        "trail_atr_mult": 3.139980084197935,
        "no_sell_above_ema_fast_in_bull": 1,
        "allow_bear_breakout_sell": 0
      }
    },
    "mar": {
      "score": 9393735288.184654,
      "trial_id": 93,
      "strategy": "GridTradingStrategyV2Aggressive",
      "parameters": {
        "min_step_pct": 0.036618191476202454,
        "atr_mult": 1.336671616457107,
        "num_grids": 16,
        "trend_ema_fast": 43,
        "trend_ema_slow": 187,
        "sell_spacing_mult_bull": 1.7475958540683036,
        "buy_spacing_mult_bear": 1.6378685887295121,
        "recenter_threshold_pct": 0.2435071633279473,
        "recenter_dwell_bars": 6,
        "center_lookback": 22,
        "cooldown_bars": 0,
        "min_strength": 0.7372936226643397,
        "side_when_bear": 0,
        "min_edge_pct": 0.014011988398864236,
        "fee_pct": 0.0025,
        "slippage_pct": 0.01,
        "tol_buy_lo": 0.006350482351543437,
        "tol_buy_hi": 0.015838777696309557,
        "tol_sell_lo": 0.017636481288502287,
        "tol_sell_hi": 0.0059900087223044626,
        "timeframe_minutes": 60,
        "breakout_window": 34,
        "breakout_slope_min": 0.004352723139256351,
        "strong_slope_min": 0.005192985257916767,
        "trail_atr_mult": 3.139980084197935,
        "no_sell_above_ema_fast_in_bull": 1,
        "allow_bear_breakout_sell": 0
      }
    },
    "utility": {
      "score": 4.068782052025376,
      "trial_id": 93,
      "strategy": "GridTradingStrategyV2Aggressive",
      "parameters": {
        "min_step_pct": 0.036618191476202454,
        "atr_mult": 1.336671616457107,
        "num_grids": 16,
        "trend_ema_fast": 43,
        "trend_ema_slow": 187,
        "sell_spacing_mult_bull": 1.7475958540683036,
        "buy_spacing_mult_bear": 1.6378685887295121,
        "recenter_threshold_pct": 0.2435071633279473,
        "recenter_dwell_bars": 6,
        "center_lookback": 22,
        "cooldown_bars": 0,
        "min_strength": 0.7372936226643397,
        "side_when_bear": 0,
        "min_edge_pct": 0.014011988398864236,
        "fee_pct": 0.0025,
        "slippage_pct": 0.01,
        "tol_buy_lo": 0.006350482351543437,
        "tol_buy_hi": 0.015838777696309557,
        "tol_sell_lo": 0.017636481288502287,
        "tol_sell_hi": 0.0059900087223044626,
        "timeframe_minutes": 60,
        "breakout_window": 34,
        "breakout_slope_min": 0.004352723139256351,
        "strong_slope_min": 0.005192985257916767,
        "trail_atr_mult": 3.139980084197935,
        "no_sell_above_ema_fast_in_bull": 1,
        "allow_bear_breakout_sell": 0
      }
    },
    "cps": {
      "score": 70.0,
      "trial_id": 93,
      "strategy": "GridTradingStrategyV2Aggressive",
      "parameters": {
        "min_step_pct": 0.036618191476202454,
        "atr_mult": 1.336671616457107,
        "num_grids": 16,
        "trend_ema_fast": 43,
        "trend_ema_slow": 187,
        "sell_spacing_mult_bull": 1.7475958540683036,
        "buy_spacing_mult_bear": 1.6378685887295121,
        "recenter_threshold_pct": 0.2435071633279473,
        "recenter_dwell_bars": 6,
        "center_lookback": 22,
        "cooldown_bars": 0,
        "min_strength": 0.7372936226643397,
        "side_when_bear": 0,
        "min_edge_pct": 0.014011988398864236,
        "fee_pct": 0.0025,
        "slippage_pct": 0.01,
        "tol_buy_lo": 0.006350482351543437,
        "tol_buy_hi": 0.015838777696309557,
        "tol_sell_lo": 0.017636481288502287,
        "tol_sell_hi": 0.0059900087223044626,
        "timeframe_minutes": 60,
        "breakout_window": 34,
        "breakout_slope_min": 0.004352723139256351,
        "strong_slope_min": 0.005192985257916767,
        "trail_atr_mult": 3.139980084197935,
        "no_sell_above_ema_fast_in_bull": 1,
        "allow_bear_breakout_sell": 0
      }
    },
    "cps_v2": {
      "score": 0.7376530470752232,
      "trial_id": 93,
      "strategy": "GridTradingStrategyV2Aggressive",
      "parameters": {
        "min_step_pct": 0.036618191476202454,
        "atr_mult": 1.336671616457107,
        "num_grids": 16,
        "trend_ema_fast": 43,
        "trend_ema_slow": 187,
        "sell_spacing_mult_bull": 1.7475958540683036,
        "buy_spacing_mult_bear": 1.6378685887295121,