{
  "next_trial_id": 401,
  "completed": 400,
  "total_requests": 400,
  "remaining_calls": 0,
  "best_scores": {
    "final_balance": {
      "score": 2135.8812313714916,
      "trial_id": 162,
      "strategy": "CSMARevertStrategy",
      "parameters": {
        "n_sma": 565,
        "entry_drop": 0.25,
        "exit_up": 0.21128241887429022,
        "rsi_period": 42,
        "rsi_max": 20.982524451506997,
        "timeframe_minutes": 5
      }
    },
    "profit_biased": {
      "score": 0.8868324526321089,
      "trial_id": 279,
      "strategy": "GridTradingStrategyV2Aggressive",
      "parameters": {
        "min_step_pct": 0.020464384069260273,
        "atr_mult": 0.6401424192574195,
        "num_grids": 6,
        "trend_ema_fast": 30,
        "trend_ema_slow": 111,
        "sell_spacing_mult_bull": 1.748806829347794,
        "buy_spacing_mult_bear": 1.059652618440291,
        "recenter_threshold_pct": 0.12638060394515455,
        "recenter_dwell_bars": 15,
        "center_lookback": 23,
        "cooldown_bars": 2,
        "min_strength": 0.7478698306464717,
        "side_when_bear": 2,
        "min_edge_pct": 0.019447754227431762,
        "fee_pct": 0.0025,
        "slippage_pct": 0.01,
        "tol_buy_lo": 0.014282425706530447,
        "tol_buy_hi": 0.012551956894187971,
        "tol_sell_lo": 0.006852642557920256,
        "tol_sell_hi": 0.015659068726161168,
        "timeframe_minutes": 60,
        "breakout_window": 20,
        "breakout_slope_min": 0.0015505471567214054,
        "strong_slope_min": 0.009367776577455203,
        "trail_atr_mult": 2.0,
        "no_sell_above_ema_fast_in_bull": 1,
        "allow_bear_breakout_sell": 0
      }
    },
    "cps_v2_profit_biased": {
      "score": 0.8868324526321089,
      "trial_id": 279,
      "strategy": "GridTradingStrategyV2Aggressive",
      "parameters": {
        "min_step_pct": 0.020464384069260273,
        "atr_mult": 0.6401424192574195,
        "num_grids": 6,
        "trend_ema_fast": 30,
        "trend_ema_slow": 111,
        "sell_spacing_mult_bull": 1.748806829347794,
        "buy_spacing_mult_bear": 1.059652618440291,
        "recenter_threshold_pct": 0.12638060394515455,
        "recenter_dwell_bars": 15,
        "center_lookback": 23,
        "cooldown_bars": 2,
        "min_strength": 0.7478698306464717,
        "side_when_bear": 2,
        "min_edge_pct": 0.019447754227431762,
        "fee_pct": 0.0025,
        "slippage_pct": 0.01,
        "tol_buy_lo": 0.014282425706530447,
        "tol_buy_hi": 0.012551956894187971,
        "tol_sell_lo": 0.006852642557920256,
        "tol_sell_hi": 0.015659068726161168,
        "timeframe_minutes": 60,
        "breakout_window": 20,
        "breakout_slope_min": 0.0015505471567214054,
        "strong_slope_min": 0.009367776577455203,
        "trail_atr_mult": 2.0,
        "no_sell_above_ema_fast_in_bull": 1,
        "allow_bear_breakout_sell": 0
      }
    },
    "mar": {
      "score": 1135881231.3714917,
      "trial_id": 162,
      "strategy": "CSMARevertStrategy",
      "parameters": {
        "n_sma": 565,
        "entry_drop": 0.25,
        "exit_up": 0.21128241887429022,
        "rsi_period": 42,
        "rsi_max": 20.982524451506997,
        "timeframe_minutes": 5
      }
    },
    "utility": {
      "score": 0.42266679884292235,
      "trial_id": 83,
      "strategy": "Strategy_62_RSIAvgs",
      "parameters": {
        "rsi_period": 28,
        "ma_periods": [
          5,
          10,
          20
        ],
        "overbought": 55,
        "oversold": 27,
        "signal_threshold": 0.5480870978625437
      }
    },
    "cps": {
      "score": 80.5,
      "trial_id": 108,
      "strategy": "Strategy_62_RSIAvgs",
      "parameters": {
        "rsi_period": 14,
        "ma_periods": [
          5,
          10,
          20
        ],
        "overbought": 70,
        "oversold": 15,
        "signal_threshold": 0.40291350852320207
      }
    },
    "cps_v2": {
      "score": 0.8868324526321089,
      "trial_id": 279,
      "strategy": "GridTradingStrategyV2Aggressive",
      "parameters": {
        "min_step_pct": 0.020464384069260273,
        "atr_mult": 0.6401424192574195,
        "num_grids": 6,
        "trend_ema_fast": 30,
        "trend_ema_slow": 111,
        "sell_spacing_mult_bull": 1.748806829347794,
        "buy_spacing_mult_bear": 1.059652618440291,
        "recenter_threshold_pct": 0.12638060394515455,
        "recenter_dwell_bars": 15,
        "center_lookback": 23,
        "cooldown_bars": 2,
        "min_strength": 0.7478698306464717,
        "side_when_bear": 2,
        "min_edge_pct": 0.019447754227431762,
        "fee_pct": 0.0025,
        "slippage_pct": 0.01,
        "tol_buy_lo": 0.014282425706530447,
        "tol_buy_hi": 0.012551956894187971,
        "tol_sell_lo": 0.006852642557920256,
        "tol_sell_hi": 0.015659068726161168,
        "timeframe_minutes": 60,
        "breakout_window": 20,
        "breakout_slope_min": 0.0015505471567214054,
        "strong_slope_min": 0.009367776577455203,
        "trail_atr_mult": 2.0,
        "no_sell_above_ema_fast_in_bull": 1,
        "allow_bear_breakout_sell": 0
      }
    }
  }
}