{
  "next_trial_id": 401,
  "completed": 400,
  "total_requests": 400,
  "remaining_calls": 0,
  "best_scores": {
    "final_balance": {
      "score": 1247.6547454036076,
      "trial_id": 300,
      "strategy": "DonchianChampionAggressiveStrategy",
      "parameters": {
        "entry_days": 10.921427572367227,
        "exit_days": 1.1482378396533717,
        "ema_exit_days": 2.789554695029717,
        "trailing_drawdown_pct": 0.6839699754234323,
        "timeframe_minutes": 5
      }
    },
    "profit_biased": {
      "score": 0.9255826291621582,
      "trial_id": 99,
      "strategy": "GridTradingStrategyV2Aggressive",
      "parameters": {
        "min_step_pct": 0.038816168427362505,
        "atr_mult": 0.6036145361671448,
        "num_grids": 9,
        "trend_ema_fast": 52,
        "trend_ema_slow": 200,
        "sell_spacing_mult_bull": 1.3,
        "buy_spacing_mult_bear": 1.4063828431180292,
        "recenter_threshold_pct": 0.16587950457902803,
        "recenter_dwell_bars": 8,
        "center_lookback": 12,
        "cooldown_bars": 2,
        "min_strength": 0.6807294790965991,
        "side_when_bear": 0,
        "min_edge_pct": 0.024578852134213045,
        "fee_pct": 0.0025,
        "slippage_pct": 0.01,
        "tol_buy_lo": 0.012100542690440733,
        "tol_buy_hi": 0.019920605709095637,
        "tol_sell_lo": 0.0038804277336191503,
        "tol_sell_hi": 0.005164210817488953,
        "timeframe_minutes": 60,
        "breakout_window": 61,
        "breakout_slope_min": 0.0005,
        "strong_slope_min": 0.005759257460083777,
        "trail_atr_mult": 3.238973555475292,
        "no_sell_above_ema_fast_in_bull": 1,
        "allow_bear_breakout_sell": 0
      }
    },
    "cps_v2_profit_biased": {
      "score": 0.9255826291621582,
      "trial_id": 99,
      "strategy": "GridTradingStrategyV2Aggressive",
      "parameters": {
        "min_step_pct": 0.038816168427362505,
        "atr_mult": 0.6036145361671448,
        "num_grids": 9,
        "trend_ema_fast": 52,
        "trend_ema_slow": 200,
        "sell_spacing_mult_bull": 1.3,
        "buy_spacing_mult_bear": 1.4063828431180292,
        "recenter_threshold_pct": 0.16587950457902803,
        "recenter_dwell_bars": 8,
        "center_lookback": 12,
        "cooldown_bars": 2,
        "min_strength": 0.6807294790965991,
        "side_when_bear": 0,
        "min_edge_pct": 0.024578852134213045,
        "fee_pct": 0.0025,
        "slippage_pct": 0.01,
        "tol_buy_lo": 0.012100542690440733,
        "tol_buy_hi": 0.019920605709095637,
        "tol_sell_lo": 0.0038804277336191503,
        "tol_sell_hi": 0.005164210817488953,
        "timeframe_minutes": 60,
        "breakout_window": 61,
        "breakout_slope_min": 0.0005,
        "strong_slope_min": 0.005759257460083777,
        "trail_atr_mult": 3.238973555475292,
        "no_sell_above_ema_fast_in_bull": 1,
        "allow_bear_breakout_sell": 0
      }
    },
    "mar": {
      "score": 247654745.40360755,
      "trial_id": 300,
      "strategy": "DonchianChampionAggressiveStrategy",
      "parameters": {
        "entry_days": 10.921427572367227,
        "exit_days": 1.1482378396533717,
        "ema_exit_days": 2.789554695029717,
        "trailing_drawdown_pct": 0.6839699754234323,
        "timeframe_minutes": 5
      }
    },
    "utility": {
      "score": 0.08847910358116241,
      "trial_id": 300,
      "strategy": "DonchianChampionAggressiveStrategy",
      "parameters": {
        "entry_days": 10.921427572367227,
        "exit_days": 1.1482378396533717,
        "ema_exit_days": 2.789554695029717,
        "trailing_drawdown_pct": 0.6839699754234323,
        "timeframe_minutes": 5
      }
    },
    "cps": {
      "score": 90.5,
      "trial_id": 59,
      "strategy": "GridTradingStrategyV2Aggressive",
      "parameters": {
        "min_step_pct": 0.03845888818691273,
        "atr_mult": 1.0,
        "num_grids": 18,
        "trend_ema_fast": 62,
        "trend_ema_slow": 187,
        "sell_spacing_mult_bull": 1.7470932963093089,
        "buy_spacing_mult_bear": 1.2,
        "recenter_threshold_pct": 0.12448925386839528,
        "recenter_dwell_bars": 3,
        "center_lookback": 11,
        "cooldown_bars": 2,
        "min_strength": 0.55,
        "side_when_bear": 0,
        "min_edge_pct": 0.020143147118738325,
        "fee_pct": 0.0025,
        "slippage_pct": 0.01,
        "tol_buy_lo": 0.01795629311003717,
        "tol_buy_hi": 0.01804651733056399,
        "tol_sell_lo": 0.014974708238777255,
        "tol_sell_hi": 0.0058415083363569905,
        "timeframe_minutes": 60,
        "breakout_window": 47,
        "breakout_slope_min": 0.002382701779097069,
        "strong_slope_min": 0.005441617740243964,
        "trail_atr_mult": 2.208857293838461,
        "no_sell_above_ema_fast_in_bull": 1,
        "allow_bear_breakout_sell": 0
      }
    },
    "cps_v2": {
      "score": 0.9255826291621582,
      "trial_id": 99,
      "strategy": "GridTradingStrategyV2Aggressive",
      "parameters": {
        "min_step_pct": 0.038816168427362505,
        "atr_mult": 0.6036145361671448,
        "num_grids": 9,
        "trend_ema_fast": 52,
        "trend_ema_slow": 200,
        "sell_spacing_mult_bull": 1.3,
        "buy_spacing_mult_bear": 1.4063828431180292,
        "recenter_threshold_pct": 0.16587950457902803,
        "recenter_dwell_bars": 8,
        "center_lookback": 12,
        "cooldown_bars": 2,
        "min_strength": 0.6807294790965991,
        "side_when_bear": 0,
        "min_edge_pct": 0.024578852134213045,
        "fee_pct": 0.0025,
        "slippage_pct": 0.01,
        "tol_buy_lo": 0.012100542690440733,
        "tol_buy_hi": 0.019920605709095637,
        "tol_sell_lo": 0.0038804277336191503,
        "tol_sell_hi": 0.005164210817488953,
        "timeframe_minutes": 60,
        "breakout_window": 61,
        "breakout_slope_min": 0.0005,
        "strong_slope_min": 0.005759257460083777,
        "trail_atr_mult": 3.238973555475292,
        "no_sell_above_ema_fast_in_bull": 1,
        "allow_bear_breakout_sell": 0
      }
    }
  }
}