{
  "next_trial_id": 201,
  "completed": 200,
  "total_requests": 200,
  "remaining_calls": 0,
  "best_scores": {
    "final_balance": {
      "score": 2746.94586925223,
      "trial_id": 173,
      "strategy": "GridTradingStrategyV2Aggressive",
      "parameters": {
        "min_step_pct": 0.024075386581858864,
        "atr_mult": 1.3276112373020994,
        "num_grids": 19,
        "trend_ema_fast": 50,
        "trend_ema_slow": 156,
        "sell_spacing_mult_bull": 1.7862456006571439,
        "buy_spacing_mult_bear": 1.619284504762759,
        "recenter_threshold_pct": 0.23207331489792543,
        "recenter_dwell_bars": 15,
        "center_lookback": 20,
        "cooldown_bars": 6,
        "min_strength": 0.5031569876841289,
        "side_when_bear": 1,
        "min_edge_pct": 0.024335380848181355,
        "fee_pct": 0.0025,
        "slippage_pct": 0.01,
        "tol_buy_lo": 0.009199162692653848,
        "tol_buy_hi": 0.016373213618629784,
        "tol_sell_lo": 0.004383632703915674,
        "tol_sell_hi": 0.017488393054057343,
        "timeframe_minutes": 60,
        "breakout_window": 20,
        "breakout_slope_min": 0.0030957455899656267,
        "strong_slope_min": 0.001,
        "trail_atr_mult": 3.105655489382121,
        "no_sell_above_ema_fast_in_bull": 0,
        "allow_bear_breakout_sell": 0
      }
    },
    "profit_biased": {
      "score": 0.6923931449209865,
      "trial_id": 173,
      "strategy": "GridTradingStrategyV2Aggressive",
      "parameters": {
        "min_step_pct": 0.024075386581858864,
        "atr_mult": 1.3276112373020994,
        "num_grids": 19,
        "trend_ema_fast": 50,
        "trend_ema_slow": 156,
        "sell_spacing_mult_bull": 1.7862456006571439,
        "buy_spacing_mult_bear": 1.619284504762759,
        "recenter_threshold_pct": 0.23207331489792543,
        "recenter_dwell_bars": 15,
        "center_lookback": 20,
        "cooldown_bars": 6,
        "min_strength": 0.5031569876841289,
        "side_when_bear": 1,
        "min_edge_pct": 0.024335380848181355,
        "fee_pct": 0.0025,
        "slippage_pct": 0.01,
        "tol_buy_lo": 0.009199162692653848,
        "tol_buy_hi": 0.016373213618629784,
        "tol_sell_lo": 0.004383632703915674,
        "tol_sell_hi": 0.017488393054057343,
        "timeframe_minutes": 60,
        "breakout_window": 20,
        "breakout_slope_min": 0.0030957455899656267,
        "strong_slope_min": 0.001,
        "trail_atr_mult": 3.105655489382121,
        "no_sell_above_ema_fast_in_bull": 0,
        "allow_bear_breakout_sell": 0
      }
    },
    "cps_v2_profit_biased": {
      "score": 0.6923931449209865,
      "trial_id": 173,
      "strategy": "GridTradingStrategyV2Aggressive",
      "parameters": {
        "min_step_pct": 0.024075386581858864,
        "atr_mult": 1.3276112373020994,
        "num_grids": 19,
        "trend_ema_fast": 50,
        "trend_ema_slow": 156,
        "sell_spacing_mult_bull": 1.7862456006571439,
        "buy_spacing_mult_bear": 1.619284504762759,
        "recenter_threshold_pct": 0.23207331489792543,
        "recenter_dwell_bars": 15,
        "center_lookback": 20,
        "cooldown_bars": 6,
        "min_strength": 0.5031569876841289,
        "side_when_bear": 1,
        "min_edge_pct": 0.024335380848181355,
        "fee_pct": 0.0025,
        "slippage_pct": 0.01,
        "tol_buy_lo": 0.009199162692653848,
        "tol_buy_hi": 0.016373213618629784,
        "tol_sell_lo": 0.004383632703915674,
        "tol_sell_hi": 0.017488393054057343,
        "timeframe_minutes": 60,
        "breakout_window": 20,
        "breakout_slope_min": 0.0030957455899656267,
        "strong_slope_min": 0.001,
        "trail_atr_mult": 3.105655489382121,
        "no_sell_above_ema_fast_in_bull": 0,
        "allow_bear_breakout_sell": 0
      }
    },
    "mar": {
      "score": 1746945869.2522302,
      "trial_id": 173,
      "strategy": "GridTradingStrategyV2Aggressive",
      "parameters": {
        "min_step_pct": 0.024075386581858864,
        "atr_mult": 1.3276112373020994,
        "num_grids": 19,
        "trend_ema_fast": 50,
        "trend_ema_slow": 156,
        "sell_spacing_mult_bull": 1.7862456006571439,
        "buy_spacing_mult_bear": 1.619284504762759,
        "recenter_threshold_pct": 0.23207331489792543,
        "recenter_dwell_bars": 15,
        "center_lookback": 20,
        "cooldown_bars": 6,
        "min_strength": 0.5031569876841289,
        "side_when_bear": 1,
        "min_edge_pct": 0.024335380848181355,
        "fee_pct": 0.0025,
        "slippage_pct": 0.01,
        "tol_buy_lo": 0.009199162692653848,
        "tol_buy_hi": 0.016373213618629784,
        "tol_sell_lo": 0.004383632703915674,
        "tol_sell_hi": 0.017488393054057343,
        "timeframe_minutes": 60,
        "breakout_window": 20,
        "breakout_slope_min": 0.0030957455899656267,
        "strong_slope_min": 0.001,
        "trail_atr_mult": 3.105655489382121,
        "no_sell_above_ema_fast_in_bull": 0,
        "allow_bear_breakout_sell": 0
      }
    },
    "utility": {
      "score": 0.7171291708731042,
      "trial_id": 173,
      "strategy": "GridTradingStrategyV2Aggressive",
      "parameters": {
        "min_step_pct": 0.024075386581858864,
        "atr_mult": 1.3276112373020994,
        "num_grids": 19,
        "trend_ema_fast": 50,
        "trend_ema_slow": 156,
        "sell_spacing_mult_bull": 1.7862456006571439,
        "buy_spacing_mult_bear": 1.619284504762759,
        "recenter_threshold_pct": 0.23207331489792543,
        "recenter_dwell_bars": 15,
        "center_lookback": 20,
        "cooldown_bars": 6,
        "min_strength": 0.5031569876841289,
        "side_when_bear": 1,
        "min_edge_pct": 0.024335380848181355,
        "fee_pct": 0.0025,
        "slippage_pct": 0.01,
        "tol_buy_lo": 0.009199162692653848,
        "tol_buy_hi": 0.016373213618629784,
        "tol_sell_lo": 0.004383632703915674,
        "tol_sell_hi": 0.017488393054057343,
        "timeframe_minutes": 60,
        "breakout_window": 20,
        "breakout_slope_min": 0.0030957455899656267,
        "strong_slope_min": 0.001,
        "trail_atr_mult": 3.105655489382121,
        "no_sell_above_ema_fast_in_bull": 0,
        "allow_bear_breakout_sell": 0
      }
    },
    "cps": {
      "score": 68.5,
      "trial_id": 48,
      "strategy": "GridTradingStrategyV2Aggressive",
      "parameters": {
        "min_step_pct": 0.01800657738948215,
        "atr_mult": 0.610038131863876,
        "num_grids": 6,
        "trend_ema_fast": 30,
        "trend_ema_slow": 200,
        "sell_spacing_mult_bull": 1.3,
        "buy_spacing_mult_bear": 1.7287572428502402,
        "recenter_threshold_pct": 0.18367419877357544,
        "recenter_dwell_bars": 5,
        "center_lookback": 12,
        "cooldown_bars": 4,
        "min_strength": 0.5398277756809161,
        "side_when_bear": 2,
        "min_edge_pct": 0.010058554391304757,
        "fee_pct": 0.0025,
        "slippage_pct": 0.01,
        "tol_buy_lo": 0.01496098931678565,
        "tol_buy_hi": 0.005789535438151068,
        "tol_sell_lo": 0.005,
        "tol_sell_hi": 0.01,
        "timeframe_minutes": 60,
        "breakout_window": 12,
        "breakout_slope_min": 0.0014703689194524648,
        "strong_slope_min": 0.0030112633957873596,
        "trail_atr_mult": 1.823323115754149,
        "no_sell_above_ema_fast_in_bull": 0,
        "allow_bear_breakout_sell": 1
      }
    },
    "cps_v2": {
      "score": 0.6923931449209865,
      "trial_id": 173,
      "strategy": "GridTradingStrategyV2Aggressive",
      "parameters": {
        "min_step_pct": 0.024075386581858864,
        "atr_mult": 1.3276112373020994,
        "num_grids": 19,
        "trend_ema_fast": 50,
        "trend_ema_slow": 156,
        "sell_spacing_mult_bull": 1.7862456006571439,
        "buy_spacing_mult_bear": 1.619284504762759,
        "recenter_threshold_pct": 0.23207331489792543,
        "recenter_dwell_bars": 15,
        "center_lookback": 20,