{
  "next_trial_id": 201,
  "completed": 200,
  "total_requests": 200,
  "remaining_calls": 0,
  "best_scores": {
    "final_balance": {
      "score": 1521.3386201864348,
      "trial_id": 47,
      "strategy": "CSMARevertStrategy",
      "parameters": {
        "n_sma": 576,
        "entry_drop": 0.25,
        "exit_up": 0.24207260692923416,
        "rsi_period": 24,
        "rsi_max": 40.10577040303743,
        "atr_period": 16,
        "atr_mult": 3.4090913768310327,
        "atr_floor_pct": 0.9682164754158873,
        "timeframe_minutes": 5
      }
    },
    "profit_biased": {
      "score": 0.9011574605248394,
      "trial_id": 130,
      "strategy": "GridTradingStrategyV2Aggressive",
      "parameters": {
        "min_step_pct": 0.03617352235436407,
        "atr_mult": 1.2584517930750245,
        "num_grids": 20,
        "trend_ema_fast": 50,
        "trend_ema_slow": 274,
        "sell_spacing_mult_bull": 1.2209184107452313,
        "buy_spacing_mult_bear": 1.305713048919617,
        "recenter_threshold_pct": 0.2418221943455045,
        "recenter_dwell_bars": 9,
        "center_lookback": 16,
        "cooldown_bars": 2,
        "min_strength": 0.7620259564586416,
        "side_when_bear": 0,
        "min_edge_pct": 0.015319928566943839,
        "fee_pct": 0.0025,
        "slippage_pct": 0.01,
        "tol_buy_lo": 0.01,
        "tol_buy_hi": 0.016967584689309357,
        "tol_sell_lo": 0.009259296526822737,
        "tol_sell_hi": 0.007204047901981928,
        "timeframe_minutes": 60,
        "breakout_window": 48,
        "breakout_slope_min": 0.00042884111195856114,
        "strong_slope_min": 0.001,
        "trail_atr_mult": 2.8101269116279495,
        "no_sell_above_ema_fast_in_bull": 0,
        "allow_bear_breakout_sell": 0
      }
    },
    "cps_v2_profit_biased": {
      "score": 0.9011574605248394,
      "trial_id": 130,
      "strategy": "GridTradingStrategyV2Aggressive",
      "parameters": {
        "min_step_pct": 0.03617352235436407,
        "atr_mult": 1.2584517930750245,
        "num_grids": 20,
        "trend_ema_fast": 50,
        "trend_ema_slow": 274,
        "sell_spacing_mult_bull": 1.2209184107452313,
        "buy_spacing_mult_bear": 1.305713048919617,
        "recenter_threshold_pct": 0.2418221943455045,
        "recenter_dwell_bars": 9,
        "center_lookback": 16,
        "cooldown_bars": 2,
        "min_strength": 0.7620259564586416,
        "side_when_bear": 0,
        "min_edge_pct": 0.015319928566943839,
        "fee_pct": 0.0025,
        "slippage_pct": 0.01,
        "tol_buy_lo": 0.01,
        "tol_buy_hi": 0.016967584689309357,
        "tol_sell_lo": 0.009259296526822737,
        "tol_sell_hi": 0.007204047901981928,
        "timeframe_minutes": 60,
        "breakout_window": 48,
        "breakout_slope_min": 0.00042884111195856114,
        "strong_slope_min": 0.001,
        "trail_atr_mult": 2.8101269116279495,
        "no_sell_above_ema_fast_in_bull": 0,
        "allow_bear_breakout_sell": 0
      }
    },
    "mar": {
      "score": 521338620.1864347,
      "trial_id": 47,
      "strategy": "CSMARevertStrategy",
      "parameters": {
        "n_sma": 576,
        "entry_drop": 0.25,
        "exit_up": 0.24207260692923416,
        "rsi_period": 24,
        "rsi_max": 40.10577040303743,
        "atr_period": 16,
        "atr_mult": 3.4090913768310327,
        "atr_floor_pct": 0.9682164754158873,
        "timeframe_minutes": 5
      }
    },
    "utility": {
      "score": 0.29105721674433666,
      "trial_id": 130,
      "strategy": "GridTradingStrategyV2Aggressive",
      "parameters": {
        "min_step_pct": 0.03617352235436407,
        "atr_mult": 1.2584517930750245,
        "num_grids": 20,
        "trend_ema_fast": 50,
        "trend_ema_slow": 274,
        "sell_spacing_mult_bull": 1.2209184107452313,
        "buy_spacing_mult_bear": 1.305713048919617,
        "recenter_threshold_pct": 0.2418221943455045,
        "recenter_dwell_bars": 9,
        "center_lookback": 16,
        "cooldown_bars": 2,
        "min_strength": 0.7620259564586416,
        "side_when_bear": 0,
        "min_edge_pct": 0.015319928566943839,
        "fee_pct": 0.0025,
        "slippage_pct": 0.01,
        "tol_buy_lo": 0.01,
        "tol_buy_hi": 0.016967584689309357,
        "tol_sell_lo": 0.009259296526822737,
        "tol_sell_hi": 0.007204047901981928,
        "timeframe_minutes": 60,
        "breakout_window": 48,
        "breakout_slope_min": 0.00042884111195856114,
        "strong_slope_min": 0.001,
        "trail_atr_mult": 2.8101269116279495,
        "no_sell_above_ema_fast_in_bull": 0,
        "allow_bear_breakout_sell": 0
      }
    },
    "cps": {
      "score": 85.5,
      "trial_id": 75,
      "strategy": "GridTradingStrategyV2Aggressive",
      "parameters": {
        "min_step_pct": 0.018339720312634856,
        "atr_mult": 1.0,
        "num_grids": 20,
        "trend_ema_fast": 21,
        "trend_ema_slow": 246,
        "sell_spacing_mult_bull": 1.6904790901751485,
        "buy_spacing_mult_bear": 1.618436257294507,
        "recenter_threshold_pct": 0.22562476484902277,
        "recenter_dwell_bars": 11,
        "center_lookback": 38,
        "cooldown_bars": 4,
        "min_strength": 0.7571108422647319,
        "side_when_bear": 0,
        "min_edge_pct": 0.013277617810750354,
        "fee_pct": 0.0025,
        "slippage_pct": 0.01,
        "tol_buy_lo": 0.015443644650569188,
        "tol_buy_hi": 0.005,
        "tol_sell_lo": 0.004149892504985004,
        "tol_sell_hi": 0.01940115386647286,
        "timeframe_minutes": 60,
        "breakout_window": 53,
        "breakout_slope_min": 0.001001031311032747,
        "strong_slope_min": 0.001,
        "trail_atr_mult": 2.0,
        "no_sell_above_ema_fast_in_bull": 1,
        "allow_bear_breakout_sell": 1
      }
    },
    "cps_v2": {
      "score": 0.9011574605248394,
      "trial_id": 130,
      "strategy": "GridTradingStrategyV2Aggressive",
      "parameters": {
        "min_step_pct": 0.03617352235436407,
        "atr_mult": 1.2584517930750245,
        "num_grids": 20,
        "trend_ema_fast": 50,
        "trend_ema_slow": 274,
        "sell_spacing_mult_bull": 1.2209184107452313,
        "buy_spacing_mult_bear": 1.305713048919617,
        "recenter_threshold_pct": 0.2418221943455045,
        "recenter_dwell_bars": 9,
        "center_lookback": 16,
        "cooldown_bars": 2,
        "min_strength": 0.7620259564586416,
        "side_when_bear": 0,
        "min_edge_pct": 0.015319928566943839,
        "fee_pct": 0.0025,
        "slippage_pct": 0.01,
        "tol_buy_lo": 0.01,
        "tol_buy_hi": 0.016967584689309357,
        "tol_sell_lo": 0.009259296526822737,
        "tol_sell_hi": 0.007204047901981928,
        "timeframe_minutes": 60,
        "breakout_window": 48,
        "breakout_slope_min": 0.00042884111195856114,
        "strong_slope_min": 0.001,
        "trail_atr_mult": 2.8101269116279495,
        "no_sell_above_ema_fast_in_bull": 0,
        "allow_bear_breakout_sell": 0
      }
    }
  }
}