{
  "next_trial_id": 201,
  "completed": 200,
  "total_requests": 200,
  "remaining_calls": 0,
  "best_scores": {
    "final_balance": {
      "score": 14547.115123271298,
      "trial_id": 131,
      "strategy": "CompositeMomentumIndexStrategy",
      "parameters": {
        "rsi_period": 29,
        "roc_period": 10,
        "tsi_long": 20,
        "tsi_short": 18,
        "signal_threshold": 0.5794154527618102
      }
    },
    "profit_biased": {
      "score": 0.9045236993108291,
      "trial_id": 28,
      "strategy": "GridTradingStrategyV2Aggressive",
      "parameters": {
        "min_step_pct": 0.013097709234850052,
        "atr_mult": 1.3790975822088334,
        "num_grids": 9,
        "trend_ema_fast": 80,
        "trend_ema_slow": 226,
        "sell_spacing_mult_bull": 1.120257989678466,
        "buy_spacing_mult_bear": 1.0600479931744973,
        "recenter_threshold_pct": 0.12,
        "recenter_dwell_bars": 5,
        "center_lookback": 20,
        "cooldown_bars": 4,
        "min_strength": 0.6088541781902078,
        "side_when_bear": 2,
        "min_edge_pct": 0.02,
        "fee_pct": 0.0025,
        "slippage_pct": 0.01,
        "tol_buy_lo": 0.007027925682856359,
        "tol_buy_hi": 0.01465407854465395,
        "tol_sell_lo": 0.007567639110986996,
        "tol_sell_hi": 0.008150456025945359,
        "timeframe_minutes": 60,
        "breakout_window": 68,
        "breakout_slope_min": 0.004967289992042575,
        "strong_slope_min": 0.004462856113005169,
        "trail_atr_mult": 3.0239051676065714,
        "no_sell_above_ema_fast_in_bull": 0,
        "allow_bear_breakout_sell": 1
      }
    },
    "cps_v2_profit_biased": {
      "score": 0.9045236993108291,
      "trial_id": 28,
      "strategy": "GridTradingStrategyV2Aggressive",
      "parameters": {
        "min_step_pct": 0.013097709234850052,
        "atr_mult": 1.3790975822088334,
        "num_grids": 9,
        "trend_ema_fast": 80,
        "trend_ema_slow": 226,
        "sell_spacing_mult_bull": 1.120257989678466,
        "buy_spacing_mult_bear": 1.0600479931744973,
        "recenter_threshold_pct": 0.12,
        "recenter_dwell_bars": 5,
        "center_lookback": 20,
        "cooldown_bars": 4,
        "min_strength": 0.6088541781902078,
        "side_when_bear": 2,
        "min_edge_pct": 0.02,
        "fee_pct": 0.0025,
        "slippage_pct": 0.01,
        "tol_buy_lo": 0.007027925682856359,
        "tol_buy_hi": 0.01465407854465395,
        "tol_sell_lo": 0.007567639110986996,
        "tol_sell_hi": 0.008150456025945359,
        "timeframe_minutes": 60,
        "breakout_window": 68,
        "breakout_slope_min": 0.004967289992042575,
        "strong_slope_min": 0.004462856113005169,
        "trail_atr_mult": 3.0239051676065714,
        "no_sell_above_ema_fast_in_bull": 0,
        "allow_bear_breakout_sell": 1
      }
    },
    "mar": {
      "score": 13547115123.271297,
      "trial_id": 131,
      "strategy": "CompositeMomentumIndexStrategy",
      "parameters": {
        "rsi_period": 29,
        "roc_period": 10,
        "tsi_long": 20,
        "tsi_short": 18,
        "signal_threshold": 0.5794154527618102
      }
    },
    "utility": {
      "score": 5.212792681327675,
      "trial_id": 122,
      "strategy": "Strategy_62_RSIAvgs",
      "parameters": {
        "rsi_period": 14,
        "ma_periods": [
          5,
          10,
          20
        ],
        "overbought": 70,
        "oversold": 30,
        "signal_threshold": 0.44440006540198607
      }
    },
    "cps": {
      "score": 90.5,
      "trial_id": 28,
      "strategy": "GridTradingStrategyV2Aggressive",
      "parameters": {
        "min_step_pct": 0.013097709234850052,
        "atr_mult": 1.3790975822088334,
        "num_grids": 9,
        "trend_ema_fast": 80,
        "trend_ema_slow": 226,
        "sell_spacing_mult_bull": 1.120257989678466,
        "buy_spacing_mult_bear": 1.0600479931744973,
        "recenter_threshold_pct": 0.12,
        "recenter_dwell_bars": 5,
        "center_lookback": 20,
        "cooldown_bars": 4,
        "min_strength": 0.6088541781902078,
        "side_when_bear": 2,
        "min_edge_pct": 0.02,
        "fee_pct": 0.0025,
        "slippage_pct": 0.01,
        "tol_buy_lo": 0.007027925682856359,
        "tol_buy_hi": 0.01465407854465395,
        "tol_sell_lo": 0.007567639110986996,
        "tol_sell_hi": 0.008150456025945359,
        "timeframe_minutes": 60,
        "breakout_window": 68,
        "breakout_slope_min": 0.004967289992042575,
        "strong_slope_min": 0.004462856113005169,
        "trail_atr_mult": 3.0239051676065714,
        "no_sell_above_ema_fast_in_bull": 0,
        "allow_bear_breakout_sell": 1
      }
    },
    "cps_v2": {
      "score": 0.9045236993108291,
      "trial_id": 28,
      "strategy": "GridTradingStrategyV2Aggressive",
      "parameters": {
        "min_step_pct": 0.013097709234850052,
        "atr_mult": 1.3790975822088334,
        "num_grids": 9,
        "trend_ema_fast": 80,
        "trend_ema_slow": 226,
        "sell_spacing_mult_bull": 1.120257989678466,
        "buy_spacing_mult_bear": 1.0600479931744973,
        "recenter_threshold_pct": 0.12,
        "recenter_dwell_bars": 5,
        "center_lookback": 20,
        "cooldown_bars": 4,
        "min_strength": 0.6088541781902078,
        "side_when_bear": 2,
        "min_edge_pct": 0.02,
        "fee_pct": 0.0025,
        "slippage_pct": 0.01,
        "tol_buy_lo": 0.007027925682856359,
        "tol_buy_hi": 0.01465407854465395,
        "tol_sell_lo": 0.007567639110986996,
        "tol_sell_hi": 0.008150456025945359,
        "timeframe_minutes": 60,
        "breakout_window": 68,
        "breakout_slope_min": 0.004967289992042575,
        "strong_slope_min": 0.004462856113005169,
        "trail_atr_mult": 3.0239051676065714,
        "no_sell_above_ema_fast_in_bull": 0,
        "allow_bear_breakout_sell": 1
      }
    }
  }
}