{
  "next_trial_id": 401,
  "completed": 400,
  "total_requests": 400,
  "remaining_calls": 0,
  "best_scores": {
    "final_balance": {
      "score": 1598.6196537040096,
      "trial_id": 384,
      "strategy": "GridTradingStrategyV2Aggressive",
      "parameters": {
        "min_step_pct": 0.03275184096542949,
        "atr_mult": 1.6923779151447058,
        "num_grids": 18,
        "trend_ema_fast": 24,
        "trend_ema_slow": 261,
        "sell_spacing_mult_bull": 1.3501264539930107,
        "buy_spacing_mult_bear": 1.039107061068103,
        "recenter_threshold_pct": 0.12,
        "recenter_dwell_bars": 3,
        "center_lookback": 31,
        "cooldown_bars": 1,
        "min_strength": 0.6037920259180078,
        "side_when_bear": 0,
        "min_edge_pct": 0.018082557121197468,
        "fee_pct": 0.0025,
        "slippage_pct": 0.01,
        "tol_buy_lo": 0.015431742990669475,
        "tol_buy_hi": 0.005499872969714168,
        "tol_sell_lo": 0.0022666200610875873,
        "tol_sell_hi": 0.01035347595269499,
        "timeframe_minutes": 60,
        "breakout_window": 78,
        "breakout_slope_min": 0.004847874543836837,
        "strong_slope_min": 0.001601349274446602,
        "trail_atr_mult": 2.158851466166863,
        "no_sell_above_ema_fast_in_bull": 1,
        "allow_bear_breakout_sell": 0
      }
    },
    "profit_biased": {
      "score": 0.9181586277001598,
      "trial_id": 304,
      "strategy": "GridTradingStrategyV2Aggressive",
      "parameters": {
        "min_step_pct": 0.014966809091845171,
        "atr_mult": 0.6228463777334976,
        "num_grids": 11,
        "trend_ema_fast": 50,
        "trend_ema_slow": 226,
        "sell_spacing_mult_bull": 1.437637798082785,
        "buy_spacing_mult_bear": 1.4545865373729603,
        "recenter_threshold_pct": 0.13685618240152733,
        "recenter_dwell_bars": 7,
        "center_lookback": 25,
        "cooldown_bars": 2,
        "min_strength": 0.6452090958177574,
        "side_when_bear": 0,
        "min_edge_pct": 0.026555895373432416,
        "fee_pct": 0.0025,
        "slippage_pct": 0.01,
        "tol_buy_lo": 0.010852188336288902,
        "tol_buy_hi": 0.016404333454827807,
        "tol_sell_lo": 0.005,
        "tol_sell_hi": 0.018353162166403217,
        "timeframe_minutes": 60,
        "breakout_window": 20,
        "breakout_slope_min": 0.0027565453788578574,
        "strong_slope_min": 0.0035817897840504423,
        "trail_atr_mult": 3.1606583206723857,
        "no_sell_above_ema_fast_in_bull": 1,
        "allow_bear_breakout_sell": 0
      }
    },
    "cps_v2_profit_biased": {
      "score": 0.9181586277001598,
      "trial_id": 304,
      "strategy": "GridTradingStrategyV2Aggressive",
      "parameters": {
        "min_step_pct": 0.014966809091845171,
        "atr_mult": 0.6228463777334976,
        "num_grids": 11,
        "trend_ema_fast": 50,
        "trend_ema_slow": 226,
        "sell_spacing_mult_bull": 1.437637798082785,
        "buy_spacing_mult_bear": 1.4545865373729603,
        "recenter_threshold_pct": 0.13685618240152733,
        "recenter_dwell_bars": 7,
        "center_lookback": 25,
        "cooldown_bars": 2,
        "min_strength": 0.6452090958177574,
        "side_when_bear": 0,
        "min_edge_pct": 0.026555895373432416,
        "fee_pct": 0.0025,
        "slippage_pct": 0.01,
        "tol_buy_lo": 0.010852188336288902,
        "tol_buy_hi": 0.016404333454827807,
        "tol_sell_lo": 0.005,
        "tol_sell_hi": 0.018353162166403217,
        "timeframe_minutes": 60,
        "breakout_window": 20,
        "breakout_slope_min": 0.0027565453788578574,
        "strong_slope_min": 0.0035817897840504423,
        "trail_atr_mult": 3.1606583206723857,
        "no_sell_above_ema_fast_in_bull": 1,
        "allow_bear_breakout_sell": 0
      }
    },
    "mar": {
      "score": 598619653.7040095,
      "trial_id": 384,
      "strategy": "GridTradingStrategyV2Aggressive",
      "parameters": {
        "min_step_pct": 0.03275184096542949,
        "atr_mult": 1.6923779151447058,
        "num_grids": 18,
        "trend_ema_fast": 24,
        "trend_ema_slow": 261,
        "sell_spacing_mult_bull": 1.3501264539930107,
        "buy_spacing_mult_bear": 1.039107061068103,
        "recenter_threshold_pct": 0.12,
        "recenter_dwell_bars": 3,
        "center_lookback": 31,
        "cooldown_bars": 1,
        "min_strength": 0.6037920259180078,
        "side_when_bear": 0,
        "min_edge_pct": 0.018082557121197468,
        "fee_pct": 0.0025,
        "slippage_pct": 0.01,
        "tol_buy_lo": 0.015431742990669475,
        "tol_buy_hi": 0.005499872969714168,
        "tol_sell_lo": 0.0022666200610875873,
        "tol_sell_hi": 0.01035347595269499,
        "timeframe_minutes": 60,
        "breakout_window": 78,
        "breakout_slope_min": 0.004847874543836837,
        "strong_slope_min": 0.001601349274446602,
        "trail_atr_mult": 2.158851466166863,
        "no_sell_above_ema_fast_in_bull": 1,
        "allow_bear_breakout_sell": 0
      }
    },
    "utility": {
      "score": 0.3353954146110819,
      "trial_id": 384,
      "strategy": "GridTradingStrategyV2Aggressive",
      "parameters": {
        "min_step_pct": 0.03275184096542949,
        "atr_mult": 1.6923779151447058,
        "num_grids": 18,
        "trend_ema_fast": 24,
        "trend_ema_slow": 261,
        "sell_spacing_mult_bull": 1.3501264539930107,
        "buy_spacing_mult_bear": 1.039107061068103,
        "recenter_threshold_pct": 0.12,
        "recenter_dwell_bars": 3,
        "center_lookback": 31,
        "cooldown_bars": 1,
        "min_strength": 0.6037920259180078,
        "side_when_bear": 0,
        "min_edge_pct": 0.018082557121197468,
        "fee_pct": 0.0025,
        "slippage_pct": 0.01,
        "tol_buy_lo": 0.015431742990669475,
        "tol_buy_hi": 0.005499872969714168,
        "tol_sell_lo": 0.0022666200610875873,
        "tol_sell_hi": 0.01035347595269499,
        "timeframe_minutes": 60,
        "breakout_window": 78,
        "breakout_slope_min": 0.004847874543836837,
        "strong_slope_min": 0.001601349274446602,
        "trail_atr_mult": 2.158851466166863,
        "no_sell_above_ema_fast_in_bull": 1,
        "allow_bear_breakout_sell": 0
      }
    },
    "cps": {
      "score": 90.5,
      "trial_id": 304,
      "strategy": "GridTradingStrategyV2Aggressive",
      "parameters": {
        "min_step_pct": 0.014966809091845171,
        "atr_mult": 0.6228463777334976,
        "num_grids": 11,
        "trend_ema_fast": 50,
        "trend_ema_slow": 226,
        "sell_spacing_mult_bull": 1.437637798082785,
        "buy_spacing_mult_bear": 1.4545865373729603,
        "recenter_threshold_pct": 0.13685618240152733,
        "recenter_dwell_bars": 7,
        "center_lookback": 25,
        "cooldown_bars": 2,
        "min_strength": 0.6452090958177574,
        "side_when_bear": 0,
        "min_edge_pct": 0.026555895373432416,
        "fee_pct": 0.0025,
        "slippage_pct": 0.01,
        "tol_buy_lo": 0.010852188336288902,
        "tol_buy_hi": 0.016404333454827807,
        "tol_sell_lo": 0.005,
        "tol_sell_hi": 0.018353162166403217,
        "timeframe_minutes": 60,
        "breakout_window": 20,
        "breakout_slope_min": 0.0027565453788578574,
        "strong_slope_min": 0.0035817897840504423,
        "trail_atr_mult": 3.1606583206723857,
        "no_sell_above_ema_fast_in_bull": 1,
        "allow_bear_breakout_sell": 0
      }
    },
    "cps_v2": {
      "score": 0.9181586277001598,
      "trial_id": 304,
      "strategy": "GridTradingStrategyV2Aggressive",
      "parameters": {
        "min_step_pct": 0.014966809091845171,
        "atr_mult": 0.6228463777334976,
        "num_grids": 11,
        "trend_ema_fast": 50,
        "trend_ema_slow": 226,
        "sell_spacing_mult_bull": 1.437637798082785,
        "buy_spacing_mult_bear": 1.4545865373729603,
        "recenter_threshold_pct": 0.13685618240152733,
        "recenter_dwell_bars": 7,