{
  "next_trial_id": 201,
  "completed": 200,
  "total_requests": 200,
  "remaining_calls": 0,
  "best_scores": {
    "final_balance": {
      "score": 4704.344553770247,
      "trial_id": 15,
      "strategy": "GridTradingStrategyV2Aggressive",
      "parameters": {
        "min_step_pct": 0.03222994605433696,
        "atr_mult": 1.7671719072260768,
        "num_grids": 17,
        "trend_ema_fast": 47,
        "trend_ema_slow": 238,
        "sell_spacing_mult_bull": 1.0351318655238062,
        "buy_spacing_mult_bear": 1.1153250494997753,
        "recenter_threshold_pct": 0.18633512870712815,
        "recenter_dwell_bars": 6,
        "center_lookback": 27,
        "cooldown_bars": 5,
        "min_strength": 0.6759972896003943,
        "side_when_bear": 0,
        "min_edge_pct": 0.012771487305791016,
        "fee_pct": 0.0025,
        "slippage_pct": 0.01,
        "tol_buy_lo": 0.005497226953158618,
        "tol_buy_hi": 0.014735991366580967,
        "tol_sell_lo": 0.01487787986254067,
        "tol_sell_hi": 0.01,
        "timeframe_minutes": 60,
        "breakout_window": 35,
        "breakout_slope_min": 0.00024009064804338768,
        "strong_slope_min": 0.007030411394653881,
        "trail_atr_mult": 2.0582474256815555,
        "no_sell_above_ema_fast_in_bull": 0,
        "allow_bear_breakout_sell": 0
      }
    },
    "profit_biased": {
      "score": 0.7405187846619828,
      "trial_id": 15,
      "strategy": "GridTradingStrategyV2Aggressive",
      "parameters": {
        "min_step_pct": 0.03222994605433696,
        "atr_mult": 1.7671719072260768,
        "num_grids": 17,
        "trend_ema_fast": 47,
        "trend_ema_slow": 238,
        "sell_spacing_mult_bull": 1.0351318655238062,
        "buy_spacing_mult_bear": 1.1153250494997753,
        "recenter_threshold_pct": 0.18633512870712815,
        "recenter_dwell_bars": 6,
        "center_lookback": 27,
        "cooldown_bars": 5,
        "min_strength": 0.6759972896003943,
        "side_when_bear": 0,
        "min_edge_pct": 0.012771487305791016,
        "fee_pct": 0.0025,
        "slippage_pct": 0.01,
        "tol_buy_lo": 0.005497226953158618,
        "tol_buy_hi": 0.014735991366580967,
        "tol_sell_lo": 0.01487787986254067,
        "tol_sell_hi": 0.01,
        "timeframe_minutes": 60,
        "breakout_window": 35,
        "breakout_slope_min": 0.00024009064804338768,
        "strong_slope_min": 0.007030411394653881,
        "trail_atr_mult": 2.0582474256815555,
        "no_sell_above_ema_fast_in_bull": 0,
        "allow_bear_breakout_sell": 0
      }
    },
    "cps_v2_profit_biased": {
      "score": 0.7405187846619828,
      "trial_id": 15,
      "strategy": "GridTradingStrategyV2Aggressive",
      "parameters": {
        "min_step_pct": 0.03222994605433696,
        "atr_mult": 1.7671719072260768,
        "num_grids": 17,
        "trend_ema_fast": 47,
        "trend_ema_slow": 238,
        "sell_spacing_mult_bull": 1.0351318655238062,
        "buy_spacing_mult_bear": 1.1153250494997753,
        "recenter_threshold_pct": 0.18633512870712815,
        "recenter_dwell_bars": 6,
        "center_lookback": 27,
        "cooldown_bars": 5,
        "min_strength": 0.6759972896003943,
        "side_when_bear": 0,
        "min_edge_pct": 0.012771487305791016,
        "fee_pct": 0.0025,
        "slippage_pct": 0.01,
        "tol_buy_lo": 0.005497226953158618,
        "tol_buy_hi": 0.014735991366580967,
        "tol_sell_lo": 0.01487787986254067,
        "tol_sell_hi": 0.01,
        "timeframe_minutes": 60,
        "breakout_window": 35,
        "breakout_slope_min": 0.00024009064804338768,
        "strong_slope_min": 0.007030411394653881,
        "trail_atr_mult": 2.0582474256815555,
        "no_sell_above_ema_fast_in_bull": 0,
        "allow_bear_breakout_sell": 0
      }
    },
    "mar": {
      "score": 3704344553.770247,
      "trial_id": 15,
      "strategy": "GridTradingStrategyV2Aggressive",
      "parameters": {
        "min_step_pct": 0.03222994605433696,
        "atr_mult": 1.7671719072260768,
        "num_grids": 17,
        "trend_ema_fast": 47,
        "trend_ema_slow": 238,
        "sell_spacing_mult_bull": 1.0351318655238062,
        "buy_spacing_mult_bear": 1.1153250494997753,
        "recenter_threshold_pct": 0.18633512870712815,
        "recenter_dwell_bars": 6,
        "center_lookback": 27,
        "cooldown_bars": 5,
        "min_strength": 0.6759972896003943,
        "side_when_bear": 0,
        "min_edge_pct": 0.012771487305791016,
        "fee_pct": 0.0025,
        "slippage_pct": 0.01,
        "tol_buy_lo": 0.005497226953158618,
        "tol_buy_hi": 0.014735991366580967,
        "tol_sell_lo": 0.01487787986254067,
        "tol_sell_hi": 0.01,
        "timeframe_minutes": 60,
        "breakout_window": 35,
        "breakout_slope_min": 0.00024009064804338768,
        "strong_slope_min": 0.007030411394653881,
        "trail_atr_mult": 2.0582474256815555,
        "no_sell_above_ema_fast_in_bull": 0,
        "allow_bear_breakout_sell": 0
      }
    },
    "utility": {
      "score": 1.832385403430307,
      "trial_id": 15,
      "strategy": "GridTradingStrategyV2Aggressive",
      "parameters": {
        "min_step_pct": 0.03222994605433696,
        "atr_mult": 1.7671719072260768,
        "num_grids": 17,
        "trend_ema_fast": 47,
        "trend_ema_slow": 238,
        "sell_spacing_mult_bull": 1.0351318655238062,
        "buy_spacing_mult_bear": 1.1153250494997753,
        "recenter_threshold_pct": 0.18633512870712815,
        "recenter_dwell_bars": 6,
        "center_lookback": 27,
        "cooldown_bars": 5,
        "min_strength": 0.6759972896003943,
        "side_when_bear": 0,
        "min_edge_pct": 0.012771487305791016,
        "fee_pct": 0.0025,
        "slippage_pct": 0.01,
        "tol_buy_lo": 0.005497226953158618,
        "tol_buy_hi": 0.014735991366580967,
        "tol_sell_lo": 0.01487787986254067,
        "tol_sell_hi": 0.01,
        "timeframe_minutes": 60,
        "breakout_window": 35,
        "breakout_slope_min": 0.00024009064804338768,
        "strong_slope_min": 0.007030411394653881,
        "trail_atr_mult": 2.0582474256815555,
        "no_sell_above_ema_fast_in_bull": 0,
        "allow_bear_breakout_sell": 0
      }
    },
    "cps": {
      "score": 72.79,
      "trial_id": 128,
      "strategy": "CSMARevertStrategy",
      "parameters": {
        "n_sma": 345,
        "entry_drop": 0.15343292024924648,
        "exit_up": 0.2137162613330077,
        "rsi_period": 11,
        "rsi_max": 25.55187134772218,
        "atr_period": 35,
        "atr_mult": 3.9996273319597564,
        "timeframe_minutes": 5
      }
    },
    "cps_v2": {
      "score": 0.7405187846619828,
      "trial_id": 15,
      "strategy": "GridTradingStrategyV2Aggressive",
      "parameters": {
        "min_step_pct": 0.03222994605433696,
        "atr_mult": 1.7671719072260768,
        "num_grids": 17,
        "trend_ema_fast": 47,
        "trend_ema_slow": 238,
        "sell_spacing_mult_bull": 1.0351318655238062,
        "buy_spacing_mult_bear": 1.1153250494997753,
        "recenter_threshold_pct": 0.18633512870712815,
        "recenter_dwell_bars": 6,
        "center_lookback": 27,
        "cooldown_bars": 5,
        "min_strength": 0.6759972896003943,
        "side_when_bear": 0,
        "min_edge_pct": 0.012771487305791016,
        "fee_pct": 0.0025,
        "slippage_pct": 0.01,
        "tol_buy_lo": 0.005497226953158618,
        "tol_buy_hi": 0.014735991366580967,
        "tol_sell_lo": 0.01487787986254067,
        "tol_sell_hi": 0.01,
        "timeframe_minutes": 60,
        "breakout_window": 35,
        "breakout_slope_min": 0.00024009064804338768,
        "strong_slope_min": 0.007030411394653881,
        "trail_atr_mult": 2.0582474256815555,
        "no_sell_above_ema_fast_in_bull": 0,
        "allow_bear_breakout_sell": 0
      }
    }
  }
}