{
  "next_trial_id": 201,
  "completed": 200,
  "total_requests": 200,
  "remaining_calls": 0,
  "best_scores": {
    "final_balance": {
      "score": 1258.4540974937122,
      "trial_id": 14,
      "strategy": "DonchianChampionAggressiveStrategy",
      "parameters": {
        "entry_days": 11.0,
        "exit_days": 2.7358960993326287,
        "ema_exit_days": 4.238678518336801,
        "trailing_drawdown_pct": 0.10387658120170662,
        "timeframe_minutes": 5
      }
    },
    "profit_biased": {
      "score": 0.909432891563131,
      "trial_id": 60,
      "strategy": "GridTradingStrategyV2Aggressive",
      "parameters": {
        "min_step_pct": 0.03895969002059803,
        "atr_mult": 1.4788165854783317,
        "num_grids": 7,
        "trend_ema_fast": 39,
        "trend_ema_slow": 172,
        "sell_spacing_mult_bull": 1.4592364336405188,
        "buy_spacing_mult_bear": 1.175867753735291,
        "recenter_threshold_pct": 0.1727486673238293,
        "recenter_dwell_bars": 6,
        "center_lookback": 30,
        "cooldown_bars": 2,
        "min_strength": 0.6687347934362866,
        "side_when_bear": 0,
        "min_edge_pct": 0.02129558663969846,
        "fee_pct": 0.0025,
        "slippage_pct": 0.01,
        "tol_buy_lo": 0.009030685842959997,
        "tol_buy_hi": 0.01220409136051868,
        "tol_sell_lo": 0.015237527660824533,
        "tol_sell_hi": 0.013452248702208666,
        "timeframe_minutes": 60,
        "breakout_window": 42,
        "breakout_slope_min": 0.0004544251313249781,
        "strong_slope_min": 0.001145543081830722,
        "trail_atr_mult": 1.2178046311126713,
        "no_sell_above_ema_fast_in_bull": 1,
        "allow_bear_breakout_sell": 1
      }
    },
    "cps_v2_profit_biased": {
      "score": 0.909432891563131,
      "trial_id": 60,
      "strategy": "GridTradingStrategyV2Aggressive",
      "parameters": {
        "min_step_pct": 0.03895969002059803,
        "atr_mult": 1.4788165854783317,
        "num_grids": 7,
        "trend_ema_fast": 39,
        "trend_ema_slow": 172,
        "sell_spacing_mult_bull": 1.4592364336405188,
        "buy_spacing_mult_bear": 1.175867753735291,
        "recenter_threshold_pct": 0.1727486673238293,
        "recenter_dwell_bars": 6,
        "center_lookback": 30,
        "cooldown_bars": 2,
        "min_strength": 0.6687347934362866,
        "side_when_bear": 0,
        "min_edge_pct": 0.02129558663969846,
        "fee_pct": 0.0025,
        "slippage_pct": 0.01,
        "tol_buy_lo": 0.009030685842959997,
        "tol_buy_hi": 0.01220409136051868,
        "tol_sell_lo": 0.015237527660824533,
        "tol_sell_hi": 0.013452248702208666,
        "timeframe_minutes": 60,
        "breakout_window": 42,
        "breakout_slope_min": 0.0004544251313249781,
        "strong_slope_min": 0.001145543081830722,
        "trail_atr_mult": 1.2178046311126713,
        "no_sell_above_ema_fast_in_bull": 1,
        "allow_bear_breakout_sell": 1
      }
    },
    "mar": {
      "score": 258454097.49371216,
      "trial_id": 14,
      "strategy": "DonchianChampionAggressiveStrategy",
      "parameters": {
        "entry_days": 11.0,
        "exit_days": 2.7358960993326287,
        "ema_exit_days": 4.238678518336801,
        "trailing_drawdown_pct": 0.10387658120170662,
        "timeframe_minutes": 5
      }
    },
    "utility": {
      "score": 0.09324546509792854,
      "trial_id": 14,
      "strategy": "DonchianChampionAggressiveStrategy",
      "parameters": {
        "entry_days": 11.0,
        "exit_days": 2.7358960993326287,
        "ema_exit_days": 4.238678518336801,
        "trailing_drawdown_pct": 0.10387658120170662,
        "timeframe_minutes": 5
      }
    },
    "cps": {
      "score": 90.5,
      "trial_id": 60,
      "strategy": "GridTradingStrategyV2Aggressive",
      "parameters": {
        "min_step_pct": 0.03895969002059803,
        "atr_mult": 1.4788165854783317,
        "num_grids": 7,
        "trend_ema_fast": 39,
        "trend_ema_slow": 172,
        "sell_spacing_mult_bull": 1.4592364336405188,
        "buy_spacing_mult_bear": 1.175867753735291,
        "recenter_threshold_pct": 0.1727486673238293,
        "recenter_dwell_bars": 6,
        "center_lookback": 30,
        "cooldown_bars": 2,
        "min_strength": 0.6687347934362866,
        "side_when_bear": 0,
        "min_edge_pct": 0.02129558663969846,
        "fee_pct": 0.0025,
        "slippage_pct": 0.01,
        "tol_buy_lo": 0.009030685842959997,
        "tol_buy_hi": 0.01220409136051868,
        "tol_sell_lo": 0.015237527660824533,
        "tol_sell_hi": 0.013452248702208666,
        "timeframe_minutes": 60,
        "breakout_window": 42,
        "breakout_slope_min": 0.0004544251313249781,
        "strong_slope_min": 0.001145543081830722,
        "trail_atr_mult": 1.2178046311126713,
        "no_sell_above_ema_fast_in_bull": 1,
        "allow_bear_breakout_sell": 1
      }
    },
    "cps_v2": {
      "score": 0.909432891563131,
      "trial_id": 60,
      "strategy": "GridTradingStrategyV2Aggressive",
      "parameters": {
        "min_step_pct": 0.03895969002059803,
        "atr_mult": 1.4788165854783317,
        "num_grids": 7,
        "trend_ema_fast": 39,
        "trend_ema_slow": 172,
        "sell_spacing_mult_bull": 1.4592364336405188,
        "buy_spacing_mult_bear": 1.175867753735291,
        "recenter_threshold_pct": 0.1727486673238293,
        "recenter_dwell_bars": 6,
        "center_lookback": 30,
        "cooldown_bars": 2,
        "min_strength": 0.6687347934362866,
        "side_when_bear": 0,
        "min_edge_pct": 0.02129558663969846,
        "fee_pct": 0.0025,
        "slippage_pct": 0.01,
        "tol_buy_lo": 0.009030685842959997,
        "tol_buy_hi": 0.01220409136051868,
        "tol_sell_lo": 0.015237527660824533,
        "tol_sell_hi": 0.013452248702208666,
        "timeframe_minutes": 60,
        "breakout_window": 42,
        "breakout_slope_min": 0.0004544251313249781,
        "strong_slope_min": 0.001145543081830722,
        "trail_atr_mult": 1.2178046311126713,
        "no_sell_above_ema_fast_in_bull": 1,
        "allow_bear_breakout_sell": 1
      }
    }
  }
}