{
  "next_trial_id": 201,
  "completed": 200,
  "total_requests": 200,
  "remaining_calls": 0,
  "best_scores": {
    "final_balance": {
      "score": 3930.511542411971,
      "trial_id": 40,
      "strategy": "GridTradingStrategyV2Aggressive",
      "parameters": {
        "min_step_pct": 0.028318413503593067,
        "atr_mult": 1.0,
        "num_grids": 13,
        "trend_ema_fast": 76,
        "trend_ema_slow": 200,
        "sell_spacing_mult_bull": 1.6389881447862655,
        "buy_spacing_mult_bear": 1.608393935350061,
        "recenter_threshold_pct": 0.24121380633407413,
        "recenter_dwell_bars": 6,
        "center_lookback": 29,
        "cooldown_bars": 5,
        "min_strength": 0.653677638029292,
        "side_when_bear": 1,
        "min_edge_pct": 0.011704077504932985,
        "fee_pct": 0.0025,
        "slippage_pct": 0.01,
        "tol_buy_lo": 0.01179922717117594,
        "tol_buy_hi": 0.007873309818462324,
        "tol_sell_lo": 0.018687712082712513,
        "tol_sell_hi": 0.013219259596071765,
        "timeframe_minutes": 60,
        "breakout_window": 48,
        "breakout_slope_min": 0.0030664347541758865,
        "strong_slope_min": 0.0019298040223584417,
        "trail_atr_mult": 1.7360383068618623,
        "no_sell_above_ema_fast_in_bull": 1,
        "allow_bear_breakout_sell": 1
      }
    },
    "profit_biased": {
      "score": 0.7554044205576754,
      "trial_id": 50,
      "strategy": "GridTradingStrategyV2Aggressive",
      "parameters": {
        "min_step_pct": 0.031529101478167676,
        "atr_mult": 1.6954739448971075,
        "num_grids": 7,
        "trend_ema_fast": 68,
        "trend_ema_slow": 230,
        "sell_spacing_mult_bull": 1.0391102133324952,
        "buy_spacing_mult_bear": 1.4390751996007163,
        "recenter_threshold_pct": 0.15753336001681564,
        "recenter_dwell_bars": 12,
        "center_lookback": 20,
        "cooldown_bars": 2,
        "min_strength": 0.55,
        "side_when_bear": 1,
        "min_edge_pct": 0.029888491112230308,
        "fee_pct": 0.0025,
        "slippage_pct": 0.01,
        "tol_buy_lo": 0.013773058799133046,
        "tol_buy_hi": 0.008867458201565847,
        "tol_sell_lo": 0.008852521159788993,
        "tol_sell_hi": 0.019701291413509504,
        "timeframe_minutes": 60,
        "breakout_window": 62,
        "breakout_slope_min": 0.0024146483980249035,
        "strong_slope_min": 0.007129636818107306,
        "trail_atr_mult": 3.161645053152807,
        "no_sell_above_ema_fast_in_bull": 1,
        "allow_bear_breakout_sell": 0
      }
    },
    "cps_v2_profit_biased": {
      "score": 0.7554044205576754,
      "trial_id": 50,
      "strategy": "GridTradingStrategyV2Aggressive",
      "parameters": {
        "min_step_pct": 0.031529101478167676,
        "atr_mult": 1.6954739448971075,
        "num_grids": 7,
        "trend_ema_fast": 68,
        "trend_ema_slow": 230,
        "sell_spacing_mult_bull": 1.0391102133324952,
        "buy_spacing_mult_bear": 1.4390751996007163,
        "recenter_threshold_pct": 0.15753336001681564,
        "recenter_dwell_bars": 12,
        "center_lookback": 20,
        "cooldown_bars": 2,
        "min_strength": 0.55,
        "side_when_bear": 1,
        "min_edge_pct": 0.029888491112230308,
        "fee_pct": 0.0025,
        "slippage_pct": 0.01,
        "tol_buy_lo": 0.013773058799133046,
        "tol_buy_hi": 0.008867458201565847,
        "tol_sell_lo": 0.008852521159788993,
        "tol_sell_hi": 0.019701291413509504,
        "timeframe_minutes": 60,
        "breakout_window": 62,
        "breakout_slope_min": 0.0024146483980249035,
        "strong_slope_min": 0.007129636818107306,
        "trail_atr_mult": 3.161645053152807,
        "no_sell_above_ema_fast_in_bull": 1,
        "allow_bear_breakout_sell": 0
      }
    },
    "mar": {
      "score": 2930511542.4119706,
      "trial_id": 40,
      "strategy": "GridTradingStrategyV2Aggressive",
      "parameters": {
        "min_step_pct": 0.028318413503593067,
        "atr_mult": 1.0,
        "num_grids": 13,
        "trend_ema_fast": 76,
        "trend_ema_slow": 200,
        "sell_spacing_mult_bull": 1.6389881447862655,
        "buy_spacing_mult_bear": 1.608393935350061,
        "recenter_threshold_pct": 0.24121380633407413,
        "recenter_dwell_bars": 6,
        "center_lookback": 29,
        "cooldown_bars": 5,
        "min_strength": 0.653677638029292,
        "side_when_bear": 1,
        "min_edge_pct": 0.011704077504932985,
        "fee_pct": 0.0025,
        "slippage_pct": 0.01,
        "tol_buy_lo": 0.01179922717117594,
        "tol_buy_hi": 0.007873309818462324,
        "tol_sell_lo": 0.018687712082712513,
        "tol_sell_hi": 0.013219259596071765,
        "timeframe_minutes": 60,
        "breakout_window": 48,
        "breakout_slope_min": 0.0030664347541758865,
        "strong_slope_min": 0.0019298040223584417,
        "trail_atr_mult": 1.7360383068618623,
        "no_sell_above_ema_fast_in_bull": 1,
        "allow_bear_breakout_sell": 1
      }
    },
    "utility": {
      "score": 1.4496674762875237,
      "trial_id": 40,
      "strategy": "GridTradingStrategyV2Aggressive",
      "parameters": {
        "min_step_pct": 0.028318413503593067,
        "atr_mult": 1.0,
        "num_grids": 13,
        "trend_ema_fast": 76,
        "trend_ema_slow": 200,
        "sell_spacing_mult_bull": 1.6389881447862655,
        "buy_spacing_mult_bear": 1.608393935350061,
        "recenter_threshold_pct": 0.24121380633407413,
        "recenter_dwell_bars": 6,
        "center_lookback": 29,
        "cooldown_bars": 5,
        "min_strength": 0.653677638029292,
        "side_when_bear": 1,
        "min_edge_pct": 0.011704077504932985,
        "fee_pct": 0.0025,
        "slippage_pct": 0.01,
        "tol_buy_lo": 0.01179922717117594,
        "tol_buy_hi": 0.007873309818462324,
        "tol_sell_lo": 0.018687712082712513,
        "tol_sell_hi": 0.013219259596071765,
        "timeframe_minutes": 60,
        "breakout_window": 48,
        "breakout_slope_min": 0.0030664347541758865,
        "strong_slope_min": 0.0019298040223584417,
        "trail_atr_mult": 1.7360383068618623,
        "no_sell_above_ema_fast_in_bull": 1,
        "allow_bear_breakout_sell": 1
      }
    },
    "cps": {
      "score": 78.66,
      "trial_id": 95,
      "strategy": "GridTradingStrategyV2Aggressive",
      "parameters": {
        "min_step_pct": 0.03557657283590745,
        "atr_mult": 1.0,
        "num_grids": 7,
        "trend_ema_fast": 30,
        "trend_ema_slow": 332,
        "sell_spacing_mult_bull": 1.3,
        "buy_spacing_mult_bear": 1.3482247710804547,
        "recenter_threshold_pct": 0.13641392307188213,
        "recenter_dwell_bars": 13,
        "center_lookback": 26,
        "cooldown_bars": 0,
        "min_strength": 0.47950734729675254,
        "side_when_bear": 1,
        "min_edge_pct": 0.02,
        "fee_pct": 0.0025,
        "slippage_pct": 0.01,
        "tol_buy_lo": 0.007903825006984581,
        "tol_buy_hi": 0.003998044419277984,
        "tol_sell_lo": 0.003892862041568291,
        "tol_sell_hi": 0.009882171969202878,
        "timeframe_minutes": 60,
        "breakout_window": 50,
        "breakout_slope_min": 0.0005302323260381824,
        "strong_slope_min": 0.002269274472851883,
        "trail_atr_mult": 1.493335712878161,
        "no_sell_above_ema_fast_in_bull": 0,
        "allow_bear_breakout_sell": 0
      }
    },
    "cps_v2": {
      "score": 0.7554044205576754,
      "trial_id": 50,
      "strategy": "GridTradingStrategyV2Aggressive",
      "parameters": {
        "min_step_pct": 0.031529101478167676,
        "atr_mult": 1.6954739448971075,
        "num_grids": 7,
        "trend_ema_fast": 68,
        "trend_ema_slow": 230,
        "sell_spacing_mult_bull": 1.0391102133324952,
        "buy_spacing_mult_bear": 1.4390751996007163,
        "recenter_threshold_pct": 0.15753336001681564,
        "recenter_dwell_bars": 12,
        "center_lookback": 20,