{
  "next_trial_id": 201,
  "completed": 200,
  "total_requests": 200,
  "remaining_calls": 0,
  "best_scores": {
    "final_balance": {
      "score": 1462.9331390669672,
      "trial_id": 135,
      "strategy": "GridTradingStrategyV2Aggressive",
      "parameters": {
        "min_step_pct": 0.0368867645476845,
        "atr_mult": 1.564880530363089,
        "num_grids": 14,
        "trend_ema_fast": 70,
        "trend_ema_slow": 101,
        "sell_spacing_mult_bull": 1.676033037268292,
        "buy_spacing_mult_bear": 1.6601680638085616,
        "recenter_threshold_pct": 0.12,
        "recenter_dwell_bars": 6,
        "center_lookback": 33,
        "cooldown_bars": 1,
        "min_strength": 0.45829761957159293,
        "side_when_bear": 1,
        "min_edge_pct": 0.015248880902180609,
        "fee_pct": 0.0025,
        "slippage_pct": 0.01,
        "tol_buy_lo": 0.016029455920797908,
        "tol_buy_hi": 0.0035584500053202264,
        "tol_sell_lo": 0.005,
        "tol_sell_hi": 0.019316946033523297,
        "timeframe_minutes": 60,
        "breakout_window": 43,
        "breakout_slope_min": 0.0016377502270093355,
        "strong_slope_min": 0.005397538236279312,
        "trail_atr_mult": 2.5798122239018793,
        "no_sell_above_ema_fast_in_bull": 1,
        "allow_bear_breakout_sell": 1
      }
    },
    "profit_biased": {
      "score": 0.8972227944306155,
      "trial_id": 110,
      "strategy": "GridTradingStrategyV2Aggressive",
      "parameters": {
        "min_step_pct": 0.036509970439057925,
        "atr_mult": 0.604170775723446,
        "num_grids": 20,
        "trend_ema_fast": 52,
        "trend_ema_slow": 319,
        "sell_spacing_mult_bull": 1.189301749626587,
        "buy_spacing_mult_bear": 1.4107825958677007,
        "recenter_threshold_pct": 0.2362295974784927,
        "recenter_dwell_bars": 10,
        "center_lookback": 14,
        "cooldown_bars": 4,
        "min_strength": 0.7299103634677963,
        "side_when_bear": 0,
        "min_edge_pct": 0.02991816283945534,
        "fee_pct": 0.0025,
        "slippage_pct": 0.01,
        "tol_buy_lo": 0.01,
        "tol_buy_hi": 0.01608637844009271,
        "tol_sell_lo": 0.006765142755961444,
        "tol_sell_hi": 0.010679432286248177,
        "timeframe_minutes": 60,
        "breakout_window": 20,
        "breakout_slope_min": 0.0021954385388901513,
        "strong_slope_min": 0.0032414865989400686,
        "trail_atr_mult": 2.0,
        "no_sell_above_ema_fast_in_bull": 1,
        "allow_bear_breakout_sell": 0
      }
    },
    "cps_v2_profit_biased": {
      "score": 0.8972227944306155,
      "trial_id": 110,
      "strategy": "GridTradingStrategyV2Aggressive",
      "parameters": {
        "min_step_pct": 0.036509970439057925,
        "atr_mult": 0.604170775723446,
        "num_grids": 20,
        "trend_ema_fast": 52,
        "trend_ema_slow": 319,
        "sell_spacing_mult_bull": 1.189301749626587,
        "buy_spacing_mult_bear": 1.4107825958677007,
        "recenter_threshold_pct": 0.2362295974784927,
        "recenter_dwell_bars": 10,
        "center_lookback": 14,
        "cooldown_bars": 4,
        "min_strength": 0.7299103634677963,
        "side_when_bear": 0,
        "min_edge_pct": 0.02991816283945534,
        "fee_pct": 0.0025,
        "slippage_pct": 0.01,
        "tol_buy_lo": 0.01,
        "tol_buy_hi": 0.01608637844009271,
        "tol_sell_lo": 0.006765142755961444,
        "tol_sell_hi": 0.010679432286248177,
        "timeframe_minutes": 60,
        "breakout_window": 20,
        "breakout_slope_min": 0.0021954385388901513,
        "strong_slope_min": 0.0032414865989400686,
        "trail_atr_mult": 2.0,
        "no_sell_above_ema_fast_in_bull": 1,
        "allow_bear_breakout_sell": 0
      }
    },
    "mar": {
      "score": 462933139.0669673,
      "trial_id": 135,
      "strategy": "GridTradingStrategyV2Aggressive",
      "parameters": {
        "min_step_pct": 0.0368867645476845,
        "atr_mult": 1.564880530363089,
        "num_grids": 14,
        "trend_ema_fast": 70,
        "trend_ema_slow": 101,
        "sell_spacing_mult_bull": 1.676033037268292,
        "buy_spacing_mult_bear": 1.6601680638085616,
        "recenter_threshold_pct": 0.12,
        "recenter_dwell_bars": 6,
        "center_lookback": 33,
        "cooldown_bars": 1,
        "min_strength": 0.45829761957159293,
        "side_when_bear": 1,
        "min_edge_pct": 0.015248880902180609,
        "fee_pct": 0.0025,
        "slippage_pct": 0.01,
        "tol_buy_lo": 0.016029455920797908,
        "tol_buy_hi": 0.0035584500053202264,
        "tol_sell_lo": 0.005,
        "tol_sell_hi": 0.019316946033523297,
        "timeframe_minutes": 60,
        "breakout_window": 43,
        "breakout_slope_min": 0.0016377502270093355,
        "strong_slope_min": 0.005397538236279312,
        "trail_atr_mult": 2.5798122239018793,
        "no_sell_above_ema_fast_in_bull": 1,
        "allow_bear_breakout_sell": 1
      }
    },
    "utility": {
      "score": 0.24840801358170045,
      "trial_id": 5,
      "strategy": "GridTradingStrategyV2Aggressive",
      "parameters": {
        "min_step_pct": 0.03716857990789862,
        "atr_mult": 0.6775645296667735,
        "num_grids": 14,
        "trend_ema_fast": 75,
        "trend_ema_slow": 200,
        "sell_spacing_mult_bull": 1.3,
        "buy_spacing_mult_bear": 1.139122826083318,
        "recenter_threshold_pct": 0.09622694527677612,
        "recenter_dwell_bars": 6,
        "center_lookback": 13,
        "cooldown_bars": 3,
        "min_strength": 0.565013916774742,
        "side_when_bear": 0,
        "min_edge_pct": 0.029973223465434008,
        "fee_pct": 0.0025,
        "slippage_pct": 0.01,
        "tol_buy_lo": 0.01237718838640021,
        "tol_buy_hi": 0.005,
        "tol_sell_lo": 0.003639903361413248,
        "tol_sell_hi": 0.009916658530998398,
        "timeframe_minutes": 60,
        "breakout_window": 20,
        "breakout_slope_min": 0.002639196599389006,
        "strong_slope_min": 0.007835402344573793,
        "trail_atr_mult": 2.096260637645242,
        "no_sell_above_ema_fast_in_bull": 0,
        "allow_bear_breakout_sell": 1
      }
    },
    "cps": {
      "score": 85.5,
      "trial_id": 110,
      "strategy": "GridTradingStrategyV2Aggressive",
      "parameters": {
        "min_step_pct": 0.036509970439057925,
        "atr_mult": 0.604170775723446,
        "num_grids": 20,
        "trend_ema_fast": 52,
        "trend_ema_slow": 319,
        "sell_spacing_mult_bull": 1.189301749626587,
        "buy_spacing_mult_bear": 1.4107825958677007,
        "recenter_threshold_pct": 0.2362295974784927,
        "recenter_dwell_bars": 10,
        "center_lookback": 14,
        "cooldown_bars": 4,
        "min_strength": 0.7299103634677963,
        "side_when_bear": 0,
        "min_edge_pct": 0.02991816283945534,
        "fee_pct": 0.0025,
        "slippage_pct": 0.01,
        "tol_buy_lo": 0.01,
        "tol_buy_hi": 0.01608637844009271,
        "tol_sell_lo": 0.006765142755961444,
        "tol_sell_hi": 0.010679432286248177,
        "timeframe_minutes": 60,
        "breakout_window": 20,
        "breakout_slope_min": 0.0021954385388901513,
        "strong_slope_min": 0.0032414865989400686,
        "trail_atr_mult": 2.0,
        "no_sell_above_ema_fast_in_bull": 1,
        "allow_bear_breakout_sell": 0
      }
    },
    "cps_v2": {
      "score": 0.8972227944306155,
      "trial_id": 110,
      "strategy": "GridTradingStrategyV2Aggressive",
      "parameters": {
        "min_step_pct": 0.036509970439057925,
        "atr_mult": 0.604170775723446,
        "num_grids": 20,
        "trend_ema_fast": 52,
        "trend_ema_slow": 319,
        "sell_spacing_mult_bull": 1.189301749626587,
        "buy_spacing_mult_bear": 1.4107825958677007,
        "recenter_threshold_pct": 0.2362295974784927,
        "recenter_dwell_bars": 10,
        "center_lookback": 14,
        "cooldown_bars": 4,
        "min_strength": 0.7299103634677963,