{
  "next_trial_id": 401,
  "completed": 400,
  "total_requests": 400,
  "remaining_calls": 0,
  "best_scores": {
    "final_balance": {
      "score": 4921.563401069371,
      "trial_id": 174,
      "strategy": "GridTradingStrategyV2Aggressive",
      "parameters": {
        "min_step_pct": 0.029555929880283004,
        "atr_mult": 1.043698305134349,
        "num_grids": 19,
        "trend_ema_fast": 39,
        "trend_ema_slow": 283,
        "sell_spacing_mult_bull": 1.4706979870330321,
        "buy_spacing_mult_bear": 1.3263949967212594,
        "recenter_threshold_pct": 0.20727003279625328,
        "recenter_dwell_bars": 9,
        "center_lookback": 23,
        "cooldown_bars": 2,
        "min_strength": 0.7138814324458049,
        "side_when_bear": 1,
        "min_edge_pct": 0.02,
        "fee_pct": 0.0025,
        "slippage_pct": 0.01,
        "tol_buy_lo": 0.011343187756504015,
        "tol_buy_hi": 0.012650432338468274,
        "tol_sell_lo": 0.0031590305858704556,
        "tol_sell_hi": 0.0199111599075301,
        "timeframe_minutes": 60,
        "breakout_window": 63,
        "breakout_slope_min": 0.0005,
        "strong_slope_min": 0.009968833789943789,
        "trail_atr_mult": 3.427507145710043,
        "no_sell_above_ema_fast_in_bull": false,
        "allow_bear_breakout_sell": true
      }
    },
    "profit_biased": {
      "score": 0.7395639329062283,
      "trial_id": 174,
      "strategy": "GridTradingStrategyV2Aggressive",
      "parameters": {
        "min_step_pct": 0.029555929880283004,
        "atr_mult": 1.043698305134349,
        "num_grids": 19,
        "trend_ema_fast": 39,
        "trend_ema_slow": 283,
        "sell_spacing_mult_bull": 1.4706979870330321,
        "buy_spacing_mult_bear": 1.3263949967212594,
        "recenter_threshold_pct": 0.20727003279625328,
        "recenter_dwell_bars": 9,
        "center_lookback": 23,
        "cooldown_bars": 2,
        "min_strength": 0.7138814324458049,
        "side_when_bear": 1,
        "min_edge_pct": 0.02,
        "fee_pct": 0.0025,
        "slippage_pct": 0.01,
        "tol_buy_lo": 0.011343187756504015,
        "tol_buy_hi": 0.012650432338468274,
        "tol_sell_lo": 0.0031590305858704556,
        "tol_sell_hi": 0.0199111599075301,
        "timeframe_minutes": 60,
        "breakout_window": 63,
        "breakout_slope_min": 0.0005,
        "strong_slope_min": 0.009968833789943789,
        "trail_atr_mult": 3.427507145710043,
        "no_sell_above_ema_fast_in_bull": false,
        "allow_bear_breakout_sell": true
      }
    },
    "cps_v2_profit_biased": {
      "score": 0.7395639329062283,
      "trial_id": 174,
      "strategy": "GridTradingStrategyV2Aggressive",
      "parameters": {
        "min_step_pct": 0.029555929880283004,
        "atr_mult": 1.043698305134349,
        "num_grids": 19,
        "trend_ema_fast": 39,
        "trend_ema_slow": 283,
        "sell_spacing_mult_bull": 1.4706979870330321,
        "buy_spacing_mult_bear": 1.3263949967212594,
        "recenter_threshold_pct": 0.20727003279625328,
        "recenter_dwell_bars": 9,
        "center_lookback": 23,
        "cooldown_bars": 2,
        "min_strength": 0.7138814324458049,
        "side_when_bear": 1,
        "min_edge_pct": 0.02,
        "fee_pct": 0.0025,
        "slippage_pct": 0.01,
        "tol_buy_lo": 0.011343187756504015,
        "tol_buy_hi": 0.012650432338468274,
        "tol_sell_lo": 0.0031590305858704556,
        "tol_sell_hi": 0.0199111599075301,
        "timeframe_minutes": 60,
        "breakout_window": 63,
        "breakout_slope_min": 0.0005,
        "strong_slope_min": 0.009968833789943789,
        "trail_atr_mult": 3.427507145710043,
        "no_sell_above_ema_fast_in_bull": false,
        "allow_bear_breakout_sell": true
      }
    },
    "mar": {
      "score": 3921563401.069371,
      "trial_id": 174,
      "strategy": "GridTradingStrategyV2Aggressive",
      "parameters": {
        "min_step_pct": 0.029555929880283004,
        "atr_mult": 1.043698305134349,
        "num_grids": 19,
        "trend_ema_fast": 39,
        "trend_ema_slow": 283,
        "sell_spacing_mult_bull": 1.4706979870330321,
        "buy_spacing_mult_bear": 1.3263949967212594,
        "recenter_threshold_pct": 0.20727003279625328,
        "recenter_dwell_bars": 9,
        "center_lookback": 23,
        "cooldown_bars": 2,
        "min_strength": 0.7138814324458049,
        "side_when_bear": 1,
        "min_edge_pct": 0.02,
        "fee_pct": 0.0025,
        "slippage_pct": 0.01,
        "tol_buy_lo": 0.011343187756504015,
        "tol_buy_hi": 0.012650432338468274,
        "tol_sell_lo": 0.0031590305858704556,
        "tol_sell_hi": 0.0199111599075301,
        "timeframe_minutes": 60,
        "breakout_window": 63,
        "breakout_slope_min": 0.0005,
        "strong_slope_min": 0.009968833789943789,
        "trail_atr_mult": 3.427507145710043,
        "no_sell_above_ema_fast_in_bull": false,
        "allow_bear_breakout_sell": true
      }
    },
    "utility": {
      "score": 2.0349709811739274,
      "trial_id": 174,
      "strategy": "GridTradingStrategyV2Aggressive",
      "parameters": {
        "min_step_pct": 0.029555929880283004,
        "atr_mult": 1.043698305134349,
        "num_grids": 19,
        "trend_ema_fast": 39,
        "trend_ema_slow": 283,
        "sell_spacing_mult_bull": 1.4706979870330321,
        "buy_spacing_mult_bear": 1.3263949967212594,
        "recenter_threshold_pct": 0.20727003279625328,
        "recenter_dwell_bars": 9,
        "center_lookback": 23,
        "cooldown_bars": 2,
        "min_strength": 0.7138814324458049,
        "side_when_bear": 1,
        "min_edge_pct": 0.02,
        "fee_pct": 0.0025,
        "slippage_pct": 0.01,
        "tol_buy_lo": 0.011343187756504015,
        "tol_buy_hi": 0.012650432338468274,
        "tol_sell_lo": 0.0031590305858704556,
        "tol_sell_hi": 0.0199111599075301,
        "timeframe_minutes": 60,
        "breakout_window": 63,
        "breakout_slope_min": 0.0005,
        "strong_slope_min": 0.009968833789943789,
        "trail_atr_mult": 3.427507145710043,
        "no_sell_above_ema_fast_in_bull": false,
        "allow_bear_breakout_sell": true
      }
    },
    "cps": {
      "score": 71.64,
      "trial_id": 32,
      "strategy": "CSMARevertStrategy",
      "parameters": {
        "n_sma": 591,
        "entry_drop": 0.25,
        "exit_up": false,
        "rsi_period": 8,
        "rsi_max": 29.43086733398348,
        "timeframe_minutes": 5
      }
    },
    "cps_v2": {
      "score": 0.7395639329062283,
      "trial_id": 174,
      "strategy": "GridTradingStrategyV2Aggressive",
      "parameters": {
        "min_step_pct": 0.029555929880283004,
        "atr_mult": 1.043698305134349,
        "num_grids": 19,
        "trend_ema_fast": 39,
        "trend_ema_slow": 283,
        "sell_spacing_mult_bull": 1.4706979870330321,
        "buy_spacing_mult_bear": 1.3263949967212594,
        "recenter_threshold_pct": 0.20727003279625328,
        "recenter_dwell_bars": 9,
        "center_lookback": 23,
        "cooldown_bars": 2,
        "min_strength": 0.7138814324458049,
        "side_when_bear": 1,
        "min_edge_pct": 0.02,
        "fee_pct": 0.0025,
        "slippage_pct": 0.01,
        "tol_buy_lo": 0.011343187756504015,
        "tol_buy_hi": 0.012650432338468274,
        "tol_sell_lo": 0.0031590305858704556,
        "tol_sell_hi": 0.0199111599075301,
        "timeframe_minutes": 60,
        "breakout_window": 63,
        "breakout_slope_min": 0.0005,
        "strong_slope_min": 0.009968833789943789,
        "trail_atr_mult": 3.427507145710043,
        "no_sell_above_ema_fast_in_bull": false,
        "allow_bear_breakout_sell": true
      }
    }
  }
}