{
  "next_trial_id": 401,
  "completed": 400,
  "total_requests": 400,
  "remaining_calls": 0,
  "best_scores": {
    "final_balance": {
      "score": 8693.551334867701,
      "trial_id": 139,
      "strategy": "GridTradingStrategyV2Aggressive",
      "parameters": {
        "min_step_pct": 0.03770431477803034,
        "atr_mult": 0.7489049258148615,
        "num_grids": 17,
        "trend_ema_fast": 50,
        "trend_ema_slow": 351,
        "sell_spacing_mult_bull": 1.7634273919506653,
        "buy_spacing_mult_bear": 1.6254263408014855,
        "recenter_threshold_pct": 0.12,
        "recenter_dwell_bars": 6,
        "center_lookback": 38,
        "cooldown_bars": 1,
        "min_strength": 0.55,
        "side_when_bear": 0,
        "min_edge_pct": 0.02,
        "fee_pct": 0.0025,
        "slippage_pct": 0.01,
        "tol_buy_lo": 0.013488842202930361,
        "tol_buy_hi": 0.016564368397988742,
        "tol_sell_lo": 0.009366251417310276,
        "tol_sell_hi": 0.00830794394347834,
        "timeframe_minutes": 60,
        "breakout_window": 20,
        "breakout_slope_min": 0.0035036727745372076,
        "strong_slope_min": 0.0014070370998045894,
        "trail_atr_mult": 1.598338821988518,
        "no_sell_above_ema_fast_in_bull": 0,
        "allow_bear_breakout_sell": 0
      }
    },
    "profit_biased": {
      "score": 0.7310321414508397,
      "trial_id": 129,
      "strategy": "GridTradingStrategyV2Aggressive",
      "parameters": {
        "min_step_pct": 0.0334950227794259,
        "atr_mult": 1.7597967470361504,
        "num_grids": 19,
        "trend_ema_fast": 74,
        "trend_ema_slow": 292,
        "sell_spacing_mult_bull": 1.6192154790631592,
        "buy_spacing_mult_bear": 1.5964404791032147,
        "recenter_threshold_pct": 0.21576202628285857,
        "recenter_dwell_bars": 6,
        "center_lookback": 24,
        "cooldown_bars": 5,
        "min_strength": 0.55,
        "side_when_bear": 0,
        "min_edge_pct": 0.010137260402552431,
        "fee_pct": 0.0025,
        "slippage_pct": 0.01,
        "tol_buy_lo": 0.01,
        "tol_buy_hi": 0.01710653294539965,
        "tol_sell_lo": 0.019666893627854738,
        "tol_sell_hi": 0.008767908014458653,
        "timeframe_minutes": 60,
        "breakout_window": 54,
        "breakout_slope_min": 0.0012054091526505137,
        "strong_slope_min": 0.002011542601583092,
        "trail_atr_mult": 2.610808607205183,
        "no_sell_above_ema_fast_in_bull": 1,
        "allow_bear_breakout_sell": 0
      }
    },
    "cps_v2_profit_biased": {
      "score": 0.7310321414508397,
      "trial_id": 129,
      "strategy": "GridTradingStrategyV2Aggressive",
      "parameters": {
        "min_step_pct": 0.0334950227794259,
        "atr_mult": 1.7597967470361504,
        "num_grids": 19,
        "trend_ema_fast": 74,
        "trend_ema_slow": 292,
        "sell_spacing_mult_bull": 1.6192154790631592,
        "buy_spacing_mult_bear": 1.5964404791032147,
        "recenter_threshold_pct": 0.21576202628285857,
        "recenter_dwell_bars": 6,
        "center_lookback": 24,
        "cooldown_bars": 5,
        "min_strength": 0.55,
        "side_when_bear": 0,
        "min_edge_pct": 0.010137260402552431,
        "fee_pct": 0.0025,
        "slippage_pct": 0.01,
        "tol_buy_lo": 0.01,
        "tol_buy_hi": 0.01710653294539965,
        "tol_sell_lo": 0.019666893627854738,
        "tol_sell_hi": 0.008767908014458653,
        "timeframe_minutes": 60,
        "breakout_window": 54,
        "breakout_slope_min": 0.0012054091526505137,
        "strong_slope_min": 0.002011542601583092,
        "trail_atr_mult": 2.610808607205183,
        "no_sell_above_ema_fast_in_bull": 1,
        "allow_bear_breakout_sell": 0
      }
    },
    "mar": {
      "score": 7693551334.867701,
      "trial_id": 139,
      "strategy": "GridTradingStrategyV2Aggressive",
      "parameters": {
        "min_step_pct": 0.03770431477803034,
        "atr_mult": 0.7489049258148615,
        "num_grids": 17,
        "trend_ema_fast": 50,
        "trend_ema_slow": 351,
        "sell_spacing_mult_bull": 1.7634273919506653,
        "buy_spacing_mult_bear": 1.6254263408014855,
        "recenter_threshold_pct": 0.12,
        "recenter_dwell_bars": 6,
        "center_lookback": 38,
        "cooldown_bars": 1,
        "min_strength": 0.55,
        "side_when_bear": 0,
        "min_edge_pct": 0.02,
        "fee_pct": 0.0025,
        "slippage_pct": 0.01,
        "tol_buy_lo": 0.013488842202930361,
        "tol_buy_hi": 0.016564368397988742,
        "tol_sell_lo": 0.009366251417310276,
        "tol_sell_hi": 0.00830794394347834,
        "timeframe_minutes": 60,
        "breakout_window": 20,
        "breakout_slope_min": 0.0035036727745372076,
        "strong_slope_min": 0.0014070370998045894,
        "trail_atr_mult": 1.598338821988518,
        "no_sell_above_ema_fast_in_bull": 0,
        "allow_bear_breakout_sell": 0
      }
    },
    "utility": {
      "score": 3.1855027777194347,
      "trial_id": 129,
      "strategy": "GridTradingStrategyV2Aggressive",
      "parameters": {
        "min_step_pct": 0.0334950227794259,
        "atr_mult": 1.7597967470361504,
        "num_grids": 19,
        "trend_ema_fast": 74,
        "trend_ema_slow": 292,
        "sell_spacing_mult_bull": 1.6192154790631592,
        "buy_spacing_mult_bear": 1.5964404791032147,
        "recenter_threshold_pct": 0.21576202628285857,
        "recenter_dwell_bars": 6,
        "center_lookback": 24,
        "cooldown_bars": 5,
        "min_strength": 0.55,
        "side_when_bear": 0,
        "min_edge_pct": 0.010137260402552431,
        "fee_pct": 0.0025,
        "slippage_pct": 0.01,
        "tol_buy_lo": 0.01,
        "tol_buy_hi": 0.01710653294539965,
        "tol_sell_lo": 0.019666893627854738,
        "tol_sell_hi": 0.008767908014458653,
        "timeframe_minutes": 60,
        "breakout_window": 54,
        "breakout_slope_min": 0.0012054091526505137,
        "strong_slope_min": 0.002011542601583092,
        "trail_atr_mult": 2.610808607205183,
        "no_sell_above_ema_fast_in_bull": 1,
        "allow_bear_breakout_sell": 0
      }
    },
    "cps": {
      "score": 70.9,
      "trial_id": 388,
      "strategy": "Strategy_62_RSIAvgs",
      "parameters": {
        "rsi_period": 6,
        "ma_periods": [
          5,
          10,
          20
        ],
        "overbought": 70,
        "oversold": 16,
        "signal_threshold": 0.40197004910843503
      }
    },
    "cps_v2": {
      "score": 0.7310321414508397,
      "trial_id": 129,
      "strategy": "GridTradingStrategyV2Aggressive",
      "parameters": {
        "min_step_pct": 0.0334950227794259,
        "atr_mult": 1.7597967470361504,
        "num_grids": 19,
        "trend_ema_fast": 74,
        "trend_ema_slow": 292,
        "sell_spacing_mult_bull": 1.6192154790631592,
        "buy_spacing_mult_bear": 1.5964404791032147,
        "recenter_threshold_pct": 0.21576202628285857,
        "recenter_dwell_bars": 6,
        "center_lookback": 24,
        "cooldown_bars": 5,
        "min_strength": 0.55,
        "side_when_bear": 0,
        "min_edge_pct": 0.010137260402552431,
        "fee_pct": 0.0025,
        "slippage_pct": 0.01,
        "tol_buy_lo": 0.01,
        "tol_buy_hi": 0.01710653294539965,
        "tol_sell_lo": 0.019666893627854738,
        "tol_sell_hi": 0.008767908014458653,
        "timeframe_minutes": 60,
        "breakout_window": 54,
        "breakout_slope_min": 0.0012054091526505137,
        "strong_slope_min": 0.002011542601583092,
        "trail_atr_mult": 2.610808607205183,
        "no_sell_above_ema_fast_in_bull": 1,
        "allow_bear_breakout_sell": 0
      }
    }
  }
}