{
  "next_trial_id": 401,
  "completed": 400,
  "total_requests": 400,
  "remaining_calls": 0,
  "best_scores": {
    "final_balance": {
      "score": 10021.706085762233,
      "trial_id": 259,
      "strategy": "GridTradingStrategyV2Aggressive",
      "parameters": {
        "min_step_pct": 0.03878576048050922,
        "atr_mult": 1.5602569737096537,
        "num_grids": 18,
        "trend_ema_fast": 46,
        "trend_ema_slow": 200,
        "sell_spacing_mult_bull": 1.3,
        "buy_spacing_mult_bear": 1.7633047950014915,
        "recenter_threshold_pct": 0.14274476371608935,
        "recenter_dwell_bars": 5,
        "center_lookback": 10,
        "cooldown_bars": 2,
        "min_strength": 0.6116071292462569,
        "side_when_bear": 0,
        "min_edge_pct": 0.02,
        "fee_pct": 0.0025,
        "slippage_pct": 0.01,
        "tol_buy_lo": 0.006076692071510768,
        "tol_buy_hi": 0.017910951563736364,
        "tol_sell_lo": 0.006057558953779931,
        "tol_sell_hi": 0.017212021581107528,
        "timeframe_minutes": 60,
        "breakout_window": 20,
        "breakout_slope_min": 0.004079280438265926,
        "strong_slope_min": 0.0005724578420870116,
        "trail_atr_mult": 2.927513030203724,
        "no_sell_above_ema_fast_in_bull": true,
        "allow_bear_breakout_sell": true
      }
    },
    "profit_biased": {
      "score": 0.7376891607890254,
      "trial_id": 259,
      "strategy": "GridTradingStrategyV2Aggressive",
      "parameters": {
        "min_step_pct": 0.03878576048050922,
        "atr_mult": 1.5602569737096537,
        "num_grids": 18,
        "trend_ema_fast": 46,
        "trend_ema_slow": 200,
        "sell_spacing_mult_bull": 1.3,
        "buy_spacing_mult_bear": 1.7633047950014915,
        "recenter_threshold_pct": 0.14274476371608935,
        "recenter_dwell_bars": 5,
        "center_lookback": 10,
        "cooldown_bars": 2,
        "min_strength": 0.6116071292462569,
        "side_when_bear": 0,
        "min_edge_pct": 0.02,
        "fee_pct": 0.0025,
        "slippage_pct": 0.01,
        "tol_buy_lo": 0.006076692071510768,
        "tol_buy_hi": 0.017910951563736364,
        "tol_sell_lo": 0.006057558953779931,
        "tol_sell_hi": 0.017212021581107528,
        "timeframe_minutes": 60,
        "breakout_window": 20,
        "breakout_slope_min": 0.004079280438265926,
        "strong_slope_min": 0.0005724578420870116,
        "trail_atr_mult": 2.927513030203724,
        "no_sell_above_ema_fast_in_bull": true,
        "allow_bear_breakout_sell": true
      }
    },
    "cps_v2_profit_biased": {
      "score": 0.7376891607890254,
      "trial_id": 259,
      "strategy": "GridTradingStrategyV2Aggressive",
      "parameters": {
        "min_step_pct": 0.03878576048050922,
        "atr_mult": 1.5602569737096537,
        "num_grids": 18,
        "trend_ema_fast": 46,
        "trend_ema_slow": 200,
        "sell_spacing_mult_bull": 1.3,
        "buy_spacing_mult_bear": 1.7633047950014915,
        "recenter_threshold_pct": 0.14274476371608935,
        "recenter_dwell_bars": 5,
        "center_lookback": 10,
        "cooldown_bars": 2,
        "min_strength": 0.6116071292462569,
        "side_when_bear": 0,
        "min_edge_pct": 0.02,
        "fee_pct": 0.0025,
        "slippage_pct": 0.01,
        "tol_buy_lo": 0.006076692071510768,
        "tol_buy_hi": 0.017910951563736364,
        "tol_sell_lo": 0.006057558953779931,
        "tol_sell_hi": 0.017212021581107528,
        "timeframe_minutes": 60,
        "breakout_window": 20,
        "breakout_slope_min": 0.004079280438265926,
        "strong_slope_min": 0.0005724578420870116,
        "trail_atr_mult": 2.927513030203724,
        "no_sell_above_ema_fast_in_bull": true,
        "allow_bear_breakout_sell": true
      }
    },
    "mar": {
      "score": 9021706085.762232,
      "trial_id": 259,
      "strategy": "GridTradingStrategyV2Aggressive",
      "parameters": {
        "min_step_pct": 0.03878576048050922,
        "atr_mult": 1.5602569737096537,
        "num_grids": 18,
        "trend_ema_fast": 46,
        "trend_ema_slow": 200,
        "sell_spacing_mult_bull": 1.3,
        "buy_spacing_mult_bear": 1.7633047950014915,
        "recenter_threshold_pct": 0.14274476371608935,
        "recenter_dwell_bars": 5,
        "center_lookback": 10,
        "cooldown_bars": 2,
        "min_strength": 0.6116071292462569,
        "side_when_bear": 0,
        "min_edge_pct": 0.02,
        "fee_pct": 0.0025,
        "slippage_pct": 0.01,
        "tol_buy_lo": 0.006076692071510768,
        "tol_buy_hi": 0.017910951563736364,
        "tol_sell_lo": 0.006057558953779931,
        "tol_sell_hi": 0.017212021581107528,
        "timeframe_minutes": 60,
        "breakout_window": 20,
        "breakout_slope_min": 0.004079280438265926,
        "strong_slope_min": 0.0005724578420870116,
        "trail_atr_mult": 2.927513030203724,
        "no_sell_above_ema_fast_in_bull": true,
        "allow_bear_breakout_sell": true
      }
    },
    "utility": {
      "score": 3.907642133216977,
      "trial_id": 259,
      "strategy": "GridTradingStrategyV2Aggressive",
      "parameters": {
        "min_step_pct": 0.03878576048050922,
        "atr_mult": 1.5602569737096537,
        "num_grids": 18,
        "trend_ema_fast": 46,
        "trend_ema_slow": 200,
        "sell_spacing_mult_bull": 1.3,
        "buy_spacing_mult_bear": 1.7633047950014915,
        "recenter_threshold_pct": 0.14274476371608935,
        "recenter_dwell_bars": 5,
        "center_lookback": 10,
        "cooldown_bars": 2,
        "min_strength": 0.6116071292462569,
        "side_when_bear": 0,
        "min_edge_pct": 0.02,
        "fee_pct": 0.0025,
        "slippage_pct": 0.01,
        "tol_buy_lo": 0.006076692071510768,
        "tol_buy_hi": 0.017910951563736364,
        "tol_sell_lo": 0.006057558953779931,
        "tol_sell_hi": 0.017212021581107528,
        "timeframe_minutes": 60,
        "breakout_window": 20,
        "breakout_slope_min": 0.004079280438265926,
        "strong_slope_min": 0.0005724578420870116,
        "trail_atr_mult": 2.927513030203724,
        "no_sell_above_ema_fast_in_bull": true,
        "allow_bear_breakout_sell": true
      }
    },
    "cps": {
      "score": 70.0,
      "trial_id": 259,
      "strategy": "GridTradingStrategyV2Aggressive",
      "parameters": {
        "min_step_pct": 0.03878576048050922,
        "atr_mult": 1.5602569737096537,
        "num_grids": 18,
        "trend_ema_fast": 46,
        "trend_ema_slow": 200,
        "sell_spacing_mult_bull": 1.3,
        "buy_spacing_mult_bear": 1.7633047950014915,
        "recenter_threshold_pct": 0.14274476371608935,
        "recenter_dwell_bars": 5,
        "center_lookback": 10,
        "cooldown_bars": 2,
        "min_strength": 0.6116071292462569,
        "side_when_bear": 0,
        "min_edge_pct": 0.02,
        "fee_pct": 0.0025,
        "slippage_pct": 0.01,
        "tol_buy_lo": 0.006076692071510768,
        "tol_buy_hi": 0.017910951563736364,
        "tol_sell_lo": 0.006057558953779931,
        "tol_sell_hi": 0.017212021581107528,
        "timeframe_minutes": 60,
        "breakout_window": 20,
        "breakout_slope_min": 0.004079280438265926,
        "strong_slope_min": 0.0005724578420870116,
        "trail_atr_mult": 2.927513030203724,
        "no_sell_above_ema_fast_in_bull": true,
        "allow_bear_breakout_sell": true
      }
    },
    "cps_v2": {
      "score": 0.7376891607890254,
      "trial_id": 259,
      "strategy": "GridTradingStrategyV2Aggressive",
      "parameters": {
        "min_step_pct": 0.03878576048050922,
        "atr_mult": 1.5602569737096537,
        "num_grids": 18,
        "trend_ema_fast": 46,
        "trend_ema_slow": 200,
        "sell_spacing_mult_bull": 1.3,
        "buy_spacing_mult_bear": 1.7633047950014915,
        "recenter_threshold_pct": 0.14274476371608935,
        "recenter_dwell_bars": 5,
        "center_lookback": 10,
        "cooldown_bars": 2,