{
  "next_trial_id": 401,
  "completed": 400,
  "total_requests": 400,
  "remaining_calls": 0,
  "best_scores": {
    "final_balance": {
      "score": 1641.6900535825437,
      "trial_id": 64,
      "strategy": "GridTradingStrategyV2Aggressive",
      "parameters": {
        "min_step_pct": 0.03594088731735845,
        "atr_mult": 0.7400297476811379,
        "num_grids": 17,
        "trend_ema_fast": 77,
        "trend_ema_slow": 200,
        "sell_spacing_mult_bull": 1.0234931799225588,
        "buy_spacing_mult_bear": 1.7633470952529984,
        "recenter_threshold_pct": 0.24893145579184334,
        "recenter_dwell_bars": 6,
        "center_lookback": 22,
        "cooldown_bars": 2,
        "min_strength": 0.55,
        "side_when_bear": 0,
        "min_edge_pct": 0.02,
        "fee_pct": 0.0025,
        "slippage_pct": 0.01,
        "tol_buy_lo": 0.01,
        "tol_buy_hi": 0.0160165643358973,
        "tol_sell_lo": 0.005,
        "tol_sell_hi": 0.0125858603705058,
        "timeframe_minutes": 60,
        "breakout_window": 17,
        "breakout_slope_min": 0.002050471044674367,
        "strong_slope_min": 0.009977592419170627,
        "trail_atr_mult": 1.6416826368816348,
        "no_sell_above_ema_fast_in_bull": true,
        "allow_bear_breakout_sell": true
      }
    },
    "profit_biased": {
      "score": 0.9004976309232576,
      "trial_id": 64,
      "strategy": "GridTradingStrategyV2Aggressive",
      "parameters": {
        "min_step_pct": 0.03594088731735845,
        "atr_mult": 0.7400297476811379,
        "num_grids": 17,
        "trend_ema_fast": 77,
        "trend_ema_slow": 200,
        "sell_spacing_mult_bull": 1.0234931799225588,
        "buy_spacing_mult_bear": 1.7633470952529984,
        "recenter_threshold_pct": 0.24893145579184334,
        "recenter_dwell_bars": 6,
        "center_lookback": 22,
        "cooldown_bars": 2,
        "min_strength": 0.55,
        "side_when_bear": 0,
        "min_edge_pct": 0.02,
        "fee_pct": 0.0025,
        "slippage_pct": 0.01,
        "tol_buy_lo": 0.01,
        "tol_buy_hi": 0.0160165643358973,
        "tol_sell_lo": 0.005,
        "tol_sell_hi": 0.0125858603705058,
        "timeframe_minutes": 60,
        "breakout_window": 17,
        "breakout_slope_min": 0.002050471044674367,
        "strong_slope_min": 0.009977592419170627,
        "trail_atr_mult": 1.6416826368816348,
        "no_sell_above_ema_fast_in_bull": true,
        "allow_bear_breakout_sell": true
      }
    },
    "cps_v2_profit_biased": {
      "score": 0.9004976309232576,
      "trial_id": 64,
      "strategy": "GridTradingStrategyV2Aggressive",
      "parameters": {
        "min_step_pct": 0.03594088731735845,
        "atr_mult": 0.7400297476811379,
        "num_grids": 17,
        "trend_ema_fast": 77,
        "trend_ema_slow": 200,
        "sell_spacing_mult_bull": 1.0234931799225588,
        "buy_spacing_mult_bear": 1.7633470952529984,
        "recenter_threshold_pct": 0.24893145579184334,
        "recenter_dwell_bars": 6,
        "center_lookback": 22,
        "cooldown_bars": 2,
        "min_strength": 0.55,
        "side_when_bear": 0,
        "min_edge_pct": 0.02,
        "fee_pct": 0.0025,
        "slippage_pct": 0.01,
        "tol_buy_lo": 0.01,
        "tol_buy_hi": 0.0160165643358973,
        "tol_sell_lo": 0.005,
        "tol_sell_hi": 0.0125858603705058,
        "timeframe_minutes": 60,
        "breakout_window": 17,
        "breakout_slope_min": 0.002050471044674367,
        "strong_slope_min": 0.009977592419170627,
        "trail_atr_mult": 1.6416826368816348,
        "no_sell_above_ema_fast_in_bull": true,
        "allow_bear_breakout_sell": true
      }
    },
    "mar": {
      "score": 641690053.5825437,
      "trial_id": 64,
      "strategy": "GridTradingStrategyV2Aggressive",
      "parameters": {
        "min_step_pct": 0.03594088731735845,
        "atr_mult": 0.7400297476811379,
        "num_grids": 17,
        "trend_ema_fast": 77,
        "trend_ema_slow": 200,
        "sell_spacing_mult_bull": 1.0234931799225588,
        "buy_spacing_mult_bear": 1.7633470952529984,
        "recenter_threshold_pct": 0.24893145579184334,
        "recenter_dwell_bars": 6,
        "center_lookback": 22,
        "cooldown_bars": 2,
        "min_strength": 0.55,
        "side_when_bear": 0,
        "min_edge_pct": 0.02,
        "fee_pct": 0.0025,
        "slippage_pct": 0.01,
        "tol_buy_lo": 0.01,
        "tol_buy_hi": 0.0160165643358973,
        "tol_sell_lo": 0.005,
        "tol_sell_hi": 0.0125858603705058,
        "timeframe_minutes": 60,
        "breakout_window": 17,
        "breakout_slope_min": 0.002050471044674367,
        "strong_slope_min": 0.009977592419170627,
        "trail_atr_mult": 1.6416826368816348,
        "no_sell_above_ema_fast_in_bull": true,
        "allow_bear_breakout_sell": true
      }
    },
    "utility": {
      "score": 0.40352325645916787,
      "trial_id": 64,
      "strategy": "GridTradingStrategyV2Aggressive",
      "parameters": {
        "min_step_pct": 0.03594088731735845,
        "atr_mult": 0.7400297476811379,
        "num_grids": 17,
        "trend_ema_fast": 77,
        "trend_ema_slow": 200,
        "sell_spacing_mult_bull": 1.0234931799225588,
        "buy_spacing_mult_bear": 1.7633470952529984,
        "recenter_threshold_pct": 0.24893145579184334,
        "recenter_dwell_bars": 6,
        "center_lookback": 22,
        "cooldown_bars": 2,
        "min_strength": 0.55,
        "side_when_bear": 0,
        "min_edge_pct": 0.02,
        "fee_pct": 0.0025,
        "slippage_pct": 0.01,
        "tol_buy_lo": 0.01,
        "tol_buy_hi": 0.0160165643358973,
        "tol_sell_lo": 0.005,
        "tol_sell_hi": 0.0125858603705058,
        "timeframe_minutes": 60,
        "breakout_window": 17,
        "breakout_slope_min": 0.002050471044674367,
        "strong_slope_min": 0.009977592419170627,
        "trail_atr_mult": 1.6416826368816348,
        "no_sell_above_ema_fast_in_bull": true,
        "allow_bear_breakout_sell": true
      }
    },
    "cps": {
      "score": 86.5,
      "trial_id": 59,
      "strategy": "GridTradingStrategyV2Aggressive",
      "parameters": {
        "min_step_pct": 0.027082171080827607,
        "atr_mult": 1.123494720929144,
        "num_grids": 14,
        "trend_ema_fast": 31,
        "trend_ema_slow": 319,
        "sell_spacing_mult_bull": 1.12731529097652,
        "buy_spacing_mult_bear": 1.4962280461270798,
        "recenter_threshold_pct": 0.15395979859889317,
        "recenter_dwell_bars": 3,
        "center_lookback": 17,
        "cooldown_bars": 2,
        "min_strength": 0.7991535104945241,
        "side_when_bear": 1,
        "min_edge_pct": 0.01337712189466466,
        "fee_pct": 0.0025,
        "slippage_pct": 0.01,
        "tol_buy_lo": 0.012607119374176967,
        "tol_buy_hi": 0.007359367365477809,
        "tol_sell_lo": 0.010561331847181396,
        "tol_sell_hi": 0.01,
        "timeframe_minutes": 60,
        "breakout_window": 69,
        "breakout_slope_min": 0.001562131737123776,
        "strong_slope_min": 0.005854786416852791,
        "trail_atr_mult": 1.9846629508585316,
        "no_sell_above_ema_fast_in_bull": true,
        "allow_bear_breakout_sell": 0
      }
    },
    "cps_v2": {
      "score": 0.9004976309232576,
      "trial_id": 64,
      "strategy": "GridTradingStrategyV2Aggressive",
      "parameters": {
        "min_step_pct": 0.03594088731735845,
        "atr_mult": 0.7400297476811379,
        "num_grids": 17,
        "trend_ema_fast": 77,
        "trend_ema_slow": 200,
        "sell_spacing_mult_bull": 1.0234931799225588,
        "buy_spacing_mult_bear": 1.7633470952529984,
        "recenter_threshold_pct": 0.24893145579184334,
        "recenter_dwell_bars": 6,
        "center_lookback": 22,
        "cooldown_bars": 2,
        "min_strength": 0.55,
        "side_when_bear": 0,
        "min_edge_pct": 0.02,
        "fee_pct": 0.0025,
        "slippage_pct": 0.01,
        "tol_buy_lo": 0.01,