{
  "next_trial_id": 201,
  "completed": 200,
  "total_requests": 200,
  "remaining_calls": 0,
  "best_scores": {
    "final_balance": {
      "score": 18406.00392192126,
      "trial_id": 99,
      "strategy": "Strategy_62_RSIAvgs",
      "parameters": {
        "rsi_period": 35,
        "ma_periods": [
          5,
          10,
          20
        ],
        "overbought": 37,
        "oversold": 22,
        "signal_threshold": 0.3961624541239295
      }
    },
    "profit_biased": {
      "score": 0.8816270942107488,
      "trial_id": 180,
      "strategy": "GridTradingStrategyV2Aggressive",
      "parameters": {
        "min_step_pct": 0.022816369768695617,
        "atr_mult": 1.20874658604055,
        "num_grids": 10,
        "trend_ema_fast": 74,
        "trend_ema_slow": 247,
        "sell_spacing_mult_bull": 1.4105952544554676,
        "buy_spacing_mult_bear": 1.1842264410956578,
        "recenter_threshold_pct": 0.17468334011238057,
        "recenter_dwell_bars": 6,
        "center_lookback": 20,
        "cooldown_bars": 2,
        "min_strength": 0.7994808244425515,
        "side_when_bear": 0,
        "min_edge_pct": 0.02,
        "fee_pct": 0.0025,
        "slippage_pct": 0.01,
        "tol_buy_lo": 0.006214414684743037,
        "tol_buy_hi": 0.01970445210341743,
        "tol_sell_lo": 0.008039499346941113,
        "tol_sell_hi": 0.013626476473956064,
        "timeframe_minutes": 60,
        "breakout_window": 20,
        "breakout_slope_min": 0.0027235066557812124,
        "strong_slope_min": 0.007439640300015947,
        "trail_atr_mult": 3.1427191792074383,
        "no_sell_above_ema_fast_in_bull": 1,
        "allow_bear_breakout_sell": 1
      }
    },
    "cps_v2_profit_biased": {
      "score": 0.8816270942107488,
      "trial_id": 180,
      "strategy": "GridTradingStrategyV2Aggressive",
      "parameters": {
        "min_step_pct": 0.022816369768695617,
        "atr_mult": 1.20874658604055,
        "num_grids": 10,
        "trend_ema_fast": 74,
        "trend_ema_slow": 247,
        "sell_spacing_mult_bull": 1.4105952544554676,
        "buy_spacing_mult_bear": 1.1842264410956578,
        "recenter_threshold_pct": 0.17468334011238057,
        "recenter_dwell_bars": 6,
        "center_lookback": 20,
        "cooldown_bars": 2,
        "min_strength": 0.7994808244425515,
        "side_when_bear": 0,
        "min_edge_pct": 0.02,
        "fee_pct": 0.0025,
        "slippage_pct": 0.01,
        "tol_buy_lo": 0.006214414684743037,
        "tol_buy_hi": 0.01970445210341743,
        "tol_sell_lo": 0.008039499346941113,
        "tol_sell_hi": 0.013626476473956064,
        "timeframe_minutes": 60,
        "breakout_window": 20,
        "breakout_slope_min": 0.0027235066557812124,
        "strong_slope_min": 0.007439640300015947,
        "trail_atr_mult": 3.1427191792074383,
        "no_sell_above_ema_fast_in_bull": 1,
        "allow_bear_breakout_sell": 1
      }
    },
    "mar": {
      "score": 17406003921.92126,
      "trial_id": 99,
      "strategy": "Strategy_62_RSIAvgs",
      "parameters": {
        "rsi_period": 35,
        "ma_periods": [
          5,
          10,
          20
        ],
        "overbought": 37,
        "oversold": 22,
        "signal_threshold": 0.3961624541239295
      }
    },
    "utility": {
      "score": 7.03586795417904,
      "trial_id": 99,
      "strategy": "Strategy_62_RSIAvgs",
      "parameters": {
        "rsi_period": 35,
        "ma_periods": [
          5,
          10,
          20
        ],
        "overbought": 37,
        "oversold": 22,
        "signal_threshold": 0.3961624541239295
      }
    },
    "cps": {
      "score": 85.5,
      "trial_id": 25,
      "strategy": "GridTradingStrategyV2Aggressive",
      "parameters": {
        "min_step_pct": 0.03633292533181435,
        "atr_mult": 1.332291581716066,
        "num_grids": 10,
        "trend_ema_fast": 50,
        "trend_ema_slow": 200,
        "sell_spacing_mult_bull": 1.5824572150728706,
        "buy_spacing_mult_bear": 1.3570949276605788,
        "recenter_threshold_pct": 0.12,
        "recenter_dwell_bars": 3,
        "center_lookback": 17,
        "cooldown_bars": 6,
        "min_strength": 0.7198473641614525,
        "side_when_bear": 2,
        "min_edge_pct": 0.026220954454048154,
        "fee_pct": 0.0025,
        "slippage_pct": 0.01,
        "tol_buy_lo": 0.017936333404819652,
        "tol_buy_hi": 0.009520817838819938,
        "tol_sell_lo": 0.0023905757146930294,
        "tol_sell_hi": 0.010277784521418028,
        "timeframe_minutes": 60,
        "breakout_window": 40,
        "breakout_slope_min": 0.000950852163732979,
        "strong_slope_min": 0.002190837699947757,
        "trail_atr_mult": 2.3468967078435847,
        "no_sell_above_ema_fast_in_bull": 1,
        "allow_bear_breakout_sell": 0
      }
    },
    "cps_v2": {
      "score": 0.8816270942107488,
      "trial_id": 180,
      "strategy": "GridTradingStrategyV2Aggressive",
      "parameters": {
        "min_step_pct": 0.022816369768695617,
        "atr_mult": 1.20874658604055,
        "num_grids": 10,
        "trend_ema_fast": 74,
        "trend_ema_slow": 247,
        "sell_spacing_mult_bull": 1.4105952544554676,
        "buy_spacing_mult_bear": 1.1842264410956578,
        "recenter_threshold_pct": 0.17468334011238057,
        "recenter_dwell_bars": 6,
        "center_lookback": 20,
        "cooldown_bars": 2,
        "min_strength": 0.7994808244425515,
        "side_when_bear": 0,
        "min_edge_pct": 0.02,
        "fee_pct": 0.0025,
        "slippage_pct": 0.01,
        "tol_buy_lo": 0.006214414684743037,
        "tol_buy_hi": 0.01970445210341743,
        "tol_sell_lo": 0.008039499346941113,
        "tol_sell_hi": 0.013626476473956064,
        "timeframe_minutes": 60,
        "breakout_window": 20,
        "breakout_slope_min": 0.0027235066557812124,
        "strong_slope_min": 0.007439640300015947,
        "trail_atr_mult": 3.1427191792074383,
        "no_sell_above_ema_fast_in_bull": 1,
        "allow_bear_breakout_sell": 1
      }
    }
  }
}