{
  "next_trial_id": 201,
  "completed": 200,
  "total_requests": 200,
  "remaining_calls": 0,
  "best_scores": {
    "final_balance": {
      "score": 3052.814767668006,
      "trial_id": 85,
      "strategy": "GridTradingStrategyV2Aggressive",
      "parameters": {
        "min_step_pct": 0.0200368439125414,
        "atr_mult": 1.0589461483780827,
        "num_grids": 17,
        "trend_ema_fast": 22,
        "trend_ema_slow": 351,
        "sell_spacing_mult_bull": 1.3,
        "buy_spacing_mult_bear": 1.7926218447256113,
        "recenter_threshold_pct": 0.18623681086909805,
        "recenter_dwell_bars": 5,
        "center_lookback": 21,
        "cooldown_bars": 1,
        "min_strength": 0.55,
        "side_when_bear": 0,
        "min_edge_pct": 0.020408509447704594,
        "fee_pct": 0.0025,
        "slippage_pct": 0.01,
        "tol_buy_lo": 0.011100941453697513,
        "tol_buy_hi": 0.008912300616581693,
        "tol_sell_lo": 0.004418812012221529,
        "tol_sell_hi": 0.01,
        "timeframe_minutes": 60,
        "breakout_window": 56,
        "breakout_slope_min": 0.0005,
        "strong_slope_min": 0.0006377304897748402,
        "trail_atr_mult": 3.3532689840819465,
        "no_sell_above_ema_fast_in_bull": 1,
        "allow_bear_breakout_sell": 1
      }
    },
    "profit_biased": {
      "score": 0.9170667902700333,
      "trial_id": 140,
      "strategy": "GridTradingStrategyV2Aggressive",
      "parameters": {
        "min_step_pct": 0.020451885328670327,
        "atr_mult": 1.0794136083389363,
        "num_grids": 18,
        "trend_ema_fast": 23,
        "trend_ema_slow": 340,
        "sell_spacing_mult_bull": 1.3863877185383053,
        "buy_spacing_mult_bear": 1.7788720009613097,
        "recenter_threshold_pct": 0.12,
        "recenter_dwell_bars": 5,
        "center_lookback": 12,
        "cooldown_bars": 3,
        "min_strength": 0.6150740046447095,
        "side_when_bear": 2,
        "min_edge_pct": 0.02339835743257318,
        "fee_pct": 0.0025,
        "slippage_pct": 0.01,
        "tol_buy_lo": 0.016489779112442936,
        "tol_buy_hi": 0.012748260509263228,
        "tol_sell_lo": 0.015552925486565278,
        "tol_sell_hi": 0.016828142842239133,
        "timeframe_minutes": 60,
        "breakout_window": 33,
        "breakout_slope_min": 0.001250952765957569,
        "strong_slope_min": 0.001,
        "trail_atr_mult": 2.4082167943999626,
        "no_sell_above_ema_fast_in_bull": 1,
        "allow_bear_breakout_sell": 0
      }
    },
    "cps_v2_profit_biased": {
      "score": 0.9170667902700333,
      "trial_id": 140,
      "strategy": "GridTradingStrategyV2Aggressive",
      "parameters": {
        "min_step_pct": 0.020451885328670327,
        "atr_mult": 1.0794136083389363,
        "num_grids": 18,
        "trend_ema_fast": 23,
        "trend_ema_slow": 340,
        "sell_spacing_mult_bull": 1.3863877185383053,
        "buy_spacing_mult_bear": 1.7788720009613097,
        "recenter_threshold_pct": 0.12,
        "recenter_dwell_bars": 5,
        "center_lookback": 12,
        "cooldown_bars": 3,
        "min_strength": 0.6150740046447095,
        "side_when_bear": 2,
        "min_edge_pct": 0.02339835743257318,
        "fee_pct": 0.0025,
        "slippage_pct": 0.01,
        "tol_buy_lo": 0.016489779112442936,
        "tol_buy_hi": 0.012748260509263228,
        "tol_sell_lo": 0.015552925486565278,
        "tol_sell_hi": 0.016828142842239133,
        "timeframe_minutes": 60,
        "breakout_window": 33,
        "breakout_slope_min": 0.001250952765957569,
        "strong_slope_min": 0.001,
        "trail_atr_mult": 2.4082167943999626,
        "no_sell_above_ema_fast_in_bull": 1,
        "allow_bear_breakout_sell": 0
      }
    },
    "mar": {
      "score": 2052814767.6680062,
      "trial_id": 85,
      "strategy": "GridTradingStrategyV2Aggressive",
      "parameters": {
        "min_step_pct": 0.0200368439125414,
        "atr_mult": 1.0589461483780827,
        "num_grids": 17,
        "trend_ema_fast": 22,
        "trend_ema_slow": 351,
        "sell_spacing_mult_bull": 1.3,
        "buy_spacing_mult_bear": 1.7926218447256113,
        "recenter_threshold_pct": 0.18623681086909805,
        "recenter_dwell_bars": 5,
        "center_lookback": 21,
        "cooldown_bars": 1,
        "min_strength": 0.55,
        "side_when_bear": 0,
        "min_edge_pct": 0.020408509447704594,
        "fee_pct": 0.0025,
        "slippage_pct": 0.01,
        "tol_buy_lo": 0.011100941453697513,
        "tol_buy_hi": 0.008912300616581693,
        "tol_sell_lo": 0.004418812012221529,
        "tol_sell_hi": 0.01,
        "timeframe_minutes": 60,
        "breakout_window": 56,
        "breakout_slope_min": 0.0005,
        "strong_slope_min": 0.0006377304897748402,
        "trail_atr_mult": 3.3532689840819465,
        "no_sell_above_ema_fast_in_bull": 1,
        "allow_bear_breakout_sell": 1
      }
    },
    "utility": {
      "score": 0.7023480336965818,
      "trial_id": 85,
      "strategy": "GridTradingStrategyV2Aggressive",
      "parameters": {
        "min_step_pct": 0.0200368439125414,
        "atr_mult": 1.0589461483780827,
        "num_grids": 17,
        "trend_ema_fast": 22,
        "trend_ema_slow": 351,
        "sell_spacing_mult_bull": 1.3,
        "buy_spacing_mult_bear": 1.7926218447256113,
        "recenter_threshold_pct": 0.18623681086909805,
        "recenter_dwell_bars": 5,
        "center_lookback": 21,
        "cooldown_bars": 1,
        "min_strength": 0.55,
        "side_when_bear": 0,
        "min_edge_pct": 0.020408509447704594,
        "fee_pct": 0.0025,
        "slippage_pct": 0.01,
        "tol_buy_lo": 0.011100941453697513,
        "tol_buy_hi": 0.008912300616581693,
        "tol_sell_lo": 0.004418812012221529,
        "tol_sell_hi": 0.01,
        "timeframe_minutes": 60,
        "breakout_window": 56,
        "breakout_slope_min": 0.0005,
        "strong_slope_min": 0.0006377304897748402,
        "trail_atr_mult": 3.3532689840819465,
        "no_sell_above_ema_fast_in_bull": 1,
        "allow_bear_breakout_sell": 1
      }
    },
    "cps": {
      "score": 90.5,
      "trial_id": 140,
      "strategy": "GridTradingStrategyV2Aggressive",
      "parameters": {
        "min_step_pct": 0.020451885328670327,
        "atr_mult": 1.0794136083389363,
        "num_grids": 18,
        "trend_ema_fast": 23,
        "trend_ema_slow": 340,
        "sell_spacing_mult_bull": 1.3863877185383053,
        "buy_spacing_mult_bear": 1.7788720009613097,
        "recenter_threshold_pct": 0.12,
        "recenter_dwell_bars": 5,
        "center_lookback": 12,
        "cooldown_bars": 3,
        "min_strength": 0.6150740046447095,
        "side_when_bear": 2,
        "min_edge_pct": 0.02339835743257318,
        "fee_pct": 0.0025,
        "slippage_pct": 0.01,
        "tol_buy_lo": 0.016489779112442936,
        "tol_buy_hi": 0.012748260509263228,
        "tol_sell_lo": 0.015552925486565278,
        "tol_sell_hi": 0.016828142842239133,
        "timeframe_minutes": 60,
        "breakout_window": 33,
        "breakout_slope_min": 0.001250952765957569,
        "strong_slope_min": 0.001,
        "trail_atr_mult": 2.4082167943999626,
        "no_sell_above_ema_fast_in_bull": 1,
        "allow_bear_breakout_sell": 0
      }
    },
    "cps_v2": {
      "score": 0.9170667902700333,
      "trial_id": 140,
      "strategy": "GridTradingStrategyV2Aggressive",
      "parameters": {
        "min_step_pct": 0.020451885328670327,
        "atr_mult": 1.0794136083389363,
        "num_grids": 18,
        "trend_ema_fast": 23,
        "trend_ema_slow": 340,
        "sell_spacing_mult_bull": 1.3863877185383053,
        "buy_spacing_mult_bear": 1.7788720009613097,
        "recenter_threshold_pct": 0.12,
        "recenter_dwell_bars": 5,
        "center_lookback": 12,
        "cooldown_bars": 3,
        "min_strength": 0.6150740046447095,
        "side_when_bear": 2,
        "min_edge_pct": 0.02339835743257318,
        "fee_pct": 0.0025,