{
  "next_trial_id": 401,
  "completed": 400,
  "total_requests": 400,
  "remaining_calls": 0,
  "best_scores": {
    "final_balance": {
      "score": 2760.5331986429997,
      "trial_id": 54,
      "strategy": "GridTradingStrategyV2Aggressive",
      "parameters": {
        "min_step_pct": 0.03572833341291834,
        "atr_mult": 1.4104899164139795,
        "num_grids": 16,
        "trend_ema_fast": 62,
        "trend_ema_slow": 200,
        "sell_spacing_mult_bull": 1.4250410800414346,
        "buy_spacing_mult_bear": 1.1147051941139017,
        "recenter_threshold_pct": 0.12,
        "recenter_dwell_bars": 8,
        "center_lookback": 27,
        "cooldown_bars": 3,
        "min_strength": 0.7895221796828475,
        "side_when_bear": 2,
        "min_edge_pct": 0.012879400197545875,
        "fee_pct": 0.0025,
        "slippage_pct": 0.01,
        "tol_buy_lo": 0.009863719920788253,
        "tol_buy_hi": 0.003827538740233917,
        "tol_sell_lo": 0.01581120974159123,
        "tol_sell_hi": 0.009244615922728086,
        "timeframe_minutes": 60,
        "breakout_window": 65,
        "breakout_slope_min": 0.002801287015910073,
        "strong_slope_min": 0.009578163355087122,
        "trail_atr_mult": 2.0,
        "no_sell_above_ema_fast_in_bull": true,
        "allow_bear_breakout_sell": false
      }
    },
    "profit_biased": {
      "score": 0.6974762166165581,
      "trial_id": 54,
      "strategy": "GridTradingStrategyV2Aggressive",
      "parameters": {
        "min_step_pct": 0.03572833341291834,
        "atr_mult": 1.4104899164139795,
        "num_grids": 16,
        "trend_ema_fast": 62,
        "trend_ema_slow": 200,
        "sell_spacing_mult_bull": 1.4250410800414346,
        "buy_spacing_mult_bear": 1.1147051941139017,
        "recenter_threshold_pct": 0.12,
        "recenter_dwell_bars": 8,
        "center_lookback": 27,
        "cooldown_bars": 3,
        "min_strength": 0.7895221796828475,
        "side_when_bear": 2,
        "min_edge_pct": 0.012879400197545875,
        "fee_pct": 0.0025,
        "slippage_pct": 0.01,
        "tol_buy_lo": 0.009863719920788253,
        "tol_buy_hi": 0.003827538740233917,
        "tol_sell_lo": 0.01581120974159123,
        "tol_sell_hi": 0.009244615922728086,
        "timeframe_minutes": 60,
        "breakout_window": 65,
        "breakout_slope_min": 0.002801287015910073,
        "strong_slope_min": 0.009578163355087122,
        "trail_atr_mult": 2.0,
        "no_sell_above_ema_fast_in_bull": true,
        "allow_bear_breakout_sell": false
      }
    },
    "cps_v2_profit_biased": {
      "score": 0.6974762166165581,
      "trial_id": 54,
      "strategy": "GridTradingStrategyV2Aggressive",
      "parameters": {
        "min_step_pct": 0.03572833341291834,
        "atr_mult": 1.4104899164139795,
        "num_grids": 16,
        "trend_ema_fast": 62,
        "trend_ema_slow": 200,
        "sell_spacing_mult_bull": 1.4250410800414346,
        "buy_spacing_mult_bear": 1.1147051941139017,
        "recenter_threshold_pct": 0.12,
        "recenter_dwell_bars": 8,
        "center_lookback": 27,
        "cooldown_bars": 3,
        "min_strength": 0.7895221796828475,
        "side_when_bear": 2,
        "min_edge_pct": 0.012879400197545875,
        "fee_pct": 0.0025,
        "slippage_pct": 0.01,
        "tol_buy_lo": 0.009863719920788253,
        "tol_buy_hi": 0.003827538740233917,
        "tol_sell_lo": 0.01581120974159123,
        "tol_sell_hi": 0.009244615922728086,
        "timeframe_minutes": 60,
        "breakout_window": 65,
        "breakout_slope_min": 0.002801287015910073,
        "strong_slope_min": 0.009578163355087122,
        "trail_atr_mult": 2.0,
        "no_sell_above_ema_fast_in_bull": true,
        "allow_bear_breakout_sell": false
      }
    },
    "mar": {
      "score": 1760533198.6429996,
      "trial_id": 54,
      "strategy": "GridTradingStrategyV2Aggressive",
      "parameters": {
        "min_step_pct": 0.03572833341291834,
        "atr_mult": 1.4104899164139795,
        "num_grids": 16,
        "trend_ema_fast": 62,
        "trend_ema_slow": 200,
        "sell_spacing_mult_bull": 1.4250410800414346,
        "buy_spacing_mult_bear": 1.1147051941139017,
        "recenter_threshold_pct": 0.12,
        "recenter_dwell_bars": 8,
        "center_lookback": 27,
        "cooldown_bars": 3,
        "min_strength": 0.7895221796828475,
        "side_when_bear": 2,
        "min_edge_pct": 0.012879400197545875,
        "fee_pct": 0.0025,
        "slippage_pct": 0.01,
        "tol_buy_lo": 0.009863719920788253,
        "tol_buy_hi": 0.003827538740233917,
        "tol_sell_lo": 0.01581120974159123,
        "tol_sell_hi": 0.009244615922728086,
        "timeframe_minutes": 60,
        "breakout_window": 65,
        "breakout_slope_min": 0.002801287015910073,
        "strong_slope_min": 0.009578163355087122,
        "trail_atr_mult": 2.0,
        "no_sell_above_ema_fast_in_bull": true,
        "allow_bear_breakout_sell": false
      }
    },
    "utility": {
      "score": 0.7867835419964276,
      "trial_id": 54,
      "strategy": "GridTradingStrategyV2Aggressive",
      "parameters": {
        "min_step_pct": 0.03572833341291834,
        "atr_mult": 1.4104899164139795,
        "num_grids": 16,
        "trend_ema_fast": 62,
        "trend_ema_slow": 200,
        "sell_spacing_mult_bull": 1.4250410800414346,
        "buy_spacing_mult_bear": 1.1147051941139017,
        "recenter_threshold_pct": 0.12,
        "recenter_dwell_bars": 8,
        "center_lookback": 27,
        "cooldown_bars": 3,
        "min_strength": 0.7895221796828475,
        "side_when_bear": 2,
        "min_edge_pct": 0.012879400197545875,
        "fee_pct": 0.0025,
        "slippage_pct": 0.01,
        "tol_buy_lo": 0.009863719920788253,
        "tol_buy_hi": 0.003827538740233917,
        "tol_sell_lo": 0.01581120974159123,
        "tol_sell_hi": 0.009244615922728086,
        "timeframe_minutes": 60,
        "breakout_window": 65,
        "breakout_slope_min": 0.002801287015910073,
        "strong_slope_min": 0.009578163355087122,
        "trail_atr_mult": 2.0,
        "no_sell_above_ema_fast_in_bull": true,
        "allow_bear_breakout_sell": false
      }
    },
    "cps": {
      "score": 68.9,
      "trial_id": 89,
      "strategy": "GridTradingStrategyV2Aggressive",
      "parameters": {
        "min_step_pct": 0.014065226928898743,
        "atr_mult": 1.0,
        "num_grids": 9,
        "trend_ema_fast": 50,
        "trend_ema_slow": 286,
        "sell_spacing_mult_bull": 1.7688464682633525,
        "buy_spacing_mult_bear": 1.582316560515769,
        "recenter_threshold_pct": 0.12,
        "recenter_dwell_bars": 16,
        "center_lookback": 14,
        "cooldown_bars": 5,
        "min_strength": 0.742106351153548,
        "side_when_bear": 0,
        "min_edge_pct": 0.012751938720398207,
        "fee_pct": 0.0025,
        "slippage_pct": 0.01,
        "tol_buy_lo": 0.017775328477797225,
        "tol_buy_hi": 0.012899390401490997,
        "tol_sell_lo": 0.003122128908946734,
        "tol_sell_hi": 0.017219352266898996,
        "timeframe_minutes": 60,
        "breakout_window": 20,
        "breakout_slope_min": 0.0037952023799170446,
        "strong_slope_min": 0.001,
        "trail_atr_mult": 1.8195123380177636,
        "no_sell_above_ema_fast_in_bull": true,
        "allow_bear_breakout_sell": true
      }
    },
    "cps_v2": {
      "score": 0.6974762166165581,
      "trial_id": 54,
      "strategy": "GridTradingStrategyV2Aggressive",
      "parameters": {
        "min_step_pct": 0.03572833341291834,
        "atr_mult": 1.4104899164139795,
        "num_grids": 16,
        "trend_ema_fast": 62,
        "trend_ema_slow": 200,
        "sell_spacing_mult_bull": 1.4250410800414346,
        "buy_spacing_mult_bear": 1.1147051941139017,
        "recenter_threshold_pct": 0.12,
        "recenter_dwell_bars": 8,
        "center_lookback": 27,
        "cooldown_bars": 3,
        "min_strength": 0.7895221796828475,