{
  "next_trial_id": 201,
  "completed": 200,
  "total_requests": 200,
  "remaining_calls": 0,
  "best_scores": {
    "final_balance": {
      "score": 2487.6823029382513,
      "trial_id": 120,
      "strategy": "GridTradingStrategyV2Aggressive",
      "parameters": {
        "min_step_pct": 0.03264484146661967,
        "atr_mult": 1.0,
        "num_grids": 16,
        "trend_ema_fast": 66,
        "trend_ema_slow": 324,
        "sell_spacing_mult_bull": 1.7859786250075702,
        "buy_spacing_mult_bear": 1.5987197412206209,
        "recenter_threshold_pct": 0.17047908066892387,
        "recenter_dwell_bars": 9,
        "center_lookback": 28,
        "cooldown_bars": 2,
        "min_strength": 0.7743568251612887,
        "side_when_bear": 0,
        "min_edge_pct": 0.009918934105669434,
        "fee_pct": 0.0025,
        "slippage_pct": 0.01,
        "tol_buy_lo": 0.01,
        "tol_buy_hi": 0.0037790507430731073,
        "tol_sell_lo": 0.016869267230437135,
        "tol_sell_hi": 0.016828439813482858,
        "timeframe_minutes": 60,
        "breakout_window": 66,
        "breakout_slope_min": 0.0003238135374642802,
        "strong_slope_min": 0.005141796211881017,
        "trail_atr_mult": 2.771830763544545,
        "no_sell_above_ema_fast_in_bull": 0,
        "allow_bear_breakout_sell": 1
      }
    },
    "profit_biased": {
      "score": 0.6027610868285364,
      "trial_id": 120,
      "strategy": "GridTradingStrategyV2Aggressive",
      "parameters": {
        "min_step_pct": 0.03264484146661967,
        "atr_mult": 1.0,
        "num_grids": 16,
        "trend_ema_fast": 66,
        "trend_ema_slow": 324,
        "sell_spacing_mult_bull": 1.7859786250075702,
        "buy_spacing_mult_bear": 1.5987197412206209,
        "recenter_threshold_pct": 0.17047908066892387,
        "recenter_dwell_bars": 9,
        "center_lookback": 28,
        "cooldown_bars": 2,
        "min_strength": 0.7743568251612887,
        "side_when_bear": 0,
        "min_edge_pct": 0.009918934105669434,
        "fee_pct": 0.0025,
        "slippage_pct": 0.01,
        "tol_buy_lo": 0.01,
        "tol_buy_hi": 0.0037790507430731073,
        "tol_sell_lo": 0.016869267230437135,
        "tol_sell_hi": 0.016828439813482858,
        "timeframe_minutes": 60,
        "breakout_window": 66,
        "breakout_slope_min": 0.0003238135374642802,
        "strong_slope_min": 0.005141796211881017,
        "trail_atr_mult": 2.771830763544545,
        "no_sell_above_ema_fast_in_bull": 0,
        "allow_bear_breakout_sell": 1
      }
    },
    "cps_v2_profit_biased": {
      "score": 0.6027610868285364,
      "trial_id": 120,
      "strategy": "GridTradingStrategyV2Aggressive",
      "parameters": {
        "min_step_pct": 0.03264484146661967,
        "atr_mult": 1.0,
        "num_grids": 16,
        "trend_ema_fast": 66,
        "trend_ema_slow": 324,
        "sell_spacing_mult_bull": 1.7859786250075702,
        "buy_spacing_mult_bear": 1.5987197412206209,
        "recenter_threshold_pct": 0.17047908066892387,
        "recenter_dwell_bars": 9,
        "center_lookback": 28,
        "cooldown_bars": 2,
        "min_strength": 0.7743568251612887,
        "side_when_bear": 0,
        "min_edge_pct": 0.009918934105669434,
        "fee_pct": 0.0025,
        "slippage_pct": 0.01,
        "tol_buy_lo": 0.01,
        "tol_buy_hi": 0.0037790507430731073,
        "tol_sell_lo": 0.016869267230437135,
        "tol_sell_hi": 0.016828439813482858,
        "timeframe_minutes": 60,
        "breakout_window": 66,
        "breakout_slope_min": 0.0003238135374642802,
        "strong_slope_min": 0.005141796211881017,
        "trail_atr_mult": 2.771830763544545,
        "no_sell_above_ema_fast_in_bull": 0,
        "allow_bear_breakout_sell": 1
      }
    },
    "mar": {
      "score": 1487682302.9382513,
      "trial_id": 120,
      "strategy": "GridTradingStrategyV2Aggressive",
      "parameters": {
        "min_step_pct": 0.03264484146661967,
        "atr_mult": 1.0,
        "num_grids": 16,
        "trend_ema_fast": 66,
        "trend_ema_slow": 324,
        "sell_spacing_mult_bull": 1.7859786250075702,
        "buy_spacing_mult_bear": 1.5987197412206209,
        "recenter_threshold_pct": 0.17047908066892387,
        "recenter_dwell_bars": 9,
        "center_lookback": 28,
        "cooldown_bars": 2,
        "min_strength": 0.7743568251612887,
        "side_when_bear": 0,
        "min_edge_pct": 0.009918934105669434,
        "fee_pct": 0.0025,
        "slippage_pct": 0.01,
        "tol_buy_lo": 0.01,
        "tol_buy_hi": 0.0037790507430731073,
        "tol_sell_lo": 0.016869267230437135,
        "tol_sell_hi": 0.016828439813482858,
        "timeframe_minutes": 60,
        "breakout_window": 66,
        "breakout_slope_min": 0.0003238135374642802,
        "strong_slope_min": 0.005141796211881017,
        "trail_atr_mult": 2.771830763544545,
        "no_sell_above_ema_fast_in_bull": 0,
        "allow_bear_breakout_sell": 1
      }
    },
    "utility": {
      "score": 0.6648462821225731,
      "trial_id": 120,
      "strategy": "GridTradingStrategyV2Aggressive",
      "parameters": {
        "min_step_pct": 0.03264484146661967,
        "atr_mult": 1.0,
        "num_grids": 16,
        "trend_ema_fast": 66,
        "trend_ema_slow": 324,
        "sell_spacing_mult_bull": 1.7859786250075702,
        "buy_spacing_mult_bear": 1.5987197412206209,
        "recenter_threshold_pct": 0.17047908066892387,
        "recenter_dwell_bars": 9,
        "center_lookback": 28,
        "cooldown_bars": 2,
        "min_strength": 0.7743568251612887,
        "side_when_bear": 0,
        "min_edge_pct": 0.009918934105669434,
        "fee_pct": 0.0025,
        "slippage_pct": 0.01,
        "tol_buy_lo": 0.01,
        "tol_buy_hi": 0.0037790507430731073,
        "tol_sell_lo": 0.016869267230437135,
        "tol_sell_hi": 0.016828439813482858,
        "timeframe_minutes": 60,
        "breakout_window": 66,
        "breakout_slope_min": 0.0003238135374642802,
        "strong_slope_min": 0.005141796211881017,
        "trail_atr_mult": 2.771830763544545,
        "no_sell_above_ema_fast_in_bull": 0,
        "allow_bear_breakout_sell": 1
      }
    },
    "cps": {
      "score": 69.49,
      "trial_id": 25,
      "strategy": "GridTradingStrategyV2Aggressive",
      "parameters": {
        "min_step_pct": 0.02,
        "atr_mult": 1.6597364402608012,
        "num_grids": 13,
        "trend_ema_fast": 76,
        "trend_ema_slow": 200,
        "sell_spacing_mult_bull": 1.2177991459249138,
        "buy_spacing_mult_bear": 1.3718082569035737,
        "recenter_threshold_pct": 0.13256844580246624,
        "recenter_dwell_bars": 10,
        "center_lookback": 20,
        "cooldown_bars": 3,
        "min_strength": 0.45402544429453606,
        "side_when_bear": 0,
        "min_edge_pct": 0.017027177619896822,
        "fee_pct": 0.0025,
        "slippage_pct": 0.01,
        "tol_buy_lo": 0.01766324869451753,
        "tol_buy_hi": 0.005,
        "tol_sell_lo": 0.005,
        "tol_sell_hi": 0.01,
        "timeframe_minutes": 60,
        "breakout_window": 38,
        "breakout_slope_min": 0.0024104481962236995,
        "strong_slope_min": 0.007418551761377616,
        "trail_atr_mult": 1.778015326090287,
        "no_sell_above_ema_fast_in_bull": 0,
        "allow_bear_breakout_sell": 0
      }
    },
    "cps_v2": {
      "score": 0.6027610868285364,
      "trial_id": 120,
      "strategy": "GridTradingStrategyV2Aggressive",
      "parameters": {
        "min_step_pct": 0.03264484146661967,
        "atr_mult": 1.0,
        "num_grids": 16,
        "trend_ema_fast": 66,
        "trend_ema_slow": 324,
        "sell_spacing_mult_bull": 1.7859786250075702,
        "buy_spacing_mult_bear": 1.5987197412206209,
        "recenter_threshold_pct": 0.17047908066892387,
        "recenter_dwell_bars": 9,
        "center_lookback": 28,
        "cooldown_bars": 2,
        "min_strength": 0.7743568251612887,
        "side_when_bear": 0,