{
  "next_trial_id": 401,
  "completed": 400,
  "total_requests": 400,
  "remaining_calls": 0,
  "best_scores": {
    "final_balance": {
      "score": 4711.160211092742,
      "trial_id": 4,
      "strategy": "GridTradingStrategyV2Aggressive",
      "parameters": {
        "min_step_pct": 0.03339072586998959,
        "atr_mult": 1.771768938893202,
        "num_grids": 17,
        "trend_ema_fast": 34,
        "trend_ema_slow": 228,
        "sell_spacing_mult_bull": 1.330517082255492,
        "buy_spacing_mult_bear": 1.2435447201417833,
        "recenter_threshold_pct": 0.22347035456600584,
        "recenter_dwell_bars": 6,
        "center_lookback": 20,
        "cooldown_bars": 0,
        "min_strength": 0.55,
        "side_when_bear": 0,
        "min_edge_pct": 0.01211647754894674,
        "fee_pct": 0.0025,
        "slippage_pct": 0.01,
        "tol_buy_lo": 0.018852869082193382,
        "tol_buy_hi": 0.0063919889203138775,
        "tol_sell_lo": 0.003403856839479559,
        "tol_sell_hi": 0.01,
        "timeframe_minutes": 60,
        "breakout_window": 20,
        "breakout_slope_min": 0.0024230987833069304,
        "strong_slope_min": 0.001,
        "trail_atr_mult": 2.0,
        "no_sell_above_ema_fast_in_bull": 0,
        "allow_bear_breakout_sell": 1
      }
    },
    "profit_biased": {
      "score": 0.7398238536766257,
      "trial_id": 4,
      "strategy": "GridTradingStrategyV2Aggressive",
      "parameters": {
        "min_step_pct": 0.03339072586998959,
        "atr_mult": 1.771768938893202,
        "num_grids": 17,
        "trend_ema_fast": 34,
        "trend_ema_slow": 228,
        "sell_spacing_mult_bull": 1.330517082255492,
        "buy_spacing_mult_bear": 1.2435447201417833,
        "recenter_threshold_pct": 0.22347035456600584,
        "recenter_dwell_bars": 6,
        "center_lookback": 20,
        "cooldown_bars": 0,
        "min_strength": 0.55,
        "side_when_bear": 0,
        "min_edge_pct": 0.01211647754894674,
        "fee_pct": 0.0025,
        "slippage_pct": 0.01,
        "tol_buy_lo": 0.018852869082193382,
        "tol_buy_hi": 0.0063919889203138775,
        "tol_sell_lo": 0.003403856839479559,
        "tol_sell_hi": 0.01,
        "timeframe_minutes": 60,
        "breakout_window": 20,
        "breakout_slope_min": 0.0024230987833069304,
        "strong_slope_min": 0.001,
        "trail_atr_mult": 2.0,
        "no_sell_above_ema_fast_in_bull": 0,
        "allow_bear_breakout_sell": 1
      }
    },
    "cps_v2_profit_biased": {
      "score": 0.7398238536766257,
      "trial_id": 4,
      "strategy": "GridTradingStrategyV2Aggressive",
      "parameters": {
        "min_step_pct": 0.03339072586998959,
        "atr_mult": 1.771768938893202,
        "num_grids": 17,
        "trend_ema_fast": 34,
        "trend_ema_slow": 228,
        "sell_spacing_mult_bull": 1.330517082255492,
        "buy_spacing_mult_bear": 1.2435447201417833,
        "recenter_threshold_pct": 0.22347035456600584,
        "recenter_dwell_bars": 6,
        "center_lookback": 20,
        "cooldown_bars": 0,
        "min_strength": 0.55,
        "side_when_bear": 0,
        "min_edge_pct": 0.01211647754894674,
        "fee_pct": 0.0025,
        "slippage_pct": 0.01,
        "tol_buy_lo": 0.018852869082193382,
        "tol_buy_hi": 0.0063919889203138775,
        "tol_sell_lo": 0.003403856839479559,
        "tol_sell_hi": 0.01,
        "timeframe_minutes": 60,
        "breakout_window": 20,
        "breakout_slope_min": 0.0024230987833069304,
        "strong_slope_min": 0.001,
        "trail_atr_mult": 2.0,
        "no_sell_above_ema_fast_in_bull": 0,
        "allow_bear_breakout_sell": 1
      }
    },
    "mar": {
      "score": 3711160211.0927424,
      "trial_id": 4,
      "strategy": "GridTradingStrategyV2Aggressive",
      "parameters": {
        "min_step_pct": 0.03339072586998959,
        "atr_mult": 1.771768938893202,
        "num_grids": 17,
        "trend_ema_fast": 34,
        "trend_ema_slow": 228,
        "sell_spacing_mult_bull": 1.330517082255492,
        "buy_spacing_mult_bear": 1.2435447201417833,
        "recenter_threshold_pct": 0.22347035456600584,
        "recenter_dwell_bars": 6,
        "center_lookback": 20,
        "cooldown_bars": 0,
        "min_strength": 0.55,
        "side_when_bear": 0,
        "min_edge_pct": 0.01211647754894674,
        "fee_pct": 0.0025,
        "slippage_pct": 0.01,
        "tol_buy_lo": 0.018852869082193382,
        "tol_buy_hi": 0.0063919889203138775,
        "tol_sell_lo": 0.003403856839479559,
        "tol_sell_hi": 0.01,
        "timeframe_minutes": 60,
        "breakout_window": 20,
        "breakout_slope_min": 0.0024230987833069304,
        "strong_slope_min": 0.001,
        "trail_atr_mult": 2.0,
        "no_sell_above_ema_fast_in_bull": 0,
        "allow_bear_breakout_sell": 1
      }
    },
    "utility": {
      "score": 1.8697100604907462,
      "trial_id": 4,
      "strategy": "GridTradingStrategyV2Aggressive",
      "parameters": {
        "min_step_pct": 0.03339072586998959,
        "atr_mult": 1.771768938893202,
        "num_grids": 17,
        "trend_ema_fast": 34,
        "trend_ema_slow": 228,
        "sell_spacing_mult_bull": 1.330517082255492,
        "buy_spacing_mult_bear": 1.2435447201417833,
        "recenter_threshold_pct": 0.22347035456600584,
        "recenter_dwell_bars": 6,
        "center_lookback": 20,
        "cooldown_bars": 0,
        "min_strength": 0.55,
        "side_when_bear": 0,
        "min_edge_pct": 0.01211647754894674,
        "fee_pct": 0.0025,
        "slippage_pct": 0.01,
        "tol_buy_lo": 0.018852869082193382,
        "tol_buy_hi": 0.0063919889203138775,
        "tol_sell_lo": 0.003403856839479559,
        "tol_sell_hi": 0.01,
        "timeframe_minutes": 60,
        "breakout_window": 20,
        "breakout_slope_min": 0.0024230987833069304,
        "strong_slope_min": 0.001,
        "trail_atr_mult": 2.0,
        "no_sell_above_ema_fast_in_bull": 0,
        "allow_bear_breakout_sell": 1
      }
    },
    "cps": {
      "score": 70.0,
      "trial_id": 14,
      "strategy": "GridTradingStrategyV2Aggressive",
      "parameters": {
        "min_step_pct": 0.02417182427845678,
        "atr_mult": 0.8452894007591147,
        "num_grids": 20,
        "trend_ema_fast": 79,
        "trend_ema_slow": 258,
        "sell_spacing_mult_bull": 1.4027757647658783,
        "buy_spacing_mult_bear": 1.006803121848572,
        "recenter_threshold_pct": 0.21138406574250507,
        "recenter_dwell_bars": 14,
        "center_lookback": 38,
        "cooldown_bars": 3,
        "min_strength": 0.5787109171769865,
        "side_when_bear": 1,
        "min_edge_pct": 0.02,
        "fee_pct": 0.0025,
        "slippage_pct": 0.01,
        "tol_buy_lo": 0.007738446644366547,
        "tol_buy_hi": 0.007965108659595797,
        "tol_sell_lo": 0.006793857652080856,
        "tol_sell_hi": 0.0077252828003377925,
        "timeframe_minutes": 60,
        "breakout_window": 60,
        "breakout_slope_min": 0.004070005723633638,
        "strong_slope_min": 0.002738328322673921,
        "trail_atr_mult": 1.040652563679805,
        "no_sell_above_ema_fast_in_bull": 1,
        "allow_bear_breakout_sell": 0
      }
    },
    "cps_v2": {
      "score": 0.7398238536766257,
      "trial_id": 4,
      "strategy": "GridTradingStrategyV2Aggressive",
      "parameters": {
        "min_step_pct": 0.03339072586998959,
        "atr_mult": 1.771768938893202,
        "num_grids": 17,
        "trend_ema_fast": 34,
        "trend_ema_slow": 228,
        "sell_spacing_mult_bull": 1.330517082255492,
        "buy_spacing_mult_bear": 1.2435447201417833,
        "recenter_threshold_pct": 0.22347035456600584,
        "recenter_dwell_bars": 6,
        "center_lookback": 20,
        "cooldown_bars": 0,
        "min_strength": 0.55,
        "side_when_bear": 0,
        "min_edge_pct": 0.01211647754894674,
        "fee_pct": 0.0025,
        "slippage_pct": 0.01,
        "tol_buy_lo": 0.018852869082193382,