{
  "next_trial_id": 401,
  "completed": 400,
  "total_requests": 400,
  "remaining_calls": 0,
  "best_scores": {
    "final_balance": {
      "score": 1242.7393868414702,
      "trial_id": 363,
      "strategy": "DonchianChampionAggressiveStrategy",
      "parameters": {
        "entry_days": 9.663935754351478,
        "exit_days": 1.1606659818906095,
        "ema_exit_days": 2.0458417949837213,
        "trailing_drawdown_pct": false,
        "timeframe_minutes": 5
      }
    },
    "profit_biased": {
      "score": 0.914926343743399,
      "trial_id": 19,
      "strategy": "GridTradingStrategyV2Aggressive",
      "parameters": {
        "min_step_pct": 0.017994616800476176,
        "atr_mult": 1.0,
        "num_grids": 8,
        "trend_ema_fast": 53,
        "trend_ema_slow": 268,
        "sell_spacing_mult_bull": 1.7957518512332222,
        "buy_spacing_mult_bear": 1.5969509736873189,
        "recenter_threshold_pct": 0.12,
        "recenter_dwell_bars": 4,
        "center_lookback": 20,
        "cooldown_bars": 3,
        "min_strength": 0.55,
        "side_when_bear": 0,
        "min_edge_pct": 0.013476532931609872,
        "fee_pct": 0.0025,
        "slippage_pct": 0.01,
        "tol_buy_lo": 0.018544046522950258,
        "tol_buy_hi": 0.0038312224468496116,
        "tol_sell_lo": 0.008650956542188452,
        "tol_sell_hi": 0.01355178742046358,
        "timeframe_minutes": 60,
        "breakout_window": 43,
        "breakout_slope_min": 0.004429057866899736,
        "strong_slope_min": 0.0053384666759610285,
        "trail_atr_mult": 1.8221098576523036,
        "no_sell_above_ema_fast_in_bull": true,
        "allow_bear_breakout_sell": false
      }
    },
    "cps_v2_profit_biased": {
      "score": 0.914926343743399,
      "trial_id": 19,
      "strategy": "GridTradingStrategyV2Aggressive",
      "parameters": {
        "min_step_pct": 0.017994616800476176,
        "atr_mult": 1.0,
        "num_grids": 8,
        "trend_ema_fast": 53,
        "trend_ema_slow": 268,
        "sell_spacing_mult_bull": 1.7957518512332222,
        "buy_spacing_mult_bear": 1.5969509736873189,
        "recenter_threshold_pct": 0.12,
        "recenter_dwell_bars": 4,
        "center_lookback": 20,
        "cooldown_bars": 3,
        "min_strength": 0.55,
        "side_when_bear": 0,
        "min_edge_pct": 0.013476532931609872,
        "fee_pct": 0.0025,
        "slippage_pct": 0.01,
        "tol_buy_lo": 0.018544046522950258,
        "tol_buy_hi": 0.0038312224468496116,
        "tol_sell_lo": 0.008650956542188452,
        "tol_sell_hi": 0.01355178742046358,
        "timeframe_minutes": 60,
        "breakout_window": 43,
        "breakout_slope_min": 0.004429057866899736,
        "strong_slope_min": 0.0053384666759610285,
        "trail_atr_mult": 1.8221098576523036,
        "no_sell_above_ema_fast_in_bull": true,
        "allow_bear_breakout_sell": false
      }
    },
    "mar": {
      "score": 242739386.8414702,
      "trial_id": 363,
      "strategy": "DonchianChampionAggressiveStrategy",
      "parameters": {
        "entry_days": 9.663935754351478,
        "exit_days": 1.1606659818906095,
        "ema_exit_days": 2.0458417949837213,
        "trailing_drawdown_pct": false,
        "timeframe_minutes": 5
      }
    },
    "utility": {
      "score": 0.08672290837317818,
      "trial_id": 363,
      "strategy": "DonchianChampionAggressiveStrategy",
      "parameters": {
        "entry_days": 9.663935754351478,
        "exit_days": 1.1606659818906095,
        "ema_exit_days": 2.0458417949837213,
        "trailing_drawdown_pct": false,
        "timeframe_minutes": 5
      }
    },
    "cps": {
      "score": 90.5,
      "trial_id": 19,
      "strategy": "GridTradingStrategyV2Aggressive",
      "parameters": {
        "min_step_pct": 0.017994616800476176,
        "atr_mult": 1.0,
        "num_grids": 8,
        "trend_ema_fast": 53,
        "trend_ema_slow": 268,
        "sell_spacing_mult_bull": 1.7957518512332222,
        "buy_spacing_mult_bear": 1.5969509736873189,
        "recenter_threshold_pct": 0.12,
        "recenter_dwell_bars": 4,
        "center_lookback": 20,
        "cooldown_bars": 3,
        "min_strength": 0.55,
        "side_when_bear": 0,
        "min_edge_pct": 0.013476532931609872,
        "fee_pct": 0.0025,
        "slippage_pct": 0.01,
        "tol_buy_lo": 0.018544046522950258,
        "tol_buy_hi": 0.0038312224468496116,
        "tol_sell_lo": 0.008650956542188452,
        "tol_sell_hi": 0.01355178742046358,
        "timeframe_minutes": 60,
        "breakout_window": 43,
        "breakout_slope_min": 0.004429057866899736,
        "strong_slope_min": 0.0053384666759610285,
        "trail_atr_mult": 1.8221098576523036,
        "no_sell_above_ema_fast_in_bull": true,
        "allow_bear_breakout_sell": false
      }
    },
    "cps_v2": {
      "score": 0.914926343743399,
      "trial_id": 19,
      "strategy": "GridTradingStrategyV2Aggressive",
      "parameters": {
        "min_step_pct": 0.017994616800476176,
        "atr_mult": 1.0,
        "num_grids": 8,
        "trend_ema_fast": 53,
        "trend_ema_slow": 268,
        "sell_spacing_mult_bull": 1.7957518512332222,
        "buy_spacing_mult_bear": 1.5969509736873189,
        "recenter_threshold_pct": 0.12,
        "recenter_dwell_bars": 4,
        "center_lookback": 20,
        "cooldown_bars": 3,
        "min_strength": 0.55,
        "side_when_bear": 0,
        "min_edge_pct": 0.013476532931609872,
        "fee_pct": 0.0025,
        "slippage_pct": 0.01,
        "tol_buy_lo": 0.018544046522950258,
        "tol_buy_hi": 0.0038312224468496116,
        "tol_sell_lo": 0.008650956542188452,
        "tol_sell_hi": 0.01355178742046358,
        "timeframe_minutes": 60,
        "breakout_window": 43,
        "breakout_slope_min": 0.004429057866899736,
        "strong_slope_min": 0.0053384666759610285,
        "trail_atr_mult": 1.8221098576523036,
        "no_sell_above_ema_fast_in_bull": true,
        "allow_bear_breakout_sell": false
      }
    }
  }
}