{
  "next_trial_id": 201,
  "completed": 200,
  "total_requests": 200,
  "remaining_calls": 0,
  "best_scores": {
    "final_balance": {
      "score": 3906.4699669152956,
      "trial_id": 50,
      "strategy": "GridTradingStrategyV2Aggressive",
      "parameters": {
        "min_step_pct": 0.01462758655383218,
        "atr_mult": 1.0911441790493417,
        "num_grids": 20,
        "trend_ema_fast": 78,
        "trend_ema_slow": 200,
        "sell_spacing_mult_bull": 1.3,
        "buy_spacing_mult_bear": 1.6888427348071213,
        "recenter_threshold_pct": 0.22531476959760777,
        "recenter_dwell_bars": 15,
        "center_lookback": 20,
        "cooldown_bars": 2,
        "min_strength": 0.47263860574793304,
        "side_when_bear": 1,
        "min_edge_pct": 0.02,
        "fee_pct": 0.0025,
        "slippage_pct": 0.01,
        "tol_buy_lo": 0.013568096776413314,
        "tol_buy_hi": 0.005,
        "tol_sell_lo": 0.003098564750830084,
        "tol_sell_hi": 0.010139691220101077,
        "timeframe_minutes": 60,
        "breakout_window": 14,
        "breakout_slope_min": 0.0008772322778120467,
        "strong_slope_min": 0.0046801385942691984,
        "trail_atr_mult": 1.7231938323350886,
        "no_sell_above_ema_fast_in_bull": 1,
        "allow_bear_breakout_sell": 1
      }
    },
    "profit_biased": {
      "score": 0.7294622483030163,
      "trial_id": 150,
      "strategy": "GridTradingStrategyV2Aggressive",
      "parameters": {
        "min_step_pct": 0.02,
        "atr_mult": 1.3731424804843195,
        "num_grids": 20,
        "trend_ema_fast": 50,
        "trend_ema_slow": 154,
        "sell_spacing_mult_bull": 1.3,
        "buy_spacing_mult_bear": 1.5239609977609605,
        "recenter_threshold_pct": 0.219278167724406,
        "recenter_dwell_bars": 10,
        "center_lookback": 17,
        "cooldown_bars": 3,
        "min_strength": 0.55,
        "side_when_bear": 1,
        "min_edge_pct": 0.015253348328282415,
        "fee_pct": 0.0025,
        "slippage_pct": 0.01,
        "tol_buy_lo": 0.010672553689737997,
        "tol_buy_hi": 0.014463862588425075,
        "tol_sell_lo": 0.003131139364652348,
        "tol_sell_hi": 0.01,
        "timeframe_minutes": 60,
        "breakout_window": 31,
        "breakout_slope_min": 0.0034821214498179207,
        "strong_slope_min": 0.0045623861288067846,
        "trail_atr_mult": 1.7075873178039969,
        "no_sell_above_ema_fast_in_bull": 1,
        "allow_bear_breakout_sell": 1
      }
    },
    "cps_v2_profit_biased": {
      "score": 0.7294622483030163,
      "trial_id": 150,
      "strategy": "GridTradingStrategyV2Aggressive",
      "parameters": {
        "min_step_pct": 0.02,
        "atr_mult": 1.3731424804843195,
        "num_grids": 20,
        "trend_ema_fast": 50,
        "trend_ema_slow": 154,
        "sell_spacing_mult_bull": 1.3,
        "buy_spacing_mult_bear": 1.5239609977609605,
        "recenter_threshold_pct": 0.219278167724406,
        "recenter_dwell_bars": 10,
        "center_lookback": 17,
        "cooldown_bars": 3,
        "min_strength": 0.55,
        "side_when_bear": 1,
        "min_edge_pct": 0.015253348328282415,
        "fee_pct": 0.0025,
        "slippage_pct": 0.01,
        "tol_buy_lo": 0.010672553689737997,
        "tol_buy_hi": 0.014463862588425075,
        "tol_sell_lo": 0.003131139364652348,
        "tol_sell_hi": 0.01,
        "timeframe_minutes": 60,
        "breakout_window": 31,
        "breakout_slope_min": 0.0034821214498179207,
        "strong_slope_min": 0.0045623861288067846,
        "trail_atr_mult": 1.7075873178039969,
        "no_sell_above_ema_fast_in_bull": 1,
        "allow_bear_breakout_sell": 1
      }
    },
    "mar": {
      "score": 2906469966.915295,
      "trial_id": 50,
      "strategy": "GridTradingStrategyV2Aggressive",
      "parameters": {
        "min_step_pct": 0.01462758655383218,
        "atr_mult": 1.0911441790493417,
        "num_grids": 20,
        "trend_ema_fast": 78,
        "trend_ema_slow": 200,
        "sell_spacing_mult_bull": 1.3,
        "buy_spacing_mult_bear": 1.6888427348071213,
        "recenter_threshold_pct": 0.22531476959760777,
        "recenter_dwell_bars": 15,
        "center_lookback": 20,
        "cooldown_bars": 2,
        "min_strength": 0.47263860574793304,
        "side_when_bear": 1,
        "min_edge_pct": 0.02,
        "fee_pct": 0.0025,
        "slippage_pct": 0.01,
        "tol_buy_lo": 0.013568096776413314,
        "tol_buy_hi": 0.005,
        "tol_sell_lo": 0.003098564750830084,
        "tol_sell_hi": 0.010139691220101077,
        "timeframe_minutes": 60,
        "breakout_window": 14,
        "breakout_slope_min": 0.0008772322778120467,
        "strong_slope_min": 0.0046801385942691984,
        "trail_atr_mult": 1.7231938323350886,
        "no_sell_above_ema_fast_in_bull": 1,
        "allow_bear_breakout_sell": 1
      }
    },
    "utility": {
      "score": 1.3056501055013672,
      "trial_id": 175,
      "strategy": "GridTradingStrategyV2Aggressive",
      "parameters": {
        "min_step_pct": 0.03611026655663366,
        "atr_mult": 0.8007455554004257,
        "num_grids": 16,
        "trend_ema_fast": 46,
        "trend_ema_slow": 200,
        "sell_spacing_mult_bull": 1.3312248017563877,
        "buy_spacing_mult_bear": 1.7152365792074944,
        "recenter_threshold_pct": 0.08055844243224952,
        "recenter_dwell_bars": 7,
        "center_lookback": 36,
        "cooldown_bars": 6,
        "min_strength": 0.45278474513889133,
        "side_when_bear": 0,
        "min_edge_pct": 0.02,
        "fee_pct": 0.0025,
        "slippage_pct": 0.01,
        "tol_buy_lo": 0.01,
        "tol_buy_hi": 0.019953350417117655,
        "tol_sell_lo": 0.005,
        "tol_sell_hi": 0.012803064121070802,
        "timeframe_minutes": 60,
        "breakout_window": 20,
        "breakout_slope_min": 0.003082857467780846,
        "strong_slope_min": 0.009126949320880734,
        "trail_atr_mult": 3.163485440984912,
        "no_sell_above_ema_fast_in_bull": 1,
        "allow_bear_breakout_sell": 0
      }
    },
    "cps": {
      "score": 72.21,
      "trial_id": 192,
      "strategy": "CSMARevertStrategy",
      "parameters": {
        "n_sma": 504,
        "entry_drop": 0.25,
        "exit_up": 0.048,
        "rsi_period": 46,
        "rsi_max": 39.96343929759181,
        "atr_period": 32,
        "atr_mult": 2.40119660733714,
        "atr_floor_pct": 0.5529128798750473,
        "timeframe_minutes": 5
      }
    },
    "cps_v2": {
      "score": 0.7294622483030163,
      "trial_id": 150,
      "strategy": "GridTradingStrategyV2Aggressive",
      "parameters": {
        "min_step_pct": 0.02,
        "atr_mult": 1.3731424804843195,
        "num_grids": 20,
        "trend_ema_fast": 50,
        "trend_ema_slow": 154,
        "sell_spacing_mult_bull": 1.3,
        "buy_spacing_mult_bear": 1.5239609977609605,
        "recenter_threshold_pct": 0.219278167724406,
        "recenter_dwell_bars": 10,
        "center_lookback": 17,
        "cooldown_bars": 3,
        "min_strength": 0.55,
        "side_when_bear": 1,
        "min_edge_pct": 0.015253348328282415,
        "fee_pct": 0.0025,
        "slippage_pct": 0.01,
        "tol_buy_lo": 0.010672553689737997,
        "tol_buy_hi": 0.014463862588425075,
        "tol_sell_lo": 0.003131139364652348,
        "tol_sell_hi": 0.01,
        "timeframe_minutes": 60,
        "breakout_window": 31,
        "breakout_slope_min": 0.0034821214498179207,
        "strong_slope_min": 0.0045623861288067846,
        "trail_atr_mult": 1.7075873178039969,
        "no_sell_above_ema_fast_in_bull": 1,
        "allow_bear_breakout_sell": 1
      }
    }
  }
}