{
  "next_trial_id": 201,
  "completed": 200,
  "total_requests": 200,
  "remaining_calls": 0,
  "best_scores": {
    "final_balance": {
      "score": 7610.983444912747,
      "trial_id": 191,
      "strategy": "CompositeMomentumIndexStrategy",
      "parameters": {
        "rsi_period": 12,
        "roc_period": 20,
        "tsi_long": 28,
        "tsi_short": 14,
        "signal_threshold": 0.7490079600129923
      }
    },
    "profit_biased": {
      "score": 0.730245549847164,
      "trial_id": 140,
      "strategy": "GridTradingStrategyV2Aggressive",
      "parameters": {
        "min_step_pct": 0.038170841285217416,
        "atr_mult": 1.1380803062068772,
        "num_grids": 14,
        "trend_ema_fast": 49,
        "trend_ema_slow": 114,
        "sell_spacing_mult_bull": 1.188182348003318,
        "buy_spacing_mult_bear": 1.6017238023720297,
        "recenter_threshold_pct": 0.15686464493796604,
        "recenter_dwell_bars": 10,
        "center_lookback": 17,
        "cooldown_bars": 3,
        "min_strength": 0.55,
        "side_when_bear": 0,
        "min_edge_pct": 0.02885265996915578,
        "fee_pct": 0.0025,
        "slippage_pct": 0.01,
        "tol_buy_lo": 0.008567102048574471,
        "tol_buy_hi": 0.005,
        "tol_sell_lo": 0.01901088328765605,
        "tol_sell_hi": 0.017372897364058126,
        "timeframe_minutes": 60,
        "breakout_window": 20,
        "breakout_slope_min": 0.004725384308610492,
        "strong_slope_min": 0.0010854230467729118,
        "trail_atr_mult": 3.464071483563202,
        "no_sell_above_ema_fast_in_bull": 1,
        "allow_bear_breakout_sell": 1
      }
    },
    "cps_v2_profit_biased": {
      "score": 0.730245549847164,
      "trial_id": 140,
      "strategy": "GridTradingStrategyV2Aggressive",
      "parameters": {
        "min_step_pct": 0.038170841285217416,
        "atr_mult": 1.1380803062068772,
        "num_grids": 14,
        "trend_ema_fast": 49,
        "trend_ema_slow": 114,
        "sell_spacing_mult_bull": 1.188182348003318,
        "buy_spacing_mult_bear": 1.6017238023720297,
        "recenter_threshold_pct": 0.15686464493796604,
        "recenter_dwell_bars": 10,
        "center_lookback": 17,
        "cooldown_bars": 3,
        "min_strength": 0.55,
        "side_when_bear": 0,
        "min_edge_pct": 0.02885265996915578,
        "fee_pct": 0.0025,
        "slippage_pct": 0.01,
        "tol_buy_lo": 0.008567102048574471,
        "tol_buy_hi": 0.005,
        "tol_sell_lo": 0.01901088328765605,
        "tol_sell_hi": 0.017372897364058126,
        "timeframe_minutes": 60,
        "breakout_window": 20,
        "breakout_slope_min": 0.004725384308610492,
        "strong_slope_min": 0.0010854230467729118,
        "trail_atr_mult": 3.464071483563202,
        "no_sell_above_ema_fast_in_bull": 1,
        "allow_bear_breakout_sell": 1
      }
    },
    "mar": {
      "score": 6610983444.912746,
      "trial_id": 191,
      "strategy": "CompositeMomentumIndexStrategy",
      "parameters": {
        "rsi_period": 12,
        "roc_period": 20,
        "tsi_long": 28,
        "tsi_short": 14,
        "signal_threshold": 0.7490079600129923
      }
    },
    "utility": {
      "score": 2.5704473574355937,
      "trial_id": 191,
      "strategy": "CompositeMomentumIndexStrategy",
      "parameters": {
        "rsi_period": 12,
        "roc_period": 20,
        "tsi_long": 28,
        "tsi_short": 14,
        "signal_threshold": 0.7490079600129923
      }
    },
    "cps": {
      "score": 68.53,
      "trial_id": 175,
      "strategy": "GridTradingStrategyV2Aggressive",
      "parameters": {
        "min_step_pct": 0.03318583695227282,
        "atr_mult": 1.0,
        "num_grids": 11,
        "trend_ema_fast": 29,
        "trend_ema_slow": 293,
        "sell_spacing_mult_bull": 1.760946278704473,
        "buy_spacing_mult_bear": 1.3422741856956664,
        "recenter_threshold_pct": 0.12876626816892195,
        "recenter_dwell_bars": 5,
        "center_lookback": 18,
        "cooldown_bars": 6,
        "min_strength": 0.6995913682570091,
        "side_when_bear": 1,
        "min_edge_pct": 0.015096857933946647,
        "fee_pct": 0.0025,
        "slippage_pct": 0.01,
        "tol_buy_lo": 0.01,
        "tol_buy_hi": 0.005,
        "tol_sell_lo": 0.01102177923528606,
        "tol_sell_hi": 0.016754869575758717,
        "timeframe_minutes": 60,
        "breakout_window": 20,
        "breakout_slope_min": 0.0003718057183477292,
        "strong_slope_min": 0.001,
        "trail_atr_mult": 1.8252051193451302,
        "no_sell_above_ema_fast_in_bull": 1,
        "allow_bear_breakout_sell": 1
      }
    },
    "cps_v2": {
      "score": 0.730245549847164,
      "trial_id": 140,
      "strategy": "GridTradingStrategyV2Aggressive",
      "parameters": {
        "min_step_pct": 0.038170841285217416,
        "atr_mult": 1.1380803062068772,
        "num_grids": 14,
        "trend_ema_fast": 49,
        "trend_ema_slow": 114,
        "sell_spacing_mult_bull": 1.188182348003318,
        "buy_spacing_mult_bear": 1.6017238023720297,
        "recenter_threshold_pct": 0.15686464493796604,
        "recenter_dwell_bars": 10,
        "center_lookback": 17,
        "cooldown_bars": 3,
        "min_strength": 0.55,
        "side_when_bear": 0,
        "min_edge_pct": 0.02885265996915578,
        "fee_pct": 0.0025,
        "slippage_pct": 0.01,
        "tol_buy_lo": 0.008567102048574471,
        "tol_buy_hi": 0.005,
        "tol_sell_lo": 0.01901088328765605,
        "tol_sell_hi": 0.017372897364058126,
        "timeframe_minutes": 60,
        "breakout_window": 20,
        "breakout_slope_min": 0.004725384308610492,
        "strong_slope_min": 0.0010854230467729118,
        "trail_atr_mult": 3.464071483563202,
        "no_sell_above_ema_fast_in_bull": 1,
        "allow_bear_breakout_sell": 1
      }
    }
  }
}