{
  "next_trial_id": 201,
  "completed": 200,
  "total_requests": 200,
  "remaining_calls": 0,
  "best_scores": {
    "final_balance": {
      "score": 3013.3721855917124,
      "trial_id": 82,
      "strategy": "CSMARevertStrategy",
      "parameters": {
        "n_sma": 344,
        "entry_drop": 0.25,
        "exit_up": 0.6295694191866649,
        "rsi_period": 44,
        "rsi_max": 32.91342628613323,
        "atr_period": 48,
        "atr_mult": 1.7940092370833638,
        "atr_floor_pct": 0.49084557893025615,
        "timeframe_minutes": 5
      }
    },
    "profit_biased": {
      "score": 0.7189525456872901,
      "trial_id": 82,
      "strategy": "CSMARevertStrategy",
      "parameters": {
        "n_sma": 344,
        "entry_drop": 0.25,
        "exit_up": 0.6295694191866649,
        "rsi_period": 44,
        "rsi_max": 32.91342628613323,
        "atr_period": 48,
        "atr_mult": 1.7940092370833638,
        "atr_floor_pct": 0.49084557893025615,
        "timeframe_minutes": 5
      }
    },
    "cps_v2_profit_biased": {
      "score": 0.7189525456872901,
      "trial_id": 82,
      "strategy": "CSMARevertStrategy",
      "parameters": {
        "n_sma": 344,
        "entry_drop": 0.25,
        "exit_up": 0.6295694191866649,
        "rsi_period": 44,
        "rsi_max": 32.91342628613323,
        "atr_period": 48,
        "atr_mult": 1.7940092370833638,
        "atr_floor_pct": 0.49084557893025615,
        "timeframe_minutes": 5
      }
    },
    "mar": {
      "score": 2013372185.5917125,
      "trial_id": 82,
      "strategy": "CSMARevertStrategy",
      "parameters": {
        "n_sma": 344,
        "entry_drop": 0.25,
        "exit_up": 0.6295694191866649,
        "rsi_period": 44,
        "rsi_max": 32.91342628613323,
        "atr_period": 48,
        "atr_mult": 1.7940092370833638,
        "atr_floor_pct": 0.49084557893025615,
        "timeframe_minutes": 5
      }
    },
    "utility": {
      "score": 0.511615248962608,
      "trial_id": 82,
      "strategy": "CSMARevertStrategy",
      "parameters": {
        "n_sma": 344,
        "entry_drop": 0.25,
        "exit_up": 0.6295694191866649,
        "rsi_period": 44,
        "rsi_max": 32.91342628613323,
        "atr_period": 48,
        "atr_mult": 1.7940092370833638,
        "atr_floor_pct": 0.49084557893025615,
        "timeframe_minutes": 5
      }
    },
    "cps": {
      "score": 85.5,
      "trial_id": 54,
      "strategy": "Strategy_62_RSIAvgs",
      "parameters": {
        "rsi_period": 14,
        "ma_periods": [
          5,
          10,
          20
        ],
        "overbought": 70,
        "oversold": 15,
        "signal_threshold": 0.6
      }
    },
    "cps_v2": {
      "score": 0.7189525456872901,
      "trial_id": 82,
      "strategy": "CSMARevertStrategy",
      "parameters": {
        "n_sma": 344,
        "entry_drop": 0.25,
        "exit_up": 0.6295694191866649,
        "rsi_period": 44,
        "rsi_max": 32.91342628613323,
        "atr_period": 48,
        "atr_mult": 1.7940092370833638,
        "atr_floor_pct": 0.49084557893025615,
        "timeframe_minutes": 5
      }
    }
  }
}