{
  "next_trial_id": 401,
  "completed": 400,
  "total_requests": 400,
  "remaining_calls": 0,
  "best_scores": {
    "final_balance": {
      "score": 4033.639007625701,
      "trial_id": 219,
      "strategy": "GridTradingStrategyV2Aggressive",
      "parameters": {
        "min_step_pct": 0.02362462352293379,
        "atr_mult": 1.6524041239664626,
        "num_grids": 19,
        "trend_ema_fast": 77,
        "trend_ema_slow": 157,
        "sell_spacing_mult_bull": 1.5014984447655437,
        "buy_spacing_mult_bear": 1.4025296486227763,
        "recenter_threshold_pct": 0.14585484770337437,
        "recenter_dwell_bars": 6,
        "center_lookback": 30,
        "cooldown_bars": 2,
        "min_strength": 0.55,
        "side_when_bear": 0,
        "min_edge_pct": 0.02670804786213389,
        "fee_pct": 0.0025,
        "slippage_pct": 0.01,
        "tol_buy_lo": 0.011947499274491725,
        "tol_buy_hi": 0.005989095743928464,
        "tol_sell_lo": 0.013859236822744656,
        "tol_sell_hi": 0.008661194306494029,
        "timeframe_minutes": 60,
        "breakout_window": 17,
        "breakout_slope_min": 0.00215543379953682,
        "strong_slope_min": 0.006916486639608784,
        "trail_atr_mult": 2.2086111986900208,
        "no_sell_above_ema_fast_in_bull": false,
        "allow_bear_breakout_sell": 0
      }
    },
    "profit_biased": {
      "score": 0.7649586575662122,
      "trial_id": 299,
      "strategy": "GridTradingStrategyV2Aggressive",
      "parameters": {
        "min_step_pct": 0.018772999720918726,
        "atr_mult": 1.461261221201847,
        "num_grids": 14,
        "trend_ema_fast": 70,
        "trend_ema_slow": 246,
        "sell_spacing_mult_bull": 1.2138621706715762,
        "buy_spacing_mult_bear": 1.2,
        "recenter_threshold_pct": 0.23664310830970325,
        "recenter_dwell_bars": 6,
        "center_lookback": 17,
        "cooldown_bars": 5,
        "min_strength": 0.5392400728390403,
        "side_when_bear": 2,
        "min_edge_pct": 0.025645672734537828,
        "fee_pct": 0.0025,
        "slippage_pct": 0.01,
        "tol_buy_lo": 0.015536523432892874,
        "tol_buy_hi": 0.010870225726428196,
        "tol_sell_lo": 0.011830407799482533,
        "tol_sell_hi": 0.007429269931236583,
        "timeframe_minutes": 60,
        "breakout_window": 20,
        "breakout_slope_min": 0.001199641018799364,
        "strong_slope_min": 0.007420736210953495,
        "trail_atr_mult": 3.2734400301173983,
        "no_sell_above_ema_fast_in_bull": 1,
        "allow_bear_breakout_sell": true
      }
    },
    "cps_v2_profit_biased": {
      "score": 0.7649586575662122,
      "trial_id": 299,
      "strategy": "GridTradingStrategyV2Aggressive",
      "parameters": {
        "min_step_pct": 0.018772999720918726,
        "atr_mult": 1.461261221201847,
        "num_grids": 14,
        "trend_ema_fast": 70,
        "trend_ema_slow": 246,
        "sell_spacing_mult_bull": 1.2138621706715762,
        "buy_spacing_mult_bear": 1.2,
        "recenter_threshold_pct": 0.23664310830970325,
        "recenter_dwell_bars": 6,
        "center_lookback": 17,
        "cooldown_bars": 5,
        "min_strength": 0.5392400728390403,
        "side_when_bear": 2,
        "min_edge_pct": 0.025645672734537828,
        "fee_pct": 0.0025,
        "slippage_pct": 0.01,
        "tol_buy_lo": 0.015536523432892874,
        "tol_buy_hi": 0.010870225726428196,
        "tol_sell_lo": 0.011830407799482533,
        "tol_sell_hi": 0.007429269931236583,
        "timeframe_minutes": 60,
        "breakout_window": 20,
        "breakout_slope_min": 0.001199641018799364,
        "strong_slope_min": 0.007420736210953495,
        "trail_atr_mult": 3.2734400301173983,
        "no_sell_above_ema_fast_in_bull": 1,
        "allow_bear_breakout_sell": true
      }
    },
    "mar": {
      "score": 3033639007.625701,
      "trial_id": 219,
      "strategy": "GridTradingStrategyV2Aggressive",
      "parameters": {
        "min_step_pct": 0.02362462352293379,
        "atr_mult": 1.6524041239664626,
        "num_grids": 19,
        "trend_ema_fast": 77,
        "trend_ema_slow": 157,
        "sell_spacing_mult_bull": 1.5014984447655437,
        "buy_spacing_mult_bear": 1.4025296486227763,
        "recenter_threshold_pct": 0.14585484770337437,
        "recenter_dwell_bars": 6,
        "center_lookback": 30,
        "cooldown_bars": 2,
        "min_strength": 0.55,
        "side_when_bear": 0,
        "min_edge_pct": 0.02670804786213389,
        "fee_pct": 0.0025,
        "slippage_pct": 0.01,
        "tol_buy_lo": 0.011947499274491725,
        "tol_buy_hi": 0.005989095743928464,
        "tol_sell_lo": 0.013859236822744656,
        "tol_sell_hi": 0.008661194306494029,
        "timeframe_minutes": 60,
        "breakout_window": 17,
        "breakout_slope_min": 0.00215543379953682,
        "strong_slope_min": 0.006916486639608784,
        "trail_atr_mult": 2.2086111986900208,
        "no_sell_above_ema_fast_in_bull": false,
        "allow_bear_breakout_sell": 0
      }
    },
    "utility": {
      "score": 1.4757939737852341,
      "trial_id": 219,
      "strategy": "GridTradingStrategyV2Aggressive",
      "parameters": {
        "min_step_pct": 0.02362462352293379,
        "atr_mult": 1.6524041239664626,
        "num_grids": 19,
        "trend_ema_fast": 77,
        "trend_ema_slow": 157,
        "sell_spacing_mult_bull": 1.5014984447655437,
        "buy_spacing_mult_bear": 1.4025296486227763,
        "recenter_threshold_pct": 0.14585484770337437,
        "recenter_dwell_bars": 6,
        "center_lookback": 30,
        "cooldown_bars": 2,
        "min_strength": 0.55,
        "side_when_bear": 0,
        "min_edge_pct": 0.02670804786213389,
        "fee_pct": 0.0025,
        "slippage_pct": 0.01,
        "tol_buy_lo": 0.011947499274491725,
        "tol_buy_hi": 0.005989095743928464,
        "tol_sell_lo": 0.013859236822744656,
        "tol_sell_hi": 0.008661194306494029,
        "timeframe_minutes": 60,
        "breakout_window": 17,
        "breakout_slope_min": 0.00215543379953682,
        "strong_slope_min": 0.006916486639608784,
        "trail_atr_mult": 2.2086111986900208,
        "no_sell_above_ema_fast_in_bull": false,
        "allow_bear_breakout_sell": 0
      }
    },
    "cps": {
      "score": 78.66,
      "trial_id": 34,
      "strategy": "GridTradingStrategyV2Aggressive",
      "parameters": {
        "min_step_pct": 0.012143228135101903,
        "atr_mult": 1.4680000085251543,
        "num_grids": 7,
        "trend_ema_fast": 68,
        "trend_ema_slow": 141,
        "sell_spacing_mult_bull": 1.6771567124811888,
        "buy_spacing_mult_bear": 1.764867260644218,
        "recenter_threshold_pct": 0.2111079162366974,
        "recenter_dwell_bars": 16,
        "center_lookback": 32,
        "cooldown_bars": 6,
        "min_strength": 0.5579805124683936,
        "side_when_bear": 1,
        "min_edge_pct": 0.020440715220797018,
        "fee_pct": 0.0025,
        "slippage_pct": 0.01,
        "tol_buy_lo": 0.016858583556045692,
        "tol_buy_hi": 0.008700093219676523,
        "tol_sell_lo": 0.006055453224864579,
        "tol_sell_hi": 0.012688992453689714,
        "timeframe_minutes": 60,
        "breakout_window": 75,
        "breakout_slope_min": 0.003409836871281049,
        "strong_slope_min": 0.007510118535736219,
        "trail_atr_mult": 2.0,
        "no_sell_above_ema_fast_in_bull": false,
        "allow_bear_breakout_sell": 0
      }
    },
    "cps_v2": {
      "score": 0.7649586575662122,
      "trial_id": 299,
      "strategy": "GridTradingStrategyV2Aggressive",
      "parameters": {
        "min_step_pct": 0.018772999720918726,
        "atr_mult": 1.461261221201847,
        "num_grids": 14,
        "trend_ema_fast": 70,
        "trend_ema_slow": 246,
        "sell_spacing_mult_bull": 1.2138621706715762,
        "buy_spacing_mult_bear": 1.2,
        "recenter_threshold_pct": 0.23664310830970325,
        "recenter_dwell_bars": 6,