{
  "next_trial_id": 401,
  "completed": 400,
  "total_requests": 400,
  "remaining_calls": 0,
  "best_scores": {
    "final_balance": {
      "score": 3453.329655789264,
      "trial_id": 37,
      "strategy": "CSMARevertStrategy",
      "parameters": {
        "n_sma": 441,
        "entry_drop": 0.25,
        "exit_up": 0.253763259804617,
        "rsi_period": 30,
        "rsi_max": 42.24773896961643,
        "timeframe_minutes": 5
      }
    },
    "profit_biased": {
      "score": 0.9176371347520073,
      "trial_id": 309,
      "strategy": "GridTradingStrategyV2Aggressive",
      "parameters": {
        "min_step_pct": 0.02,
        "atr_mult": 1.0,
        "num_grids": 19,
        "trend_ema_fast": 50,
        "trend_ema_slow": 186,
        "sell_spacing_mult_bull": 1.3,
        "buy_spacing_mult_bear": 1.1198579391375434,
        "recenter_threshold_pct": 0.19439862348579826,
        "recenter_dwell_bars": 13,
        "center_lookback": 10,
        "cooldown_bars": 4,
        "min_strength": 0.6658144351078931,
        "side_when_bear": 2,
        "min_edge_pct": 0.023757221915512307,
        "fee_pct": 0.0025,
        "slippage_pct": 0.01,
        "tol_buy_lo": 0.005207861732343141,
        "tol_buy_hi": 0.007518664298889416,
        "tol_sell_lo": 0.01735412862059154,
        "tol_sell_hi": 0.01,
        "timeframe_minutes": 60,
        "breakout_window": 72,
        "breakout_slope_min": 0.004811886845001108,
        "strong_slope_min": 0.006640310349127996,
        "trail_atr_mult": 2.7265496896533254,
        "no_sell_above_ema_fast_in_bull": 0,
        "allow_bear_breakout_sell": 1
      }
    },
    "cps_v2_profit_biased": {
      "score": 0.9176371347520073,
      "trial_id": 309,
      "strategy": "GridTradingStrategyV2Aggressive",
      "parameters": {
        "min_step_pct": 0.02,
        "atr_mult": 1.0,
        "num_grids": 19,
        "trend_ema_fast": 50,
        "trend_ema_slow": 186,
        "sell_spacing_mult_bull": 1.3,
        "buy_spacing_mult_bear": 1.1198579391375434,
        "recenter_threshold_pct": 0.19439862348579826,
        "recenter_dwell_bars": 13,
        "center_lookback": 10,
        "cooldown_bars": 4,
        "min_strength": 0.6658144351078931,
        "side_when_bear": 2,
        "min_edge_pct": 0.023757221915512307,
        "fee_pct": 0.0025,
        "slippage_pct": 0.01,
        "tol_buy_lo": 0.005207861732343141,
        "tol_buy_hi": 0.007518664298889416,
        "tol_sell_lo": 0.01735412862059154,
        "tol_sell_hi": 0.01,
        "timeframe_minutes": 60,
        "breakout_window": 72,
        "breakout_slope_min": 0.004811886845001108,
        "strong_slope_min": 0.006640310349127996,
        "trail_atr_mult": 2.7265496896533254,
        "no_sell_above_ema_fast_in_bull": 0,
        "allow_bear_breakout_sell": 1
      }
    },
    "mar": {
      "score": 2453329655.7892637,
      "trial_id": 37,
      "strategy": "CSMARevertStrategy",
      "parameters": {
        "n_sma": 441,
        "entry_drop": 0.25,
        "exit_up": 0.253763259804617,
        "rsi_period": 30,
        "rsi_max": 42.24773896961643,
        "timeframe_minutes": 5
      }
    },
    "utility": {
      "score": 1.0473336328443135,
      "trial_id": 37,
      "strategy": "CSMARevertStrategy",
      "parameters": {
        "n_sma": 441,
        "entry_drop": 0.25,
        "exit_up": 0.253763259804617,
        "rsi_period": 30,
        "rsi_max": 42.24773896961643,
        "timeframe_minutes": 5
      }
    },
    "cps": {
      "score": 90.5,
      "trial_id": 49,
      "strategy": "GridTradingStrategyV2Aggressive",
      "parameters": {
        "min_step_pct": 0.02036849198480515,
        "atr_mult": 0.8760571181775014,
        "num_grids": 15,
        "trend_ema_fast": 45,
        "trend_ema_slow": 221,
        "sell_spacing_mult_bull": 1.6283960959621124,
        "buy_spacing_mult_bear": 1.2,
        "recenter_threshold_pct": 0.21914676968149438,
        "recenter_dwell_bars": 9,
        "center_lookback": 20,
        "cooldown_bars": 1,
        "min_strength": 0.6895498871543686,
        "side_when_bear": 2,
        "min_edge_pct": 0.024602145752039048,
        "fee_pct": 0.0025,
        "slippage_pct": 0.01,
        "tol_buy_lo": 0.01,
        "tol_buy_hi": 0.007521166606156238,
        "tol_sell_lo": 0.011749555408543996,
        "tol_sell_hi": 0.006349226525448618,
        "timeframe_minutes": 60,
        "breakout_window": 47,
        "breakout_slope_min": 0.00042896916815088207,
        "strong_slope_min": 0.001,
        "trail_atr_mult": 2.0,
        "no_sell_above_ema_fast_in_bull": 1,
        "allow_bear_breakout_sell": 1
      }
    },
    "cps_v2": {
      "score": 0.9176371347520073,
      "trial_id": 309,
      "strategy": "GridTradingStrategyV2Aggressive",
      "parameters": {
        "min_step_pct": 0.02,
        "atr_mult": 1.0,
        "num_grids": 19,
        "trend_ema_fast": 50,
        "trend_ema_slow": 186,
        "sell_spacing_mult_bull": 1.3,
        "buy_spacing_mult_bear": 1.1198579391375434,
        "recenter_threshold_pct": 0.19439862348579826,
        "recenter_dwell_bars": 13,
        "center_lookback": 10,
        "cooldown_bars": 4,
        "min_strength": 0.6658144351078931,
        "side_when_bear": 2,
        "min_edge_pct": 0.023757221915512307,
        "fee_pct": 0.0025,
        "slippage_pct": 0.01,
        "tol_buy_lo": 0.005207861732343141,
        "tol_buy_hi": 0.007518664298889416,
        "tol_sell_lo": 0.01735412862059154,
        "tol_sell_hi": 0.01,
        "timeframe_minutes": 60,
        "breakout_window": 72,
        "breakout_slope_min": 0.004811886845001108,
        "strong_slope_min": 0.006640310349127996,
        "trail_atr_mult": 2.7265496896533254,
        "no_sell_above_ema_fast_in_bull": 0,
        "allow_bear_breakout_sell": 1
      }
    }
  }
}