{
  "next_trial_id": 201,
  "completed": 200,
  "total_requests": 200,
  "remaining_calls": 0,
  "best_scores": {
    "final_balance": {
      "score": 6431.079215626425,
      "trial_id": 25,
      "strategy": "GridTradingStrategyV2Aggressive",
      "parameters": {
        "min_step_pct": 0.0322419405504216,
        "atr_mult": 0.9445593004455222,
        "num_grids": 18,
        "trend_ema_fast": 23,
        "trend_ema_slow": 221,
        "sell_spacing_mult_bull": 1.6809108921754703,
        "buy_spacing_mult_bear": 1.677712718901574,
        "recenter_threshold_pct": 0.11771509189445287,
        "recenter_dwell_bars": 15,
        "center_lookback": 37,
        "cooldown_bars": 6,
        "min_strength": 0.7790562511691655,
        "side_when_bear": 1,
        "min_edge_pct": 0.019588046971429095,
        "fee_pct": 0.0025,
        "slippage_pct": 0.01,
        "tol_buy_lo": 0.012228217201629822,
        "tol_buy_hi": 0.016125257630717454,
        "tol_sell_lo": 0.006003266011793141,
        "tol_sell_hi": 0.009449732569514634,
        "timeframe_minutes": 60,
        "breakout_window": 13,
        "breakout_slope_min": 0.004828847115252489,
        "strong_slope_min": 0.00294356263451007,
        "trail_atr_mult": 1.7052413575466911,
        "no_sell_above_ema_fast_in_bull": 0,
        "allow_bear_breakout_sell": 1
      }
    },
    "profit_biased": {
      "score": 0.6277164095764071,
      "trial_id": 25,
      "strategy": "GridTradingStrategyV2Aggressive",
      "parameters": {
        "min_step_pct": 0.0322419405504216,
        "atr_mult": 0.9445593004455222,
        "num_grids": 18,
        "trend_ema_fast": 23,
        "trend_ema_slow": 221,
        "sell_spacing_mult_bull": 1.6809108921754703,
        "buy_spacing_mult_bear": 1.677712718901574,
        "recenter_threshold_pct": 0.11771509189445287,
        "recenter_dwell_bars": 15,
        "center_lookback": 37,
        "cooldown_bars": 6,
        "min_strength": 0.7790562511691655,
        "side_when_bear": 1,
        "min_edge_pct": 0.019588046971429095,
        "fee_pct": 0.0025,
        "slippage_pct": 0.01,
        "tol_buy_lo": 0.012228217201629822,
        "tol_buy_hi": 0.016125257630717454,
        "tol_sell_lo": 0.006003266011793141,
        "tol_sell_hi": 0.009449732569514634,
        "timeframe_minutes": 60,
        "breakout_window": 13,
        "breakout_slope_min": 0.004828847115252489,
        "strong_slope_min": 0.00294356263451007,
        "trail_atr_mult": 1.7052413575466911,
        "no_sell_above_ema_fast_in_bull": 0,
        "allow_bear_breakout_sell": 1
      }
    },
    "cps_v2_profit_biased": {
      "score": 0.6277164095764071,
      "trial_id": 25,
      "strategy": "GridTradingStrategyV2Aggressive",
      "parameters": {
        "min_step_pct": 0.0322419405504216,
        "atr_mult": 0.9445593004455222,
        "num_grids": 18,
        "trend_ema_fast": 23,
        "trend_ema_slow": 221,
        "sell_spacing_mult_bull": 1.6809108921754703,
        "buy_spacing_mult_bear": 1.677712718901574,
        "recenter_threshold_pct": 0.11771509189445287,
        "recenter_dwell_bars": 15,
        "center_lookback": 37,
        "cooldown_bars": 6,
        "min_strength": 0.7790562511691655,
        "side_when_bear": 1,
        "min_edge_pct": 0.019588046971429095,
        "fee_pct": 0.0025,
        "slippage_pct": 0.01,
        "tol_buy_lo": 0.012228217201629822,
        "tol_buy_hi": 0.016125257630717454,
        "tol_sell_lo": 0.006003266011793141,
        "tol_sell_hi": 0.009449732569514634,
        "timeframe_minutes": 60,
        "breakout_window": 13,
        "breakout_slope_min": 0.004828847115252489,
        "strong_slope_min": 0.00294356263451007,
        "trail_atr_mult": 1.7052413575466911,
        "no_sell_above_ema_fast_in_bull": 0,
        "allow_bear_breakout_sell": 1
      }
    },
    "mar": {
      "score": 5431079215.626425,
      "trial_id": 25,
      "strategy": "GridTradingStrategyV2Aggressive",
      "parameters": {
        "min_step_pct": 0.0322419405504216,
        "atr_mult": 0.9445593004455222,
        "num_grids": 18,
        "trend_ema_fast": 23,
        "trend_ema_slow": 221,
        "sell_spacing_mult_bull": 1.6809108921754703,
        "buy_spacing_mult_bear": 1.677712718901574,
        "recenter_threshold_pct": 0.11771509189445287,
        "recenter_dwell_bars": 15,
        "center_lookback": 37,
        "cooldown_bars": 6,
        "min_strength": 0.7790562511691655,
        "side_when_bear": 1,
        "min_edge_pct": 0.019588046971429095,
        "fee_pct": 0.0025,
        "slippage_pct": 0.01,
        "tol_buy_lo": 0.012228217201629822,
        "tol_buy_hi": 0.016125257630717454,
        "tol_sell_lo": 0.006003266011793141,
        "tol_sell_hi": 0.009449732569514634,
        "timeframe_minutes": 60,
        "breakout_window": 13,
        "breakout_slope_min": 0.004828847115252489,
        "strong_slope_min": 0.00294356263451007,
        "trail_atr_mult": 1.7052413575466911,
        "no_sell_above_ema_fast_in_bull": 0,
        "allow_bear_breakout_sell": 1
      }
    },
    "utility": {
      "score": 2.6458489668944254,
      "trial_id": 199,
      "strategy": "DonchianChampionAggressiveStrategy",
      "parameters": {
        "entry_days": 5.77756776896767,
        "exit_days": 1.7878394193742524,
        "ema_exit_days": 3.0,
        "trailing_drawdown_pct": 0.5207606222073233,
        "timeframe_minutes": 5
      }
    },
    "cps": {
      "score": 67.77,
      "trial_id": 199,
      "strategy": "DonchianChampionAggressiveStrategy",
      "parameters": {
        "entry_days": 5.77756776896767,
        "exit_days": 1.7878394193742524,
        "ema_exit_days": 3.0,
        "trailing_drawdown_pct": 0.5207606222073233,
        "timeframe_minutes": 5
      }
    },
    "cps_v2": {
      "score": 0.6277164095764071,
      "trial_id": 25,
      "strategy": "GridTradingStrategyV2Aggressive",
      "parameters": {
        "min_step_pct": 0.0322419405504216,
        "atr_mult": 0.9445593004455222,
        "num_grids": 18,
        "trend_ema_fast": 23,
        "trend_ema_slow": 221,
        "sell_spacing_mult_bull": 1.6809108921754703,
        "buy_spacing_mult_bear": 1.677712718901574,
        "recenter_threshold_pct": 0.11771509189445287,
        "recenter_dwell_bars": 15,
        "center_lookback": 37,
        "cooldown_bars": 6,
        "min_strength": 0.7790562511691655,
        "side_when_bear": 1,
        "min_edge_pct": 0.019588046971429095,
        "fee_pct": 0.0025,
        "slippage_pct": 0.01,
        "tol_buy_lo": 0.012228217201629822,
        "tol_buy_hi": 0.016125257630717454,
        "tol_sell_lo": 0.006003266011793141,
        "tol_sell_hi": 0.009449732569514634,
        "timeframe_minutes": 60,
        "breakout_window": 13,
        "breakout_slope_min": 0.004828847115252489,
        "strong_slope_min": 0.00294356263451007,
        "trail_atr_mult": 1.7052413575466911,
        "no_sell_above_ema_fast_in_bull": 0,
        "allow_bear_breakout_sell": 1
      }
    }
  }
}