{
  "next_trial_id": 401,
  "completed": 400,
  "total_requests": 400,
  "remaining_calls": 0,
  "best_scores": {
    "final_balance": {
      "score": 2906.50994091307,
      "trial_id": 174,
      "strategy": "GridTradingStrategyV2Aggressive",
      "parameters": {
        "min_step_pct": 0.02,
        "atr_mult": 1.524973198206115,
        "num_grids": 17,
        "trend_ema_fast": 78,
        "trend_ema_slow": 200,
        "sell_spacing_mult_bull": 1.3,
        "buy_spacing_mult_bear": 1.1319419101072632,
        "recenter_threshold_pct": 0.19286308055928242,
        "recenter_dwell_bars": 6,
        "center_lookback": 32,
        "cooldown_bars": 6,
        "min_strength": 0.7533515951935243,
        "side_when_bear": 1,
        "min_edge_pct": 0.026719902484867282,
        "fee_pct": 0.0025,
        "slippage_pct": 0.01,
        "tol_buy_lo": 0.01,
        "tol_buy_hi": 0.015164448323638682,
        "tol_sell_lo": 0.005,
        "tol_sell_hi": 0.01,
        "timeframe_minutes": 60,
        "breakout_window": 20,
        "breakout_slope_min": 0.0005,
        "strong_slope_min": 0.0032432125328667786,
        "trail_atr_mult": 2.56492363381816,
        "no_sell_above_ema_fast_in_bull": false,
        "allow_bear_breakout_sell": true
      }
    },
    "profit_biased": {
      "score": 0.9170587949798104,
      "trial_id": 84,
      "strategy": "GridTradingStrategyV2Aggressive",
      "parameters": {
        "min_step_pct": 0.02501912905156719,
        "atr_mult": 1.1226887795573122,
        "num_grids": 14,
        "trend_ema_fast": 39,
        "trend_ema_slow": 185,
        "sell_spacing_mult_bull": 1.4243566957324685,
        "buy_spacing_mult_bear": 1.452320268476763,
        "recenter_threshold_pct": 0.19432432832580826,
        "recenter_dwell_bars": 8,
        "center_lookback": 33,
        "cooldown_bars": 5,
        "min_strength": 0.55,
        "side_when_bear": 2,
        "min_edge_pct": 0.025454392883634092,
        "fee_pct": 0.0025,
        "slippage_pct": 0.01,
        "tol_buy_lo": 0.008467802930286598,
        "tol_buy_hi": 0.0023827951436801217,
        "tol_sell_lo": 0.019422289488057708,
        "tol_sell_hi": 0.0062691777525108044,
        "timeframe_minutes": 60,
        "breakout_window": 39,
        "breakout_slope_min": 0.000990126114478592,
        "strong_slope_min": 0.002654046835061404,
        "trail_atr_mult": 3.121040813520482,
        "no_sell_above_ema_fast_in_bull": 1,
        "allow_bear_breakout_sell": false
      }
    },
    "cps_v2_profit_biased": {
      "score": 0.9170587949798104,
      "trial_id": 84,
      "strategy": "GridTradingStrategyV2Aggressive",
      "parameters": {
        "min_step_pct": 0.02501912905156719,
        "atr_mult": 1.1226887795573122,
        "num_grids": 14,
        "trend_ema_fast": 39,
        "trend_ema_slow": 185,
        "sell_spacing_mult_bull": 1.4243566957324685,
        "buy_spacing_mult_bear": 1.452320268476763,
        "recenter_threshold_pct": 0.19432432832580826,
        "recenter_dwell_bars": 8,
        "center_lookback": 33,
        "cooldown_bars": 5,
        "min_strength": 0.55,
        "side_when_bear": 2,
        "min_edge_pct": 0.025454392883634092,
        "fee_pct": 0.0025,
        "slippage_pct": 0.01,
        "tol_buy_lo": 0.008467802930286598,
        "tol_buy_hi": 0.0023827951436801217,
        "tol_sell_lo": 0.019422289488057708,
        "tol_sell_hi": 0.0062691777525108044,
        "timeframe_minutes": 60,
        "breakout_window": 39,
        "breakout_slope_min": 0.000990126114478592,
        "strong_slope_min": 0.002654046835061404,
        "trail_atr_mult": 3.121040813520482,
        "no_sell_above_ema_fast_in_bull": 1,
        "allow_bear_breakout_sell": false
      }
    },
    "mar": {
      "score": 1906509940.9130697,
      "trial_id": 174,
      "strategy": "GridTradingStrategyV2Aggressive",
      "parameters": {
        "min_step_pct": 0.02,
        "atr_mult": 1.524973198206115,
        "num_grids": 17,
        "trend_ema_fast": 78,
        "trend_ema_slow": 200,
        "sell_spacing_mult_bull": 1.3,
        "buy_spacing_mult_bear": 1.1319419101072632,
        "recenter_threshold_pct": 0.19286308055928242,
        "recenter_dwell_bars": 6,
        "center_lookback": 32,
        "cooldown_bars": 6,
        "min_strength": 0.7533515951935243,
        "side_when_bear": 1,
        "min_edge_pct": 0.026719902484867282,
        "fee_pct": 0.0025,
        "slippage_pct": 0.01,
        "tol_buy_lo": 0.01,
        "tol_buy_hi": 0.015164448323638682,
        "tol_sell_lo": 0.005,
        "tol_sell_hi": 0.01,
        "timeframe_minutes": 60,
        "breakout_window": 20,
        "breakout_slope_min": 0.0005,
        "strong_slope_min": 0.0032432125328667786,
        "trail_atr_mult": 2.56492363381816,
        "no_sell_above_ema_fast_in_bull": false,
        "allow_bear_breakout_sell": true
      }
    },
    "utility": {
      "score": 0.839620063243114,
      "trial_id": 174,
      "strategy": "GridTradingStrategyV2Aggressive",
      "parameters": {
        "min_step_pct": 0.02,
        "atr_mult": 1.524973198206115,
        "num_grids": 17,
        "trend_ema_fast": 78,
        "trend_ema_slow": 200,
        "sell_spacing_mult_bull": 1.3,
        "buy_spacing_mult_bear": 1.1319419101072632,
        "recenter_threshold_pct": 0.19286308055928242,
        "recenter_dwell_bars": 6,
        "center_lookback": 32,
        "cooldown_bars": 6,
        "min_strength": 0.7533515951935243,
        "side_when_bear": 1,
        "min_edge_pct": 0.026719902484867282,
        "fee_pct": 0.0025,
        "slippage_pct": 0.01,
        "tol_buy_lo": 0.01,
        "tol_buy_hi": 0.015164448323638682,
        "tol_sell_lo": 0.005,
        "tol_sell_hi": 0.01,
        "timeframe_minutes": 60,
        "breakout_window": 20,
        "breakout_slope_min": 0.0005,
        "strong_slope_min": 0.0032432125328667786,
        "trail_atr_mult": 2.56492363381816,
        "no_sell_above_ema_fast_in_bull": false,
        "allow_bear_breakout_sell": true
      }
    },
    "cps": {
      "score": 90.5,
      "trial_id": 84,
      "strategy": "GridTradingStrategyV2Aggressive",
      "parameters": {
        "min_step_pct": 0.02501912905156719,
        "atr_mult": 1.1226887795573122,
        "num_grids": 14,
        "trend_ema_fast": 39,
        "trend_ema_slow": 185,
        "sell_spacing_mult_bull": 1.4243566957324685,
        "buy_spacing_mult_bear": 1.452320268476763,
        "recenter_threshold_pct": 0.19432432832580826,
        "recenter_dwell_bars": 8,
        "center_lookback": 33,
        "cooldown_bars": 5,
        "min_strength": 0.55,
        "side_when_bear": 2,
        "min_edge_pct": 0.025454392883634092,
        "fee_pct": 0.0025,
        "slippage_pct": 0.01,
        "tol_buy_lo": 0.008467802930286598,
        "tol_buy_hi": 0.0023827951436801217,
        "tol_sell_lo": 0.019422289488057708,
        "tol_sell_hi": 0.0062691777525108044,
        "timeframe_minutes": 60,
        "breakout_window": 39,
        "breakout_slope_min": 0.000990126114478592,
        "strong_slope_min": 0.002654046835061404,
        "trail_atr_mult": 3.121040813520482,
        "no_sell_above_ema_fast_in_bull": 1,
        "allow_bear_breakout_sell": false
      }
    },
    "cps_v2": {
      "score": 0.9170587949798104,
      "trial_id": 84,
      "strategy": "GridTradingStrategyV2Aggressive",
      "parameters": {
        "min_step_pct": 0.02501912905156719,
        "atr_mult": 1.1226887795573122,
        "num_grids": 14,
        "trend_ema_fast": 39,
        "trend_ema_slow": 185,
        "sell_spacing_mult_bull": 1.4243566957324685,
        "buy_spacing_mult_bear": 1.452320268476763,
        "recenter_threshold_pct": 0.19432432832580826,
        "recenter_dwell_bars": 8,
        "center_lookback": 33,
        "cooldown_bars": 5,
        "min_strength": 0.55,
        "side_when_bear": 2,
        "min_edge_pct": 0.025454392883634092,
        "fee_pct": 0.0025,
        "slippage_pct": 0.01,