{
  "next_trial_id": 201,
  "completed": 200,
  "total_requests": 200,
  "remaining_calls": 0,
  "best_scores": {
    "final_balance": {
      "score": 4593.04081991051,
      "trial_id": 18,
      "strategy": "GridTradingStrategyV2Aggressive",
      "parameters": {
        "min_step_pct": 0.03383660710012094,
        "atr_mult": 0.8468432446018974,
        "num_grids": 19,
        "trend_ema_fast": 50,
        "trend_ema_slow": 347,
        "sell_spacing_mult_bull": 1.1197784256380174,
        "buy_spacing_mult_bear": 1.11022431640871,
        "recenter_threshold_pct": 0.12,
        "recenter_dwell_bars": 5,
        "center_lookback": 17,
        "cooldown_bars": 2,
        "min_strength": 0.7542201123925153,
        "side_when_bear": 1,
        "min_edge_pct": 0.012678219083954943,
        "fee_pct": 0.0025,
        "slippage_pct": 0.01,
        "tol_buy_lo": 0.019391018471710524,
        "tol_buy_hi": 0.011146157577490264,
        "tol_sell_lo": 0.014150044240755192,
        "tol_sell_hi": 0.011504624852727224,
        "timeframe_minutes": 60,
        "breakout_window": 20,
        "breakout_slope_min": 0.003129913520573151,
        "strong_slope_min": 0.0009091901292052704,
        "trail_atr_mult": 2.454771262577676,
        "no_sell_above_ema_fast_in_bull": 1,
        "allow_bear_breakout_sell": 0
      }
    },
    "profit_biased": {
      "score": 0.7403229125824106,
      "trial_id": 58,
      "strategy": "GridTradingStrategyV2Aggressive",
      "parameters": {
        "min_step_pct": 0.028486773628918535,
        "atr_mult": 1.1787877976719128,
        "num_grids": 18,
        "trend_ema_fast": 27,
        "trend_ema_slow": 351,
        "sell_spacing_mult_bull": 1.126839259715068,
        "buy_spacing_mult_bear": 1.4524579993256057,
        "recenter_threshold_pct": 0.12886272517103664,
        "recenter_dwell_bars": 14,
        "center_lookback": 38,
        "cooldown_bars": 1,
        "min_strength": 0.6823566774520688,
        "side_when_bear": 0,
        "min_edge_pct": 0.012696086737621435,
        "fee_pct": 0.0025,
        "slippage_pct": 0.01,
        "tol_buy_lo": 0.01,
        "tol_buy_hi": 0.005,
        "tol_sell_lo": 0.00828048839613792,
        "tol_sell_hi": 0.0125266441631275,
        "timeframe_minutes": 60,
        "breakout_window": 56,
        "breakout_slope_min": 0.002408640894110117,
        "strong_slope_min": 0.003959546047599143,
        "trail_atr_mult": 1.5042740100978143,
        "no_sell_above_ema_fast_in_bull": 1,
        "allow_bear_breakout_sell": 1
      }
    },
    "cps_v2_profit_biased": {
      "score": 0.7403229125824106,
      "trial_id": 58,
      "strategy": "GridTradingStrategyV2Aggressive",
      "parameters": {
        "min_step_pct": 0.028486773628918535,
        "atr_mult": 1.1787877976719128,
        "num_grids": 18,
        "trend_ema_fast": 27,
        "trend_ema_slow": 351,
        "sell_spacing_mult_bull": 1.126839259715068,
        "buy_spacing_mult_bear": 1.4524579993256057,
        "recenter_threshold_pct": 0.12886272517103664,
        "recenter_dwell_bars": 14,
        "center_lookback": 38,
        "cooldown_bars": 1,
        "min_strength": 0.6823566774520688,
        "side_when_bear": 0,
        "min_edge_pct": 0.012696086737621435,
        "fee_pct": 0.0025,
        "slippage_pct": 0.01,
        "tol_buy_lo": 0.01,
        "tol_buy_hi": 0.005,
        "tol_sell_lo": 0.00828048839613792,
        "tol_sell_hi": 0.0125266441631275,
        "timeframe_minutes": 60,
        "breakout_window": 56,
        "breakout_slope_min": 0.002408640894110117,
        "strong_slope_min": 0.003959546047599143,
        "trail_atr_mult": 1.5042740100978143,
        "no_sell_above_ema_fast_in_bull": 1,
        "allow_bear_breakout_sell": 1
      }
    },
    "mar": {
      "score": 3593040819.91051,
      "trial_id": 18,
      "strategy": "GridTradingStrategyV2Aggressive",
      "parameters": {
        "min_step_pct": 0.03383660710012094,
        "atr_mult": 0.8468432446018974,
        "num_grids": 19,
        "trend_ema_fast": 50,
        "trend_ema_slow": 347,
        "sell_spacing_mult_bull": 1.1197784256380174,
        "buy_spacing_mult_bear": 1.11022431640871,
        "recenter_threshold_pct": 0.12,
        "recenter_dwell_bars": 5,
        "center_lookback": 17,
        "cooldown_bars": 2,
        "min_strength": 0.7542201123925153,
        "side_when_bear": 1,
        "min_edge_pct": 0.012678219083954943,
        "fee_pct": 0.0025,
        "slippage_pct": 0.01,
        "tol_buy_lo": 0.019391018471710524,
        "tol_buy_hi": 0.011146157577490264,
        "tol_sell_lo": 0.014150044240755192,
        "tol_sell_hi": 0.011504624852727224,
        "timeframe_minutes": 60,
        "breakout_window": 20,
        "breakout_slope_min": 0.003129913520573151,
        "strong_slope_min": 0.0009091901292052704,
        "trail_atr_mult": 2.454771262577676,
        "no_sell_above_ema_fast_in_bull": 1,
        "allow_bear_breakout_sell": 0
      }
    },
    "utility": {
      "score": 1.7777893930451134,
      "trial_id": 18,
      "strategy": "GridTradingStrategyV2Aggressive",
      "parameters": {
        "min_step_pct": 0.03383660710012094,
        "atr_mult": 0.8468432446018974,
        "num_grids": 19,
        "trend_ema_fast": 50,
        "trend_ema_slow": 347,
        "sell_spacing_mult_bull": 1.1197784256380174,
        "buy_spacing_mult_bear": 1.11022431640871,
        "recenter_threshold_pct": 0.12,
        "recenter_dwell_bars": 5,
        "center_lookback": 17,
        "cooldown_bars": 2,
        "min_strength": 0.7542201123925153,
        "side_when_bear": 1,
        "min_edge_pct": 0.012678219083954943,
        "fee_pct": 0.0025,
        "slippage_pct": 0.01,
        "tol_buy_lo": 0.019391018471710524,
        "tol_buy_hi": 0.011146157577490264,
        "tol_sell_lo": 0.014150044240755192,
        "tol_sell_hi": 0.011504624852727224,
        "timeframe_minutes": 60,
        "breakout_window": 20,
        "breakout_slope_min": 0.003129913520573151,
        "strong_slope_min": 0.0009091901292052704,
        "trail_atr_mult": 2.454771262577676,
        "no_sell_above_ema_fast_in_bull": 1,
        "allow_bear_breakout_sell": 0
      }
    },
    "cps": {
      "score": 76.58,
      "trial_id": 170,
      "strategy": "CSMARevertStrategy",
      "parameters": {
        "n_sma": 576,
        "entry_drop": 0.25,
        "exit_up": 0.048,
        "rsi_period": 19,
        "rsi_max": 33.17061796027154,
        "atr_period": 18,
        "atr_mult": 1.8,
        "timeframe_minutes": 5
      }
    },
    "cps_v2": {
      "score": 0.7403229125824106,
      "trial_id": 58,
      "strategy": "GridTradingStrategyV2Aggressive",
      "parameters": {
        "min_step_pct": 0.028486773628918535,
        "atr_mult": 1.1787877976719128,
        "num_grids": 18,
        "trend_ema_fast": 27,
        "trend_ema_slow": 351,
        "sell_spacing_mult_bull": 1.126839259715068,
        "buy_spacing_mult_bear": 1.4524579993256057,
        "recenter_threshold_pct": 0.12886272517103664,
        "recenter_dwell_bars": 14,
        "center_lookback": 38,
        "cooldown_bars": 1,
        "min_strength": 0.6823566774520688,
        "side_when_bear": 0,
        "min_edge_pct": 0.012696086737621435,
        "fee_pct": 0.0025,
        "slippage_pct": 0.01,
        "tol_buy_lo": 0.01,
        "tol_buy_hi": 0.005,
        "tol_sell_lo": 0.00828048839613792,
        "tol_sell_hi": 0.0125266441631275,
        "timeframe_minutes": 60,
        "breakout_window": 56,
        "breakout_slope_min": 0.002408640894110117,
        "strong_slope_min": 0.003959546047599143,
        "trail_atr_mult": 1.5042740100978143,
        "no_sell_above_ema_fast_in_bull": 1,
        "allow_bear_breakout_sell": 1
      }
    }
  }
}