{
  "next_trial_id": 201,
  "completed": 200,
  "total_requests": 200,
  "remaining_calls": 0,
  "best_scores": {
    "final_balance": {
      "score": 5893.388516498576,
      "trial_id": 95,
      "strategy": "GridTradingStrategyV2Aggressive",
      "parameters": {
        "min_step_pct": 0.03439406406888454,
        "atr_mult": 0.8885233823226282,
        "num_grids": 20,
        "trend_ema_fast": 32,
        "trend_ema_slow": 103,
        "sell_spacing_mult_bull": 1.5567820443906268,
        "buy_spacing_mult_bear": 1.1952557231725551,
        "recenter_threshold_pct": 0.09768910552822996,
        "recenter_dwell_bars": 16,
        "center_lookback": 20,
        "cooldown_bars": 5,
        "min_strength": 0.6400726027730325,
        "side_when_bear": 0,
        "min_edge_pct": 0.018937480072620354,
        "fee_pct": 0.0025,
        "slippage_pct": 0.01,
        "tol_buy_lo": 0.01,
        "tol_buy_hi": 0.0133877586462374,
        "tol_sell_lo": 0.008342679664125092,
        "tol_sell_hi": 0.005686292025296995,
        "timeframe_minutes": 60,
        "breakout_window": 47,
        "breakout_slope_min": 0.0005,
        "strong_slope_min": 0.008301426109117516,
        "trail_atr_mult": 1.317609189659658,
        "no_sell_above_ema_fast_in_bull": 1,
        "allow_bear_breakout_sell": 1
      }
    },
    "profit_biased": {
      "score": 0.7997337611193447,
      "trial_id": 140,
      "strategy": "GridTradingStrategyV2Aggressive",
      "parameters": {
        "min_step_pct": 0.02181334832247992,
        "atr_mult": 1.0,
        "num_grids": 15,
        "trend_ema_fast": 52,
        "trend_ema_slow": 123,
        "sell_spacing_mult_bull": 1.1421195837622427,
        "buy_spacing_mult_bear": 1.3425758925963986,
        "recenter_threshold_pct": 0.12,
        "recenter_dwell_bars": 10,
        "center_lookback": 26,
        "cooldown_bars": 2,
        "min_strength": 0.7535573114623166,
        "side_when_bear": 1,
        "min_edge_pct": 0.013808770673944492,
        "fee_pct": 0.0025,
        "slippage_pct": 0.01,
        "tol_buy_lo": 0.016426656768624856,
        "tol_buy_hi": 0.019910772068035196,
        "tol_sell_lo": 0.016734310345485868,
        "tol_sell_hi": 0.011594239379755957,
        "timeframe_minutes": 60,
        "breakout_window": 30,
        "breakout_slope_min": 0.0013418623286692167,
        "strong_slope_min": 0.007811349072613549,
        "trail_atr_mult": 3.0636968774700994,
        "no_sell_above_ema_fast_in_bull": 0,
        "allow_bear_breakout_sell": 1
      }
    },
    "cps_v2_profit_biased": {
      "score": 0.7997337611193447,
      "trial_id": 140,
      "strategy": "GridTradingStrategyV2Aggressive",
      "parameters": {
        "min_step_pct": 0.02181334832247992,
        "atr_mult": 1.0,
        "num_grids": 15,
        "trend_ema_fast": 52,
        "trend_ema_slow": 123,
        "sell_spacing_mult_bull": 1.1421195837622427,
        "buy_spacing_mult_bear": 1.3425758925963986,
        "recenter_threshold_pct": 0.12,
        "recenter_dwell_bars": 10,
        "center_lookback": 26,
        "cooldown_bars": 2,
        "min_strength": 0.7535573114623166,
        "side_when_bear": 1,
        "min_edge_pct": 0.013808770673944492,
        "fee_pct": 0.0025,
        "slippage_pct": 0.01,
        "tol_buy_lo": 0.016426656768624856,
        "tol_buy_hi": 0.019910772068035196,
        "tol_sell_lo": 0.016734310345485868,
        "tol_sell_hi": 0.011594239379755957,
        "timeframe_minutes": 60,
        "breakout_window": 30,
        "breakout_slope_min": 0.0013418623286692167,
        "strong_slope_min": 0.007811349072613549,
        "trail_atr_mult": 3.0636968774700994,
        "no_sell_above_ema_fast_in_bull": 0,
        "allow_bear_breakout_sell": 1
      }
    },
    "mar": {
      "score": 4893388516.498576,
      "trial_id": 95,
      "strategy": "GridTradingStrategyV2Aggressive",
      "parameters": {
        "min_step_pct": 0.03439406406888454,
        "atr_mult": 0.8885233823226282,
        "num_grids": 20,
        "trend_ema_fast": 32,
        "trend_ema_slow": 103,
        "sell_spacing_mult_bull": 1.5567820443906268,
        "buy_spacing_mult_bear": 1.1952557231725551,
        "recenter_threshold_pct": 0.09768910552822996,
        "recenter_dwell_bars": 16,
        "center_lookback": 20,
        "cooldown_bars": 5,
        "min_strength": 0.6400726027730325,
        "side_when_bear": 0,
        "min_edge_pct": 0.018937480072620354,
        "fee_pct": 0.0025,
        "slippage_pct": 0.01,
        "tol_buy_lo": 0.01,
        "tol_buy_hi": 0.0133877586462374,
        "tol_sell_lo": 0.008342679664125092,
        "tol_sell_hi": 0.005686292025296995,
        "timeframe_minutes": 60,
        "breakout_window": 47,
        "breakout_slope_min": 0.0005,
        "strong_slope_min": 0.008301426109117516,
        "trail_atr_mult": 1.317609189659658,
        "no_sell_above_ema_fast_in_bull": 1,
        "allow_bear_breakout_sell": 1
      }
    },
    "utility": {
      "score": 2.0650924849616383,
      "trial_id": 95,
      "strategy": "GridTradingStrategyV2Aggressive",
      "parameters": {
        "min_step_pct": 0.03439406406888454,
        "atr_mult": 0.8885233823226282,
        "num_grids": 20,
        "trend_ema_fast": 32,
        "trend_ema_slow": 103,
        "sell_spacing_mult_bull": 1.5567820443906268,
        "buy_spacing_mult_bear": 1.1952557231725551,
        "recenter_threshold_pct": 0.09768910552822996,
        "recenter_dwell_bars": 16,
        "center_lookback": 20,
        "cooldown_bars": 5,
        "min_strength": 0.6400726027730325,
        "side_when_bear": 0,
        "min_edge_pct": 0.018937480072620354,
        "fee_pct": 0.0025,
        "slippage_pct": 0.01,
        "tol_buy_lo": 0.01,
        "tol_buy_hi": 0.0133877586462374,
        "tol_sell_lo": 0.008342679664125092,
        "tol_sell_hi": 0.005686292025296995,
        "timeframe_minutes": 60,
        "breakout_window": 47,
        "breakout_slope_min": 0.0005,
        "strong_slope_min": 0.008301426109117516,
        "trail_atr_mult": 1.317609189659658,
        "no_sell_above_ema_fast_in_bull": 1,
        "allow_bear_breakout_sell": 1
      }
    },
    "cps": {
      "score": 78.14,
      "trial_id": 140,
      "strategy": "GridTradingStrategyV2Aggressive",
      "parameters": {
        "min_step_pct": 0.02181334832247992,
        "atr_mult": 1.0,
        "num_grids": 15,
        "trend_ema_fast": 52,
        "trend_ema_slow": 123,
        "sell_spacing_mult_bull": 1.1421195837622427,
        "buy_spacing_mult_bear": 1.3425758925963986,
        "recenter_threshold_pct": 0.12,
        "recenter_dwell_bars": 10,
        "center_lookback": 26,
        "cooldown_bars": 2,
        "min_strength": 0.7535573114623166,
        "side_when_bear": 1,
        "min_edge_pct": 0.013808770673944492,
        "fee_pct": 0.0025,
        "slippage_pct": 0.01,
        "tol_buy_lo": 0.016426656768624856,
        "tol_buy_hi": 0.019910772068035196,
        "tol_sell_lo": 0.016734310345485868,
        "tol_sell_hi": 0.011594239379755957,
        "timeframe_minutes": 60,
        "breakout_window": 30,
        "breakout_slope_min": 0.0013418623286692167,
        "strong_slope_min": 0.007811349072613549,
        "trail_atr_mult": 3.0636968774700994,
        "no_sell_above_ema_fast_in_bull": 0,
        "allow_bear_breakout_sell": 1
      }
    },
    "cps_v2": {
      "score": 0.7997337611193447,
      "trial_id": 140,
      "strategy": "GridTradingStrategyV2Aggressive",
      "parameters": {
        "min_step_pct": 0.02181334832247992,
        "atr_mult": 1.0,
        "num_grids": 15,
        "trend_ema_fast": 52,
        "trend_ema_slow": 123,
        "sell_spacing_mult_bull": 1.1421195837622427,
        "buy_spacing_mult_bear": 1.3425758925963986,
        "recenter_threshold_pct": 0.12,
        "recenter_dwell_bars": 10,
        "center_lookback": 26,
        "cooldown_bars": 2,
        "min_strength": 0.7535573114623166,
        "side_when_bear": 1,