{
  "next_trial_id": 401,
  "completed": 400,
  "total_requests": 400,
  "remaining_calls": 0,
  "best_scores": {
    "final_balance": {
      "score": 7103.366767377469,
      "trial_id": 89,
      "strategy": "GridTradingStrategyV2Aggressive",
      "parameters": {
        "min_step_pct": 0.0397312953196918,
        "atr_mult": 1.0,
        "num_grids": 19,
        "trend_ema_fast": 50,
        "trend_ema_slow": 176,
        "sell_spacing_mult_bull": 1.0584960626514166,
        "buy_spacing_mult_bear": 1.1067388920983892,
        "recenter_threshold_pct": 0.10154236589870491,
        "recenter_dwell_bars": 6,
        "center_lookback": 35,
        "cooldown_bars": 5,
        "min_strength": 0.46137438043106166,
        "side_when_bear": 1,
        "min_edge_pct": 0.017806740536092887,
        "fee_pct": 0.0025,
        "slippage_pct": 0.01,
        "tol_buy_lo": 0.01,
        "tol_buy_hi": 0.01247866428995609,
        "tol_sell_lo": 0.005,
        "tol_sell_hi": 0.01981810027629843,
        "timeframe_minutes": 60,
        "breakout_window": 30,
        "breakout_slope_min": 0.004106641146086239,
        "strong_slope_min": 0.005338279756037668,
        "trail_atr_mult": 2.073705550644707,
        "no_sell_above_ema_fast_in_bull": false,
        "allow_bear_breakout_sell": true
      }
    },
    "profit_biased": {
      "score": 0.7272553861442637,
      "trial_id": 89,
      "strategy": "GridTradingStrategyV2Aggressive",
      "parameters": {
        "min_step_pct": 0.0397312953196918,
        "atr_mult": 1.0,
        "num_grids": 19,
        "trend_ema_fast": 50,
        "trend_ema_slow": 176,
        "sell_spacing_mult_bull": 1.0584960626514166,
        "buy_spacing_mult_bear": 1.1067388920983892,
        "recenter_threshold_pct": 0.10154236589870491,
        "recenter_dwell_bars": 6,
        "center_lookback": 35,
        "cooldown_bars": 5,
        "min_strength": 0.46137438043106166,
        "side_when_bear": 1,
        "min_edge_pct": 0.017806740536092887,
        "fee_pct": 0.0025,
        "slippage_pct": 0.01,
        "tol_buy_lo": 0.01,
        "tol_buy_hi": 0.01247866428995609,
        "tol_sell_lo": 0.005,
        "tol_sell_hi": 0.01981810027629843,
        "timeframe_minutes": 60,
        "breakout_window": 30,
        "breakout_slope_min": 0.004106641146086239,
        "strong_slope_min": 0.005338279756037668,
        "trail_atr_mult": 2.073705550644707,
        "no_sell_above_ema_fast_in_bull": false,
        "allow_bear_breakout_sell": true
      }
    },
    "cps_v2_profit_biased": {
      "score": 0.7272553861442637,
      "trial_id": 89,
      "strategy": "GridTradingStrategyV2Aggressive",
      "parameters": {
        "min_step_pct": 0.0397312953196918,
        "atr_mult": 1.0,
        "num_grids": 19,
        "trend_ema_fast": 50,
        "trend_ema_slow": 176,
        "sell_spacing_mult_bull": 1.0584960626514166,
        "buy_spacing_mult_bear": 1.1067388920983892,
        "recenter_threshold_pct": 0.10154236589870491,
        "recenter_dwell_bars": 6,
        "center_lookback": 35,
        "cooldown_bars": 5,
        "min_strength": 0.46137438043106166,
        "side_when_bear": 1,
        "min_edge_pct": 0.017806740536092887,
        "fee_pct": 0.0025,
        "slippage_pct": 0.01,
        "tol_buy_lo": 0.01,
        "tol_buy_hi": 0.01247866428995609,
        "tol_sell_lo": 0.005,
        "tol_sell_hi": 0.01981810027629843,
        "timeframe_minutes": 60,
        "breakout_window": 30,
        "breakout_slope_min": 0.004106641146086239,
        "strong_slope_min": 0.005338279756037668,
        "trail_atr_mult": 2.073705550644707,
        "no_sell_above_ema_fast_in_bull": false,
        "allow_bear_breakout_sell": true
      }
    },
    "mar": {
      "score": 6103366767.377468,
      "trial_id": 89,
      "strategy": "GridTradingStrategyV2Aggressive",
      "parameters": {
        "min_step_pct": 0.0397312953196918,
        "atr_mult": 1.0,
        "num_grids": 19,
        "trend_ema_fast": 50,
        "trend_ema_slow": 176,
        "sell_spacing_mult_bull": 1.0584960626514166,
        "buy_spacing_mult_bear": 1.1067388920983892,
        "recenter_threshold_pct": 0.10154236589870491,
        "recenter_dwell_bars": 6,
        "center_lookback": 35,
        "cooldown_bars": 5,
        "min_strength": 0.46137438043106166,
        "side_when_bear": 1,
        "min_edge_pct": 0.017806740536092887,
        "fee_pct": 0.0025,
        "slippage_pct": 0.01,
        "tol_buy_lo": 0.01,
        "tol_buy_hi": 0.01247866428995609,
        "tol_sell_lo": 0.005,
        "tol_sell_hi": 0.01981810027629843,
        "timeframe_minutes": 60,
        "breakout_window": 30,
        "breakout_slope_min": 0.004106641146086239,
        "strong_slope_min": 0.005338279756037668,
        "trail_atr_mult": 2.073705550644707,
        "no_sell_above_ema_fast_in_bull": false,
        "allow_bear_breakout_sell": true
      }
    },
    "utility": {
      "score": 2.617056063820762,
      "trial_id": 98,
      "strategy": "DonchianChampionAggressiveStrategy",
      "parameters": {
        "entry_days": 5.905641050159956,
        "exit_days": 1.8838441426418344,
        "ema_exit_days": 1.6217871330571523,
        "trailing_drawdown_pct": false,
        "timeframe_minutes": 5
      }
    },
    "cps": {
      "score": 67.64,
      "trial_id": 98,
      "strategy": "DonchianChampionAggressiveStrategy",
      "parameters": {
        "entry_days": 5.905641050159956,
        "exit_days": 1.8838441426418344,
        "ema_exit_days": 1.6217871330571523,
        "trailing_drawdown_pct": false,
        "timeframe_minutes": 5
      }
    },
    "cps_v2": {
      "score": 0.7272553861442637,
      "trial_id": 89,
      "strategy": "GridTradingStrategyV2Aggressive",
      "parameters": {
        "min_step_pct": 0.0397312953196918,
        "atr_mult": 1.0,
        "num_grids": 19,
        "trend_ema_fast": 50,
        "trend_ema_slow": 176,
        "sell_spacing_mult_bull": 1.0584960626514166,
        "buy_spacing_mult_bear": 1.1067388920983892,
        "recenter_threshold_pct": 0.10154236589870491,
        "recenter_dwell_bars": 6,
        "center_lookback": 35,
        "cooldown_bars": 5,
        "min_strength": 0.46137438043106166,
        "side_when_bear": 1,
        "min_edge_pct": 0.017806740536092887,
        "fee_pct": 0.0025,
        "slippage_pct": 0.01,
        "tol_buy_lo": 0.01,
        "tol_buy_hi": 0.01247866428995609,
        "tol_sell_lo": 0.005,
        "tol_sell_hi": 0.01981810027629843,
        "timeframe_minutes": 60,
        "breakout_window": 30,
        "breakout_slope_min": 0.004106641146086239,
        "strong_slope_min": 0.005338279756037668,
        "trail_atr_mult": 2.073705550644707,
        "no_sell_above_ema_fast_in_bull": false,
        "allow_bear_breakout_sell": true
      }
    }
  }
}