{
  "next_trial_id": 201,
  "completed": 200,
  "total_requests": 200,
  "remaining_calls": 0,
  "best_scores": {
    "final_balance": {
      "score": 9342.326377788031,
      "trial_id": 200,
      "strategy": "GridTradingStrategyV2Aggressive",
      "parameters": {
        "min_step_pct": 0.03988436607236477,
        "atr_mult": 1.6778860080651579,
        "num_grids": 13,
        "trend_ema_fast": 38,
        "trend_ema_slow": 191,
        "sell_spacing_mult_bull": 1.3,
        "buy_spacing_mult_bear": 1.7831323117796396,
        "recenter_threshold_pct": 0.15718474131359927,
        "recenter_dwell_bars": 11,
        "center_lookback": 20,
        "cooldown_bars": 2,
        "min_strength": 0.565845425110093,
        "side_when_bear": 1,
        "min_edge_pct": 0.019599250841181824,
        "fee_pct": 0.0025,
        "slippage_pct": 0.01,
        "tol_buy_lo": 0.01,
        "tol_buy_hi": 0.008111966354610489,
        "tol_sell_lo": 0.0028849529195378656,
        "tol_sell_hi": 0.005432345611628339,
        "timeframe_minutes": 60,
        "breakout_window": 50,
        "breakout_slope_min": 0.0005,
        "strong_slope_min": 0.007312871695032959,
        "trail_atr_mult": 3.4037161318775984,
        "no_sell_above_ema_fast_in_bull": 1,
        "allow_bear_breakout_sell": 1
      }
    },
    "profit_biased": {
      "score": 0.7325151670700529,
      "trial_id": 200,
      "strategy": "GridTradingStrategyV2Aggressive",
      "parameters": {
        "min_step_pct": 0.03988436607236477,
        "atr_mult": 1.6778860080651579,
        "num_grids": 13,
        "trend_ema_fast": 38,
        "trend_ema_slow": 191,
        "sell_spacing_mult_bull": 1.3,
        "buy_spacing_mult_bear": 1.7831323117796396,
        "recenter_threshold_pct": 0.15718474131359927,
        "recenter_dwell_bars": 11,
        "center_lookback": 20,
        "cooldown_bars": 2,
        "min_strength": 0.565845425110093,
        "side_when_bear": 1,
        "min_edge_pct": 0.019599250841181824,
        "fee_pct": 0.0025,
        "slippage_pct": 0.01,
        "tol_buy_lo": 0.01,
        "tol_buy_hi": 0.008111966354610489,
        "tol_sell_lo": 0.0028849529195378656,
        "tol_sell_hi": 0.005432345611628339,
        "timeframe_minutes": 60,
        "breakout_window": 50,
        "breakout_slope_min": 0.0005,
        "strong_slope_min": 0.007312871695032959,
        "trail_atr_mult": 3.4037161318775984,
        "no_sell_above_ema_fast_in_bull": 1,
        "allow_bear_breakout_sell": 1
      }
    },
    "cps_v2_profit_biased": {
      "score": 0.7325151670700529,
      "trial_id": 200,
      "strategy": "GridTradingStrategyV2Aggressive",
      "parameters": {
        "min_step_pct": 0.03988436607236477,
        "atr_mult": 1.6778860080651579,
        "num_grids": 13,
        "trend_ema_fast": 38,
        "trend_ema_slow": 191,
        "sell_spacing_mult_bull": 1.3,
        "buy_spacing_mult_bear": 1.7831323117796396,
        "recenter_threshold_pct": 0.15718474131359927,
        "recenter_dwell_bars": 11,
        "center_lookback": 20,
        "cooldown_bars": 2,
        "min_strength": 0.565845425110093,
        "side_when_bear": 1,
        "min_edge_pct": 0.019599250841181824,
        "fee_pct": 0.0025,
        "slippage_pct": 0.01,
        "tol_buy_lo": 0.01,
        "tol_buy_hi": 0.008111966354610489,
        "tol_sell_lo": 0.0028849529195378656,
        "tol_sell_hi": 0.005432345611628339,
        "timeframe_minutes": 60,
        "breakout_window": 50,
        "breakout_slope_min": 0.0005,
        "strong_slope_min": 0.007312871695032959,
        "trail_atr_mult": 3.4037161318775984,
        "no_sell_above_ema_fast_in_bull": 1,
        "allow_bear_breakout_sell": 1
      }
    },
    "mar": {
      "score": 8342326377.788032,
      "trial_id": 200,
      "strategy": "GridTradingStrategyV2Aggressive",
      "parameters": {
        "min_step_pct": 0.03988436607236477,
        "atr_mult": 1.6778860080651579,
        "num_grids": 13,
        "trend_ema_fast": 38,
        "trend_ema_slow": 191,
        "sell_spacing_mult_bull": 1.3,
        "buy_spacing_mult_bear": 1.7831323117796396,
        "recenter_threshold_pct": 0.15718474131359927,
        "recenter_dwell_bars": 11,
        "center_lookback": 20,
        "cooldown_bars": 2,
        "min_strength": 0.565845425110093,
        "side_when_bear": 1,
        "min_edge_pct": 0.019599250841181824,
        "fee_pct": 0.0025,
        "slippage_pct": 0.01,
        "tol_buy_lo": 0.01,
        "tol_buy_hi": 0.008111966354610489,
        "tol_sell_lo": 0.0028849529195378656,
        "tol_sell_hi": 0.005432345611628339,
        "timeframe_minutes": 60,
        "breakout_window": 50,
        "breakout_slope_min": 0.0005,
        "strong_slope_min": 0.007312871695032959,
        "trail_atr_mult": 3.4037161318775984,
        "no_sell_above_ema_fast_in_bull": 1,
        "allow_bear_breakout_sell": 1
      }
    },
    "utility": {
      "score": 3.5933569696002157,
      "trial_id": 200,
      "strategy": "GridTradingStrategyV2Aggressive",
      "parameters": {
        "min_step_pct": 0.03988436607236477,
        "atr_mult": 1.6778860080651579,
        "num_grids": 13,
        "trend_ema_fast": 38,
        "trend_ema_slow": 191,
        "sell_spacing_mult_bull": 1.3,
        "buy_spacing_mult_bear": 1.7831323117796396,
        "recenter_threshold_pct": 0.15718474131359927,
        "recenter_dwell_bars": 11,
        "center_lookback": 20,
        "cooldown_bars": 2,
        "min_strength": 0.565845425110093,
        "side_when_bear": 1,
        "min_edge_pct": 0.019599250841181824,
        "fee_pct": 0.0025,
        "slippage_pct": 0.01,
        "tol_buy_lo": 0.01,
        "tol_buy_hi": 0.008111966354610489,
        "tol_sell_lo": 0.0028849529195378656,
        "tol_sell_hi": 0.005432345611628339,
        "timeframe_minutes": 60,
        "breakout_window": 50,
        "breakout_slope_min": 0.0005,
        "strong_slope_min": 0.007312871695032959,
        "trail_atr_mult": 3.4037161318775984,
        "no_sell_above_ema_fast_in_bull": 1,
        "allow_bear_breakout_sell": 1
      }
    },
    "cps": {
      "score": 71.7,
      "trial_id": 190,
      "strategy": "GridTradingStrategyV2Aggressive",
      "parameters": {
        "min_step_pct": 0.022926507235488326,
        "atr_mult": 1.1189330668868345,
        "num_grids": 9,
        "trend_ema_fast": 54,
        "trend_ema_slow": 383,
        "sell_spacing_mult_bull": 1.5367868655152246,
        "buy_spacing_mult_bear": 1.2,
        "recenter_threshold_pct": 0.1309413715545334,
        "recenter_dwell_bars": 4,
        "center_lookback": 15,
        "cooldown_bars": 2,
        "min_strength": 0.572710556080515,
        "side_when_bear": 1,
        "min_edge_pct": 0.02082176676570974,
        "fee_pct": 0.0025,
        "slippage_pct": 0.01,
        "tol_buy_lo": 0.005057014354364138,
        "tol_buy_hi": 0.002501913093495187,
        "tol_sell_lo": 0.010053912781470652,
        "tol_sell_hi": 0.017272324344910602,
        "timeframe_minutes": 60,
        "breakout_window": 20,
        "breakout_slope_min": 0.0022825381366535042,
        "strong_slope_min": 0.0005888349616551591,
        "trail_atr_mult": 3.125797834718492,
        "no_sell_above_ema_fast_in_bull": 0,
        "allow_bear_breakout_sell": 0
      }
    },
    "cps_v2": {
      "score": 0.7325151670700529,
      "trial_id": 200,
      "strategy": "GridTradingStrategyV2Aggressive",
      "parameters": {
        "min_step_pct": 0.03988436607236477,
        "atr_mult": 1.6778860080651579,
        "num_grids": 13,
        "trend_ema_fast": 38,
        "trend_ema_slow": 191,
        "sell_spacing_mult_bull": 1.3,
        "buy_spacing_mult_bear": 1.7831323117796396,
        "recenter_threshold_pct": 0.15718474131359927,
        "recenter_dwell_bars": 11,
        "center_lookback": 20,
        "cooldown_bars": 2,
        "min_strength": 0.565845425110093,
        "side_when_bear": 1,
        "min_edge_pct": 0.019599250841181824,