{
  "next_trial_id": 201,
  "completed": 200,
  "total_requests": 200,
  "remaining_calls": 0,
  "best_scores": {
    "final_balance": {
      "score": 2559.5003479136117,
      "trial_id": 105,
      "strategy": "GridTradingStrategyV2Aggressive",
      "parameters": {
        "min_step_pct": 0.03944852418906053,
        "atr_mult": 1.363494056748297,
        "num_grids": 14,
        "trend_ema_fast": 80,
        "trend_ema_slow": 219,
        "sell_spacing_mult_bull": 1.5995713439993988,
        "buy_spacing_mult_bear": 1.2,
        "recenter_threshold_pct": 0.2116590698024149,
        "recenter_dwell_bars": 6,
        "center_lookback": 21,
        "cooldown_bars": 3,
        "min_strength": 0.5269131369124292,
        "side_when_bear": 2,
        "min_edge_pct": 0.02,
        "fee_pct": 0.0025,
        "slippage_pct": 0.01,
        "tol_buy_lo": 0.005204487583838382,
        "tol_buy_hi": 0.016808509040457355,
        "tol_sell_lo": 0.00528245763757788,
        "tol_sell_hi": 0.005895058672860013,
        "timeframe_minutes": 60,
        "breakout_window": 65,
        "breakout_slope_min": 0.0005,
        "strong_slope_min": 0.004814056355330252,
        "trail_atr_mult": 2.0,
        "no_sell_above_ema_fast_in_bull": 1,
        "allow_bear_breakout_sell": 1
      }
    },
    "profit_biased": {
      "score": 0.6402514865576537,
      "trial_id": 105,
      "strategy": "GridTradingStrategyV2Aggressive",
      "parameters": {
        "min_step_pct": 0.03944852418906053,
        "atr_mult": 1.363494056748297,
        "num_grids": 14,
        "trend_ema_fast": 80,
        "trend_ema_slow": 219,
        "sell_spacing_mult_bull": 1.5995713439993988,
        "buy_spacing_mult_bear": 1.2,
        "recenter_threshold_pct": 0.2116590698024149,
        "recenter_dwell_bars": 6,
        "center_lookback": 21,
        "cooldown_bars": 3,
        "min_strength": 0.5269131369124292,
        "side_when_bear": 2,
        "min_edge_pct": 0.02,
        "fee_pct": 0.0025,
        "slippage_pct": 0.01,
        "tol_buy_lo": 0.005204487583838382,
        "tol_buy_hi": 0.016808509040457355,
        "tol_sell_lo": 0.00528245763757788,
        "tol_sell_hi": 0.005895058672860013,
        "timeframe_minutes": 60,
        "breakout_window": 65,
        "breakout_slope_min": 0.0005,
        "strong_slope_min": 0.004814056355330252,
        "trail_atr_mult": 2.0,
        "no_sell_above_ema_fast_in_bull": 1,
        "allow_bear_breakout_sell": 1
      }
    },
    "cps_v2_profit_biased": {
      "score": 0.6402514865576537,
      "trial_id": 105,
      "strategy": "GridTradingStrategyV2Aggressive",
      "parameters": {
        "min_step_pct": 0.03944852418906053,
        "atr_mult": 1.363494056748297,
        "num_grids": 14,
        "trend_ema_fast": 80,
        "trend_ema_slow": 219,
        "sell_spacing_mult_bull": 1.5995713439993988,
        "buy_spacing_mult_bear": 1.2,
        "recenter_threshold_pct": 0.2116590698024149,
        "recenter_dwell_bars": 6,
        "center_lookback": 21,
        "cooldown_bars": 3,
        "min_strength": 0.5269131369124292,
        "side_when_bear": 2,
        "min_edge_pct": 0.02,
        "fee_pct": 0.0025,
        "slippage_pct": 0.01,
        "tol_buy_lo": 0.005204487583838382,
        "tol_buy_hi": 0.016808509040457355,
        "tol_sell_lo": 0.00528245763757788,
        "tol_sell_hi": 0.005895058672860013,
        "timeframe_minutes": 60,
        "breakout_window": 65,
        "breakout_slope_min": 0.0005,
        "strong_slope_min": 0.004814056355330252,
        "trail_atr_mult": 2.0,
        "no_sell_above_ema_fast_in_bull": 1,
        "allow_bear_breakout_sell": 1
      }
    },
    "mar": {
      "score": 1559500347.9136114,
      "trial_id": 105,
      "strategy": "GridTradingStrategyV2Aggressive",
      "parameters": {
        "min_step_pct": 0.03944852418906053,
        "atr_mult": 1.363494056748297,
        "num_grids": 14,
        "trend_ema_fast": 80,
        "trend_ema_slow": 219,
        "sell_spacing_mult_bull": 1.5995713439993988,
        "buy_spacing_mult_bear": 1.2,
        "recenter_threshold_pct": 0.2116590698024149,
        "recenter_dwell_bars": 6,
        "center_lookback": 21,
        "cooldown_bars": 3,
        "min_strength": 0.5269131369124292,
        "side_when_bear": 2,
        "min_edge_pct": 0.02,
        "fee_pct": 0.0025,
        "slippage_pct": 0.01,
        "tol_buy_lo": 0.005204487583838382,
        "tol_buy_hi": 0.016808509040457355,
        "tol_sell_lo": 0.00528245763757788,
        "tol_sell_hi": 0.005895058672860013,
        "timeframe_minutes": 60,
        "breakout_window": 65,
        "breakout_slope_min": 0.0005,
        "strong_slope_min": 0.004814056355330252,
        "trail_atr_mult": 2.0,
        "no_sell_above_ema_fast_in_bull": 1,
        "allow_bear_breakout_sell": 1
      }
    },
    "utility": {
      "score": 0.8052510731135745,
      "trial_id": 104,
      "strategy": "Strategy_62_RSIAvgs",
      "parameters": {
        "rsi_period": 14,
        "ma_periods": [
          5,
          10,
          20
        ],
        "overbought": 72,
        "oversold": 23,
        "signal_threshold": 0.679757158807217
      }
    },
    "cps": {
      "score": 72.62,
      "trial_id": 104,
      "strategy": "Strategy_62_RSIAvgs",
      "parameters": {
        "rsi_period": 14,
        "ma_periods": [
          5,
          10,
          20
        ],
        "overbought": 72,
        "oversold": 23,
        "signal_threshold": 0.679757158807217
      }
    },
    "cps_v2": {
      "score": 0.6402514865576537,
      "trial_id": 105,
      "strategy": "GridTradingStrategyV2Aggressive",
      "parameters": {
        "min_step_pct": 0.03944852418906053,
        "atr_mult": 1.363494056748297,
        "num_grids": 14,
        "trend_ema_fast": 80,
        "trend_ema_slow": 219,
        "sell_spacing_mult_bull": 1.5995713439993988,
        "buy_spacing_mult_bear": 1.2,
        "recenter_threshold_pct": 0.2116590698024149,
        "recenter_dwell_bars": 6,
        "center_lookback": 21,
        "cooldown_bars": 3,
        "min_strength": 0.5269131369124292,
        "side_when_bear": 2,
        "min_edge_pct": 0.02,
        "fee_pct": 0.0025,
        "slippage_pct": 0.01,
        "tol_buy_lo": 0.005204487583838382,
        "tol_buy_hi": 0.016808509040457355,
        "tol_sell_lo": 0.00528245763757788,
        "tol_sell_hi": 0.005895058672860013,
        "timeframe_minutes": 60,
        "breakout_window": 65,
        "breakout_slope_min": 0.0005,
        "strong_slope_min": 0.004814056355330252,
        "trail_atr_mult": 2.0,
        "no_sell_above_ema_fast_in_bull": 1,
        "allow_bear_breakout_sell": 1
      }
    }
  }
}