{
  "next_trial_id": 201,
  "completed": 200,
  "total_requests": 200,
  "remaining_calls": 0,
  "best_scores": {
    "final_balance": {
      "score": 1117.3692338014737,
      "trial_id": 98,
      "strategy": "CSMARevertStrategy",
      "parameters": {
        "n_sma": 647,
        "entry_drop": 0.09063302976697418,
        "exit_up": 0.8736964033082298,
        "rsi_period": 29,
        "rsi_max": 29.487676706810568,
        "atr_period": 48,
        "atr_mult": 2.8632653525010356,
        "timeframe_minutes": 5
      }
    },
    "profit_biased": {
      "score": 0.7863793694038115,
      "trial_id": 142,
      "strategy": "GridTradingStrategyV2Aggressive",
      "parameters": {
        "min_step_pct": 0.036628460444405375,
        "atr_mult": 1.2255795425825287,
        "num_grids": 18,
        "trend_ema_fast": 68,
        "trend_ema_slow": 200,
        "sell_spacing_mult_bull": 1.7548477620099274,
        "buy_spacing_mult_bear": 1.3626119664678287,
        "recenter_threshold_pct": 0.24744862714689114,
        "recenter_dwell_bars": 6,
        "center_lookback": 20,
        "cooldown_bars": 1,
        "min_strength": 0.47366781954893716,
        "side_when_bear": 0,
        "min_edge_pct": 0.008959031106741101,
        "fee_pct": 0.0025,
        "slippage_pct": 0.01,
        "tol_buy_lo": 0.01,
        "tol_buy_hi": 0.015178807179039777,
        "tol_sell_lo": 0.010136778672781533,
        "tol_sell_hi": 0.01950063413967364,
        "timeframe_minutes": 60,
        "breakout_window": 20,
        "breakout_slope_min": 0.0038362731564997744,
        "strong_slope_min": 0.009096594979023369,
        "trail_atr_mult": 1.6651131815661873,
        "no_sell_above_ema_fast_in_bull": 1,
        "allow_bear_breakout_sell": 0
      }
    },
    "cps_v2_profit_biased": {
      "score": 0.7863793694038115,
      "trial_id": 142,
      "strategy": "GridTradingStrategyV2Aggressive",
      "parameters": {
        "min_step_pct": 0.036628460444405375,
        "atr_mult": 1.2255795425825287,
        "num_grids": 18,
        "trend_ema_fast": 68,
        "trend_ema_slow": 200,
        "sell_spacing_mult_bull": 1.7548477620099274,
        "buy_spacing_mult_bear": 1.3626119664678287,
        "recenter_threshold_pct": 0.24744862714689114,
        "recenter_dwell_bars": 6,
        "center_lookback": 20,
        "cooldown_bars": 1,
        "min_strength": 0.47366781954893716,
        "side_when_bear": 0,
        "min_edge_pct": 0.008959031106741101,
        "fee_pct": 0.0025,
        "slippage_pct": 0.01,
        "tol_buy_lo": 0.01,
        "tol_buy_hi": 0.015178807179039777,
        "tol_sell_lo": 0.010136778672781533,
        "tol_sell_hi": 0.01950063413967364,
        "timeframe_minutes": 60,
        "breakout_window": 20,
        "breakout_slope_min": 0.0038362731564997744,
        "strong_slope_min": 0.009096594979023369,
        "trail_atr_mult": 1.6651131815661873,
        "no_sell_above_ema_fast_in_bull": 1,
        "allow_bear_breakout_sell": 0
      }
    },
    "mar": {
      "score": 117369233.80147378,
      "trial_id": 98,
      "strategy": "CSMARevertStrategy",
      "parameters": {
        "n_sma": 647,
        "entry_drop": 0.09063302976697418,
        "exit_up": 0.8736964033082298,
        "rsi_period": 29,
        "rsi_max": 29.487676706810568,
        "atr_period": 48,
        "atr_mult": 2.8632653525010356,
        "timeframe_minutes": 5
      }
    },
    "utility": {
      "score": 0.06416399892385885,
      "trial_id": 98,
      "strategy": "CSMARevertStrategy",
      "parameters": {
        "n_sma": 647,
        "entry_drop": 0.09063302976697418,
        "exit_up": 0.8736964033082298,
        "rsi_period": 29,
        "rsi_max": 29.487676706810568,
        "atr_period": 48,
        "atr_mult": 2.8632653525010356,
        "timeframe_minutes": 5
      }
    },
    "cps": {
      "score": 90.5,
      "trial_id": 142,
      "strategy": "GridTradingStrategyV2Aggressive",
      "parameters": {
        "min_step_pct": 0.036628460444405375,
        "atr_mult": 1.2255795425825287,
        "num_grids": 18,
        "trend_ema_fast": 68,
        "trend_ema_slow": 200,
        "sell_spacing_mult_bull": 1.7548477620099274,
        "buy_spacing_mult_bear": 1.3626119664678287,
        "recenter_threshold_pct": 0.24744862714689114,
        "recenter_dwell_bars": 6,
        "center_lookback": 20,
        "cooldown_bars": 1,
        "min_strength": 0.47366781954893716,
        "side_when_bear": 0,
        "min_edge_pct": 0.008959031106741101,
        "fee_pct": 0.0025,
        "slippage_pct": 0.01,
        "tol_buy_lo": 0.01,
        "tol_buy_hi": 0.015178807179039777,
        "tol_sell_lo": 0.010136778672781533,
        "tol_sell_hi": 0.01950063413967364,
        "timeframe_minutes": 60,
        "breakout_window": 20,
        "breakout_slope_min": 0.0038362731564997744,
        "strong_slope_min": 0.009096594979023369,
        "trail_atr_mult": 1.6651131815661873,
        "no_sell_above_ema_fast_in_bull": 1,
        "allow_bear_breakout_sell": 0
      }
    },
    "cps_v2": {
      "score": 0.7863793694038115,
      "trial_id": 142,
      "strategy": "GridTradingStrategyV2Aggressive",
      "parameters": {
        "min_step_pct": 0.036628460444405375,
        "atr_mult": 1.2255795425825287,
        "num_grids": 18,
        "trend_ema_fast": 68,
        "trend_ema_slow": 200,
        "sell_spacing_mult_bull": 1.7548477620099274,
        "buy_spacing_mult_bear": 1.3626119664678287,
        "recenter_threshold_pct": 0.24744862714689114,
        "recenter_dwell_bars": 6,
        "center_lookback": 20,
        "cooldown_bars": 1,
        "min_strength": 0.47366781954893716,
        "side_when_bear": 0,
        "min_edge_pct": 0.008959031106741101,
        "fee_pct": 0.0025,
        "slippage_pct": 0.01,
        "tol_buy_lo": 0.01,
        "tol_buy_hi": 0.015178807179039777,
        "tol_sell_lo": 0.010136778672781533,
        "tol_sell_hi": 0.01950063413967364,
        "timeframe_minutes": 60,
        "breakout_window": 20,
        "breakout_slope_min": 0.0038362731564997744,
        "strong_slope_min": 0.009096594979023369,
        "trail_atr_mult": 1.6651131815661873,
        "no_sell_above_ema_fast_in_bull": 1,
        "allow_bear_breakout_sell": 0
      }
    }
  }
}