{
  "next_trial_id": 401,
  "completed": 400,
  "total_requests": 400,
  "remaining_calls": 0,
  "best_scores": {
    "final_balance": {
      "score": 31969.903398999737,
      "trial_id": 263,
      "strategy": "Strategy_62_RSIAvgs",
      "parameters": {
        "rsi_period": 14,
        "ma_periods": [
          5,
          10,
          20
        ],
        "overbought": 70,
        "oversold": 22,
        "signal_threshold": 0.6
      }
    },
    "profit_biased": {
      "score": 0.9291343289068735,
      "trial_id": 194,
      "strategy": "GridTradingStrategyV2Aggressive",
      "parameters": {
        "min_step_pct": 0.03501772289098559,
        "atr_mult": 1.0,
        "num_grids": 6,
        "trend_ema_fast": 80,
        "trend_ema_slow": 372,
        "sell_spacing_mult_bull": 1.3480052505081717,
        "buy_spacing_mult_bear": 1.54938357868576,
        "recenter_threshold_pct": 0.12,
        "recenter_dwell_bars": 6,
        "center_lookback": 16,
        "cooldown_bars": 6,
        "min_strength": 0.4536847719765451,
        "side_when_bear": 2,
        "min_edge_pct": 0.018597254553497568,
        "fee_pct": 0.0025,
        "slippage_pct": 0.01,
        "tol_buy_lo": 0.012758143216409362,
        "tol_buy_hi": 0.0069586891242175075,
        "tol_sell_lo": 0.003500883156989141,
        "tol_sell_hi": 0.01136596411380229,
        "timeframe_minutes": 60,
        "breakout_window": 62,
        "breakout_slope_min": 0.0040380850261804895,
        "strong_slope_min": 0.001,
        "trail_atr_mult": 2.5090094488675554,
        "no_sell_above_ema_fast_in_bull": 0,
        "allow_bear_breakout_sell": 1
      }
    },
    "cps_v2_profit_biased": {
      "score": 0.9291343289068735,
      "trial_id": 194,
      "strategy": "GridTradingStrategyV2Aggressive",
      "parameters": {
        "min_step_pct": 0.03501772289098559,
        "atr_mult": 1.0,
        "num_grids": 6,
        "trend_ema_fast": 80,
        "trend_ema_slow": 372,
        "sell_spacing_mult_bull": 1.3480052505081717,
        "buy_spacing_mult_bear": 1.54938357868576,
        "recenter_threshold_pct": 0.12,
        "recenter_dwell_bars": 6,
        "center_lookback": 16,
        "cooldown_bars": 6,
        "min_strength": 0.4536847719765451,
        "side_when_bear": 2,
        "min_edge_pct": 0.018597254553497568,
        "fee_pct": 0.0025,
        "slippage_pct": 0.01,
        "tol_buy_lo": 0.012758143216409362,
        "tol_buy_hi": 0.0069586891242175075,
        "tol_sell_lo": 0.003500883156989141,
        "tol_sell_hi": 0.01136596411380229,
        "timeframe_minutes": 60,
        "breakout_window": 62,
        "breakout_slope_min": 0.0040380850261804895,
        "strong_slope_min": 0.001,
        "trail_atr_mult": 2.5090094488675554,
        "no_sell_above_ema_fast_in_bull": 0,
        "allow_bear_breakout_sell": 1
      }
    },
    "mar": {
      "score": 30969903398.999733,
      "trial_id": 263,
      "strategy": "Strategy_62_RSIAvgs",
      "parameters": {
        "rsi_period": 14,
        "ma_periods": [
          5,
          10,
          20
        ],
        "overbought": 70,
        "oversold": 22,
        "signal_threshold": 0.6
      }
    },
    "utility": {
      "score": 16.834273228678928,
      "trial_id": 263,
      "strategy": "Strategy_62_RSIAvgs",
      "parameters": {
        "rsi_period": 14,
        "ma_periods": [
          5,
          10,
          20
        ],
        "overbought": 70,
        "oversold": 22,
        "signal_threshold": 0.6
      }
    },
    "cps": {
      "score": 90.5,
      "trial_id": 194,
      "strategy": "GridTradingStrategyV2Aggressive",
      "parameters": {
        "min_step_pct": 0.03501772289098559,
        "atr_mult": 1.0,
        "num_grids": 6,
        "trend_ema_fast": 80,
        "trend_ema_slow": 372,
        "sell_spacing_mult_bull": 1.3480052505081717,
        "buy_spacing_mult_bear": 1.54938357868576,
        "recenter_threshold_pct": 0.12,
        "recenter_dwell_bars": 6,
        "center_lookback": 16,
        "cooldown_bars": 6,
        "min_strength": 0.4536847719765451,
        "side_when_bear": 2,
        "min_edge_pct": 0.018597254553497568,
        "fee_pct": 0.0025,
        "slippage_pct": 0.01,
        "tol_buy_lo": 0.012758143216409362,
        "tol_buy_hi": 0.0069586891242175075,
        "tol_sell_lo": 0.003500883156989141,
        "tol_sell_hi": 0.01136596411380229,
        "timeframe_minutes": 60,
        "breakout_window": 62,
        "breakout_slope_min": 0.0040380850261804895,
        "strong_slope_min": 0.001,
        "trail_atr_mult": 2.5090094488675554,
        "no_sell_above_ema_fast_in_bull": 0,
        "allow_bear_breakout_sell": 1
      }
    },
    "cps_v2": {
      "score": 0.9291343289068735,
      "trial_id": 194,
      "strategy": "GridTradingStrategyV2Aggressive",
      "parameters": {
        "min_step_pct": 0.03501772289098559,
        "atr_mult": 1.0,
        "num_grids": 6,
        "trend_ema_fast": 80,
        "trend_ema_slow": 372,
        "sell_spacing_mult_bull": 1.3480052505081717,
        "buy_spacing_mult_bear": 1.54938357868576,
        "recenter_threshold_pct": 0.12,
        "recenter_dwell_bars": 6,
        "center_lookback": 16,
        "cooldown_bars": 6,
        "min_strength": 0.4536847719765451,
        "side_when_bear": 2,
        "min_edge_pct": 0.018597254553497568,
        "fee_pct": 0.0025,
        "slippage_pct": 0.01,
        "tol_buy_lo": 0.012758143216409362,
        "tol_buy_hi": 0.0069586891242175075,
        "tol_sell_lo": 0.003500883156989141,
        "tol_sell_hi": 0.01136596411380229,
        "timeframe_minutes": 60,
        "breakout_window": 62,
        "breakout_slope_min": 0.0040380850261804895,
        "strong_slope_min": 0.001,
        "trail_atr_mult": 2.5090094488675554,
        "no_sell_above_ema_fast_in_bull": 0,
        "allow_bear_breakout_sell": 1
      }
    }
  }
}