{
  "next_trial_id": 201,
  "completed": 200,
  "total_requests": 200,
  "remaining_calls": 0,
  "best_scores": {
    "final_balance": {
      "score": 2713.097948500794,
      "trial_id": 98,
      "strategy": "CSMARevertStrategy",
      "parameters": {
        "n_sma": 937,
        "entry_drop": 0.24395734483283393,
        "exit_up": 0.3046455993654925,
        "rsi_period": 15,
        "rsi_max": 42.56542308530402,
        "atr_period": 9,
        "atr_mult": 1.9880004137462515,
        "timeframe_minutes": 5
      }
    },
    "profit_biased": {
      "score": 0.8933914430075484,
      "trial_id": 132,
      "strategy": "GridTradingStrategyV2Aggressive",
      "parameters": {
        "min_step_pct": 0.03884423712995827,
        "atr_mult": 0.8935336497064597,
        "num_grids": 11,
        "trend_ema_fast": 40,
        "trend_ema_slow": 295,
        "sell_spacing_mult_bull": 1.1965758835569278,
        "buy_spacing_mult_bear": 1.2,
        "recenter_threshold_pct": 0.12302391785668765,
        "recenter_dwell_bars": 8,
        "center_lookback": 37,
        "cooldown_bars": 2,
        "min_strength": 0.55,
        "side_when_bear": 0,
        "min_edge_pct": 0.02,
        "fee_pct": 0.0025,
        "slippage_pct": 0.01,
        "tol_buy_lo": 0.018693172598979613,
        "tol_buy_hi": 0.007688408818740636,
        "tol_sell_lo": 0.005002116014583603,
        "tol_sell_hi": 0.010133902535786728,
        "timeframe_minutes": 60,
        "breakout_window": 51,
        "breakout_slope_min": 0.0005,
        "strong_slope_min": 0.008100196273715343,
        "trail_atr_mult": 2.9560865514826755,
        "no_sell_above_ema_fast_in_bull": 1,
        "allow_bear_breakout_sell": 0
      }
    },
    "cps_v2_profit_biased": {
      "score": 0.8933914430075484,
      "trial_id": 132,
      "strategy": "GridTradingStrategyV2Aggressive",
      "parameters": {
        "min_step_pct": 0.03884423712995827,
        "atr_mult": 0.8935336497064597,
        "num_grids": 11,
        "trend_ema_fast": 40,
        "trend_ema_slow": 295,
        "sell_spacing_mult_bull": 1.1965758835569278,
        "buy_spacing_mult_bear": 1.2,
        "recenter_threshold_pct": 0.12302391785668765,
        "recenter_dwell_bars": 8,
        "center_lookback": 37,
        "cooldown_bars": 2,
        "min_strength": 0.55,
        "side_when_bear": 0,
        "min_edge_pct": 0.02,
        "fee_pct": 0.0025,
        "slippage_pct": 0.01,
        "tol_buy_lo": 0.018693172598979613,
        "tol_buy_hi": 0.007688408818740636,
        "tol_sell_lo": 0.005002116014583603,
        "tol_sell_hi": 0.010133902535786728,
        "timeframe_minutes": 60,
        "breakout_window": 51,
        "breakout_slope_min": 0.0005,
        "strong_slope_min": 0.008100196273715343,
        "trail_atr_mult": 2.9560865514826755,
        "no_sell_above_ema_fast_in_bull": 1,
        "allow_bear_breakout_sell": 0
      }
    },
    "mar": {
      "score": 1713097948.5007937,
      "trial_id": 98,
      "strategy": "CSMARevertStrategy",
      "parameters": {
        "n_sma": 937,
        "entry_drop": 0.24395734483283393,
        "exit_up": 0.3046455993654925,
        "rsi_period": 15,
        "rsi_max": 42.56542308530402,
        "atr_period": 9,
        "atr_mult": 1.9880004137462515,
        "timeframe_minutes": 5
      }
    },
    "utility": {
      "score": 0.7870550778327187,
      "trial_id": 98,
      "strategy": "CSMARevertStrategy",
      "parameters": {
        "n_sma": 937,
        "entry_drop": 0.24395734483283393,
        "exit_up": 0.3046455993654925,
        "rsi_period": 15,
        "rsi_max": 42.56542308530402,
        "atr_period": 9,
        "atr_mult": 1.9880004137462515,
        "timeframe_minutes": 5
      }
    },
    "cps": {
      "score": 90.5,
      "trial_id": 22,
      "strategy": "GridTradingStrategyV2Aggressive",
      "parameters": {
        "min_step_pct": 0.030859162022023757,
        "atr_mult": 1.7144964355461,
        "num_grids": 10,
        "trend_ema_fast": 50,
        "trend_ema_slow": 164,
        "sell_spacing_mult_bull": 1.1892443138881958,
        "buy_spacing_mult_bear": 1.2396266467955632,
        "recenter_threshold_pct": 0.12,
        "recenter_dwell_bars": 6,
        "center_lookback": 19,
        "cooldown_bars": 2,
        "min_strength": 0.5427404302246969,
        "side_when_bear": 0,
        "min_edge_pct": 0.02552511970904071,
        "fee_pct": 0.0025,
        "slippage_pct": 0.01,
        "tol_buy_lo": 0.018966657073628674,
        "tol_buy_hi": 0.01347234799283854,
        "tol_sell_lo": 0.007506048690688462,
        "tol_sell_hi": 0.016588190533533567,
        "timeframe_minutes": 60,
        "breakout_window": 40,
        "breakout_slope_min": 0.003598998994762845,
        "strong_slope_min": 0.0014481343579661927,
        "trail_atr_mult": 2.6810550467699645,
        "no_sell_above_ema_fast_in_bull": 1,
        "allow_bear_breakout_sell": 0
      }
    },
    "cps_v2": {
      "score": 0.8933914430075484,
      "trial_id": 132,
      "strategy": "GridTradingStrategyV2Aggressive",
      "parameters": {
        "min_step_pct": 0.03884423712995827,
        "atr_mult": 0.8935336497064597,
        "num_grids": 11,
        "trend_ema_fast": 40,
        "trend_ema_slow": 295,
        "sell_spacing_mult_bull": 1.1965758835569278,
        "buy_spacing_mult_bear": 1.2,
        "recenter_threshold_pct": 0.12302391785668765,
        "recenter_dwell_bars": 8,
        "center_lookback": 37,
        "cooldown_bars": 2,
        "min_strength": 0.55,
        "side_when_bear": 0,
        "min_edge_pct": 0.02,
        "fee_pct": 0.0025,
        "slippage_pct": 0.01,
        "tol_buy_lo": 0.018693172598979613,
        "tol_buy_hi": 0.007688408818740636,
        "tol_sell_lo": 0.005002116014583603,
        "tol_sell_hi": 0.010133902535786728,
        "timeframe_minutes": 60,
        "breakout_window": 51,
        "breakout_slope_min": 0.0005,
        "strong_slope_min": 0.008100196273715343,
        "trail_atr_mult": 2.9560865514826755,
        "no_sell_above_ema_fast_in_bull": 1,
        "allow_bear_breakout_sell": 0
      }
    }
  }
}