{
  "next_trial_id": 201,
  "completed": 200,
  "total_requests": 200,
  "remaining_calls": 0,
  "best_scores": {
    "final_balance": {
      "score": 2173.902332607323,
      "trial_id": 185,
      "strategy": "GridTradingStrategyV2Aggressive",
      "parameters": {
        "min_step_pct": 0.016180726442226415,
        "atr_mult": 1.5311282521591933,
        "num_grids": 15,
        "trend_ema_fast": 50,
        "trend_ema_slow": 239,
        "sell_spacing_mult_bull": 1.3,
        "buy_spacing_mult_bear": 1.2524213610678028,
        "recenter_threshold_pct": 0.10779376357575558,
        "recenter_dwell_bars": 5,
        "center_lookback": 35,
        "cooldown_bars": 0,
        "min_strength": 0.7548272853802307,
        "side_when_bear": 2,
        "min_edge_pct": 0.018453945624314724,
        "fee_pct": 0.0025,
        "slippage_pct": 0.01,
        "tol_buy_lo": 0.005970558272150841,
        "tol_buy_hi": 0.012290980494546423,
        "tol_sell_lo": 0.012119344008515907,
        "tol_sell_hi": 0.013073491350045818,
        "timeframe_minutes": 60,
        "breakout_window": 45,
        "breakout_slope_min": 0.0014816292373542872,
        "strong_slope_min": 0.005164802336416597,
        "trail_atr_mult": 3.1782961558904317,
        "no_sell_above_ema_fast_in_bull": 1,
        "allow_bear_breakout_sell": 0
      }
    },
    "profit_biased": {
      "score": 0.7120049441852202,
      "trial_id": 185,
      "strategy": "GridTradingStrategyV2Aggressive",
      "parameters": {
        "min_step_pct": 0.016180726442226415,
        "atr_mult": 1.5311282521591933,
        "num_grids": 15,
        "trend_ema_fast": 50,
        "trend_ema_slow": 239,
        "sell_spacing_mult_bull": 1.3,
        "buy_spacing_mult_bear": 1.2524213610678028,
        "recenter_threshold_pct": 0.10779376357575558,
        "recenter_dwell_bars": 5,
        "center_lookback": 35,
        "cooldown_bars": 0,
        "min_strength": 0.7548272853802307,
        "side_when_bear": 2,
        "min_edge_pct": 0.018453945624314724,
        "fee_pct": 0.0025,
        "slippage_pct": 0.01,
        "tol_buy_lo": 0.005970558272150841,
        "tol_buy_hi": 0.012290980494546423,
        "tol_sell_lo": 0.012119344008515907,
        "tol_sell_hi": 0.013073491350045818,
        "timeframe_minutes": 60,
        "breakout_window": 45,
        "breakout_slope_min": 0.0014816292373542872,
        "strong_slope_min": 0.005164802336416597,
        "trail_atr_mult": 3.1782961558904317,
        "no_sell_above_ema_fast_in_bull": 1,
        "allow_bear_breakout_sell": 0
      }
    },
    "cps_v2_profit_biased": {
      "score": 0.7120049441852202,
      "trial_id": 185,
      "strategy": "GridTradingStrategyV2Aggressive",
      "parameters": {
        "min_step_pct": 0.016180726442226415,
        "atr_mult": 1.5311282521591933,
        "num_grids": 15,
        "trend_ema_fast": 50,
        "trend_ema_slow": 239,
        "sell_spacing_mult_bull": 1.3,
        "buy_spacing_mult_bear": 1.2524213610678028,
        "recenter_threshold_pct": 0.10779376357575558,
        "recenter_dwell_bars": 5,
        "center_lookback": 35,
        "cooldown_bars": 0,
        "min_strength": 0.7548272853802307,
        "side_when_bear": 2,
        "min_edge_pct": 0.018453945624314724,
        "fee_pct": 0.0025,
        "slippage_pct": 0.01,
        "tol_buy_lo": 0.005970558272150841,
        "tol_buy_hi": 0.012290980494546423,
        "tol_sell_lo": 0.012119344008515907,
        "tol_sell_hi": 0.013073491350045818,
        "timeframe_minutes": 60,
        "breakout_window": 45,
        "breakout_slope_min": 0.0014816292373542872,
        "strong_slope_min": 0.005164802336416597,
        "trail_atr_mult": 3.1782961558904317,
        "no_sell_above_ema_fast_in_bull": 1,
        "allow_bear_breakout_sell": 0
      }
    },
    "mar": {
      "score": 1173902332.607323,
      "trial_id": 185,
      "strategy": "GridTradingStrategyV2Aggressive",
      "parameters": {
        "min_step_pct": 0.016180726442226415,
        "atr_mult": 1.5311282521591933,
        "num_grids": 15,
        "trend_ema_fast": 50,
        "trend_ema_slow": 239,
        "sell_spacing_mult_bull": 1.3,
        "buy_spacing_mult_bear": 1.2524213610678028,
        "recenter_threshold_pct": 0.10779376357575558,
        "recenter_dwell_bars": 5,
        "center_lookback": 35,
        "cooldown_bars": 0,
        "min_strength": 0.7548272853802307,
        "side_when_bear": 2,
        "min_edge_pct": 0.018453945624314724,
        "fee_pct": 0.0025,
        "slippage_pct": 0.01,
        "tol_buy_lo": 0.005970558272150841,
        "tol_buy_hi": 0.012290980494546423,
        "tol_sell_lo": 0.012119344008515907,
        "tol_sell_hi": 0.013073491350045818,
        "timeframe_minutes": 60,
        "breakout_window": 45,
        "breakout_slope_min": 0.0014816292373542872,
        "strong_slope_min": 0.005164802336416597,
        "trail_atr_mult": 3.1782961558904317,
        "no_sell_above_ema_fast_in_bull": 1,
        "allow_bear_breakout_sell": 0
      }
    },
    "utility": {
      "score": 0.41306339091213023,
      "trial_id": 185,
      "strategy": "GridTradingStrategyV2Aggressive",
      "parameters": {
        "min_step_pct": 0.016180726442226415,
        "atr_mult": 1.5311282521591933,
        "num_grids": 15,
        "trend_ema_fast": 50,
        "trend_ema_slow": 239,
        "sell_spacing_mult_bull": 1.3,
        "buy_spacing_mult_bear": 1.2524213610678028,
        "recenter_threshold_pct": 0.10779376357575558,
        "recenter_dwell_bars": 5,
        "center_lookback": 35,
        "cooldown_bars": 0,
        "min_strength": 0.7548272853802307,
        "side_when_bear": 2,
        "min_edge_pct": 0.018453945624314724,
        "fee_pct": 0.0025,
        "slippage_pct": 0.01,
        "tol_buy_lo": 0.005970558272150841,
        "tol_buy_hi": 0.012290980494546423,
        "tol_sell_lo": 0.012119344008515907,
        "tol_sell_hi": 0.013073491350045818,
        "timeframe_minutes": 60,
        "breakout_window": 45,
        "breakout_slope_min": 0.0014816292373542872,
        "strong_slope_min": 0.005164802336416597,
        "trail_atr_mult": 3.1782961558904317,
        "no_sell_above_ema_fast_in_bull": 1,
        "allow_bear_breakout_sell": 0
      }
    },
    "cps": {
      "score": 76.03,
      "trial_id": 182,
      "strategy": "Strategy_62_RSIAvgs",
      "parameters": {
        "rsi_period": 14,
        "ma_periods": [
          5,
          10,
          20
        ],
        "overbought": 70,
        "oversold": 22,
        "signal_threshold": 0.5154845048988812
      }
    },
    "cps_v2": {
      "score": 0.7120049441852202,
      "trial_id": 185,
      "strategy": "GridTradingStrategyV2Aggressive",
      "parameters": {
        "min_step_pct": 0.016180726442226415,
        "atr_mult": 1.5311282521591933,
        "num_grids": 15,
        "trend_ema_fast": 50,
        "trend_ema_slow": 239,
        "sell_spacing_mult_bull": 1.3,
        "buy_spacing_mult_bear": 1.2524213610678028,
        "recenter_threshold_pct": 0.10779376357575558,
        "recenter_dwell_bars": 5,
        "center_lookback": 35,
        "cooldown_bars": 0,
        "min_strength": 0.7548272853802307,
        "side_when_bear": 2,
        "min_edge_pct": 0.018453945624314724,
        "fee_pct": 0.0025,
        "slippage_pct": 0.01,
        "tol_buy_lo": 0.005970558272150841,
        "tol_buy_hi": 0.012290980494546423,
        "tol_sell_lo": 0.012119344008515907,
        "tol_sell_hi": 0.013073491350045818,
        "timeframe_minutes": 60,
        "breakout_window": 45,
        "breakout_slope_min": 0.0014816292373542872,
        "strong_slope_min": 0.005164802336416597,
        "trail_atr_mult": 3.1782961558904317,
        "no_sell_above_ema_fast_in_bull": 1,
        "allow_bear_breakout_sell": 0
      }
    }
  }
}