{
  "next_trial_id": 201,
  "completed": 200,
  "total_requests": 200,
  "remaining_calls": 0,
  "best_scores": {
    "final_balance": {
      "score": 1282.4389159013263,
      "trial_id": 47,
      "strategy": "CSMARevertStrategy",
      "parameters": {
        "n_sma": 304,
        "entry_drop": 0.23511602196443715,
        "exit_up": 0.5339766899093112,
        "rsi_period": 33,
        "rsi_max": 37.152628303610086,
        "atr_period": 38,
        "atr_mult": 0.9203590434140427,
        "atr_floor_pct": 0.17546106137580741,
        "timeframe_minutes": 5
      }
    },
    "profit_biased": {
      "score": 0.9255826291621582,
      "trial_id": 115,
      "strategy": "GridTradingStrategyV2Aggressive",
      "parameters": {
        "min_step_pct": 0.02,
        "atr_mult": 1.3625835313330117,
        "num_grids": 15,
        "trend_ema_fast": 38,
        "trend_ema_slow": 205,
        "sell_spacing_mult_bull": 1.3,
        "buy_spacing_mult_bear": 1.290908269757567,
        "recenter_threshold_pct": 0.12205323155430471,
        "recenter_dwell_bars": 11,
        "center_lookback": 20,
        "cooldown_bars": 2,
        "min_strength": 0.6920247467815218,
        "side_when_bear": 0,
        "min_edge_pct": 0.02,
        "fee_pct": 0.0025,
        "slippage_pct": 0.01,
        "tol_buy_lo": 0.013467234168775058,
        "tol_buy_hi": 0.015726583292635064,
        "tol_sell_lo": 0.005,
        "tol_sell_hi": 0.018512162967647097,
        "timeframe_minutes": 60,
        "breakout_window": 20,
        "breakout_slope_min": 0.0028224352528826756,
        "strong_slope_min": 0.0061402703337622416,
        "trail_atr_mult": 3.3369947276208114,
        "no_sell_above_ema_fast_in_bull": 0,
        "allow_bear_breakout_sell": 0
      }
    },
    "cps_v2_profit_biased": {
      "score": 0.9255826291621582,
      "trial_id": 115,
      "strategy": "GridTradingStrategyV2Aggressive",
      "parameters": {
        "min_step_pct": 0.02,
        "atr_mult": 1.3625835313330117,
        "num_grids": 15,
        "trend_ema_fast": 38,
        "trend_ema_slow": 205,
        "sell_spacing_mult_bull": 1.3,
        "buy_spacing_mult_bear": 1.290908269757567,
        "recenter_threshold_pct": 0.12205323155430471,
        "recenter_dwell_bars": 11,
        "center_lookback": 20,
        "cooldown_bars": 2,
        "min_strength": 0.6920247467815218,
        "side_when_bear": 0,
        "min_edge_pct": 0.02,
        "fee_pct": 0.0025,
        "slippage_pct": 0.01,
        "tol_buy_lo": 0.013467234168775058,
        "tol_buy_hi": 0.015726583292635064,
        "tol_sell_lo": 0.005,
        "tol_sell_hi": 0.018512162967647097,
        "timeframe_minutes": 60,
        "breakout_window": 20,
        "breakout_slope_min": 0.0028224352528826756,
        "strong_slope_min": 0.0061402703337622416,
        "trail_atr_mult": 3.3369947276208114,
        "no_sell_above_ema_fast_in_bull": 0,
        "allow_bear_breakout_sell": 0
      }
    },
    "mar": {
      "score": 282438915.9013263,
      "trial_id": 47,
      "strategy": "CSMARevertStrategy",
      "parameters": {
        "n_sma": 304,
        "entry_drop": 0.23511602196443715,
        "exit_up": 0.5339766899093112,
        "rsi_period": 33,
        "rsi_max": 37.152628303610086,
        "atr_period": 38,
        "atr_mult": 0.9203590434140427,
        "atr_floor_pct": 0.17546106137580741,
        "timeframe_minutes": 5
      }
    },
    "utility": {
      "score": 0.11400930139536099,
      "trial_id": 47,
      "strategy": "CSMARevertStrategy",
      "parameters": {
        "n_sma": 304,
        "entry_drop": 0.23511602196443715,
        "exit_up": 0.5339766899093112,
        "rsi_period": 33,
        "rsi_max": 37.152628303610086,
        "atr_period": 38,
        "atr_mult": 0.9203590434140427,
        "atr_floor_pct": 0.17546106137580741,
        "timeframe_minutes": 5
      }
    },
    "cps": {
      "score": 90.5,
      "trial_id": 55,
      "strategy": "GridTradingStrategyV2Aggressive",
      "parameters": {
        "min_step_pct": 0.019990436538237715,
        "atr_mult": 1.3909820647764932,
        "num_grids": 7,
        "trend_ema_fast": 41,
        "trend_ema_slow": 372,
        "sell_spacing_mult_bull": 1.7269550797139508,
        "buy_spacing_mult_bear": 1.0477345140066232,
        "recenter_threshold_pct": 0.19868300921739146,
        "recenter_dwell_bars": 15,
        "center_lookback": 17,
        "cooldown_bars": 3,
        "min_strength": 0.55,
        "side_when_bear": 0,
        "min_edge_pct": 0.02,
        "fee_pct": 0.0025,
        "slippage_pct": 0.01,
        "tol_buy_lo": 0.01,
        "tol_buy_hi": 0.017633815434671164,
        "tol_sell_lo": 0.006539776107621498,
        "tol_sell_hi": 0.014907116520509446,
        "timeframe_minutes": 60,
        "breakout_window": 29,
        "breakout_slope_min": 0.0006199889432843856,
        "strong_slope_min": 0.004239551622455338,
        "trail_atr_mult": 2.667849997669766,
        "no_sell_above_ema_fast_in_bull": 1,
        "allow_bear_breakout_sell": 0
      }
    },
    "cps_v2": {
      "score": 0.9255826291621582,
      "trial_id": 115,
      "strategy": "GridTradingStrategyV2Aggressive",
      "parameters": {
        "min_step_pct": 0.02,
        "atr_mult": 1.3625835313330117,
        "num_grids": 15,
        "trend_ema_fast": 38,
        "trend_ema_slow": 205,
        "sell_spacing_mult_bull": 1.3,
        "buy_spacing_mult_bear": 1.290908269757567,
        "recenter_threshold_pct": 0.12205323155430471,
        "recenter_dwell_bars": 11,
        "center_lookback": 20,
        "cooldown_bars": 2,
        "min_strength": 0.6920247467815218,
        "side_when_bear": 0,
        "min_edge_pct": 0.02,
        "fee_pct": 0.0025,
        "slippage_pct": 0.01,
        "tol_buy_lo": 0.013467234168775058,
        "tol_buy_hi": 0.015726583292635064,
        "tol_sell_lo": 0.005,
        "tol_sell_hi": 0.018512162967647097,
        "timeframe_minutes": 60,
        "breakout_window": 20,
        "breakout_slope_min": 0.0028224352528826756,
        "strong_slope_min": 0.0061402703337622416,
        "trail_atr_mult": 3.3369947276208114,
        "no_sell_above_ema_fast_in_bull": 0,
        "allow_bear_breakout_sell": 0
      }
    }
  }
}