{
  "next_trial_id": 201,
  "completed": 200,
  "total_requests": 200,
  "remaining_calls": 0,
  "best_scores": {
    "final_balance": {
      "score": 3432.6142933640926,
      "trial_id": 143,
      "strategy": "GridTradingStrategyV2Aggressive",
      "parameters": {
        "min_step_pct": 0.029228493823226908,
        "atr_mult": 0.691409365215491,
        "num_grids": 17,
        "trend_ema_fast": 24,
        "trend_ema_slow": 200,
        "sell_spacing_mult_bull": 1.3942624412960618,
        "buy_spacing_mult_bear": 1.2,
        "recenter_threshold_pct": 0.12,
        "recenter_dwell_bars": 8,
        "center_lookback": 13,
        "cooldown_bars": 1,
        "min_strength": 0.55,
        "side_when_bear": 2,
        "min_edge_pct": 0.022527298885431105,
        "fee_pct": 0.0025,
        "slippage_pct": 0.01,
        "tol_buy_lo": 0.01047208141296855,
        "tol_buy_hi": 0.005,
        "tol_sell_lo": 0.007594712239242923,
        "tol_sell_hi": 0.011118846521819617,
        "timeframe_minutes": 60,
        "breakout_window": 14,
        "breakout_slope_min": 0.0005,
        "strong_slope_min": 0.008613089832605917,
        "trail_atr_mult": 1.8386421810580575,
        "no_sell_above_ema_fast_in_bull": 1,
        "allow_bear_breakout_sell": 0
      }
    },
    "profit_biased": {
      "score": 0.7275202897389016,
      "trial_id": 188,
      "strategy": "GridTradingStrategyV2Aggressive",
      "parameters": {
        "min_step_pct": 0.03357316545460576,
        "atr_mult": 1.0,
        "num_grids": 10,
        "trend_ema_fast": 50,
        "trend_ema_slow": 200,
        "sell_spacing_mult_bull": 1.3,
        "buy_spacing_mult_bear": 1.4001310602618493,
        "recenter_threshold_pct": 0.21527489792215188,
        "recenter_dwell_bars": 9,
        "center_lookback": 36,
        "cooldown_bars": 5,
        "min_strength": 0.6416827832219567,
        "side_when_bear": 0,
        "min_edge_pct": 0.012918220152966668,
        "fee_pct": 0.0025,
        "slippage_pct": 0.01,
        "tol_buy_lo": 0.007921327980807798,
        "tol_buy_hi": 0.005,
        "tol_sell_lo": 0.005,
        "tol_sell_hi": 0.007425347057137453,
        "timeframe_minutes": 60,
        "breakout_window": 75,
        "breakout_slope_min": 0.003956645139060497,
        "strong_slope_min": 0.0009898052962684614,
        "trail_atr_mult": 2.274357795655738,
        "no_sell_above_ema_fast_in_bull": 0,
        "allow_bear_breakout_sell": 1
      }
    },
    "cps_v2_profit_biased": {
      "score": 0.7275202897389016,
      "trial_id": 188,
      "strategy": "GridTradingStrategyV2Aggressive",
      "parameters": {
        "min_step_pct": 0.03357316545460576,
        "atr_mult": 1.0,
        "num_grids": 10,
        "trend_ema_fast": 50,
        "trend_ema_slow": 200,
        "sell_spacing_mult_bull": 1.3,
        "buy_spacing_mult_bear": 1.4001310602618493,
        "recenter_threshold_pct": 0.21527489792215188,
        "recenter_dwell_bars": 9,
        "center_lookback": 36,
        "cooldown_bars": 5,
        "min_strength": 0.6416827832219567,
        "side_when_bear": 0,
        "min_edge_pct": 0.012918220152966668,
        "fee_pct": 0.0025,
        "slippage_pct": 0.01,
        "tol_buy_lo": 0.007921327980807798,
        "tol_buy_hi": 0.005,
        "tol_sell_lo": 0.005,
        "tol_sell_hi": 0.007425347057137453,
        "timeframe_minutes": 60,
        "breakout_window": 75,
        "breakout_slope_min": 0.003956645139060497,
        "strong_slope_min": 0.0009898052962684614,
        "trail_atr_mult": 2.274357795655738,
        "no_sell_above_ema_fast_in_bull": 0,
        "allow_bear_breakout_sell": 1
      }
    },
    "mar": {
      "score": 2432614293.3640924,
      "trial_id": 143,
      "strategy": "GridTradingStrategyV2Aggressive",
      "parameters": {
        "min_step_pct": 0.029228493823226908,
        "atr_mult": 0.691409365215491,
        "num_grids": 17,
        "trend_ema_fast": 24,
        "trend_ema_slow": 200,
        "sell_spacing_mult_bull": 1.3942624412960618,
        "buy_spacing_mult_bear": 1.2,
        "recenter_threshold_pct": 0.12,
        "recenter_dwell_bars": 8,
        "center_lookback": 13,
        "cooldown_bars": 1,
        "min_strength": 0.55,
        "side_when_bear": 2,
        "min_edge_pct": 0.022527298885431105,
        "fee_pct": 0.0025,
        "slippage_pct": 0.01,
        "tol_buy_lo": 0.01047208141296855,
        "tol_buy_hi": 0.005,
        "tol_sell_lo": 0.007594712239242923,
        "tol_sell_hi": 0.011118846521819617,
        "timeframe_minutes": 60,
        "breakout_window": 14,
        "breakout_slope_min": 0.0005,
        "strong_slope_min": 0.008613089832605917,
        "trail_atr_mult": 1.8386421810580575,
        "no_sell_above_ema_fast_in_bull": 1,
        "allow_bear_breakout_sell": 0
      }
    },
    "utility": {
      "score": 1.1605484962681578,
      "trial_id": 188,
      "strategy": "GridTradingStrategyV2Aggressive",
      "parameters": {
        "min_step_pct": 0.03357316545460576,
        "atr_mult": 1.0,
        "num_grids": 10,
        "trend_ema_fast": 50,
        "trend_ema_slow": 200,
        "sell_spacing_mult_bull": 1.3,
        "buy_spacing_mult_bear": 1.4001310602618493,
        "recenter_threshold_pct": 0.21527489792215188,
        "recenter_dwell_bars": 9,
        "center_lookback": 36,
        "cooldown_bars": 5,
        "min_strength": 0.6416827832219567,
        "side_when_bear": 0,
        "min_edge_pct": 0.012918220152966668,
        "fee_pct": 0.0025,
        "slippage_pct": 0.01,
        "tol_buy_lo": 0.007921327980807798,
        "tol_buy_hi": 0.005,
        "tol_sell_lo": 0.005,
        "tol_sell_hi": 0.007425347057137453,
        "timeframe_minutes": 60,
        "breakout_window": 75,
        "breakout_slope_min": 0.003956645139060497,
        "strong_slope_min": 0.0009898052962684614,
        "trail_atr_mult": 2.274357795655738,
        "no_sell_above_ema_fast_in_bull": 0,
        "allow_bear_breakout_sell": 1
      }
    },
    "cps": {
      "score": 77.26,
      "trial_id": 62,
      "strategy": "Strategy_62_RSIAvgs",
      "parameters": {
        "rsi_period": 23,
        "ma_periods": [
          5,
          10,
          20
        ],
        "overbought": 50,
        "oversold": 30,
        "signal_threshold": 0.15093481979602774
      }
    },
    "cps_v2": {
      "score": 0.7275202897389016,
      "trial_id": 188,
      "strategy": "GridTradingStrategyV2Aggressive",
      "parameters": {
        "min_step_pct": 0.03357316545460576,
        "atr_mult": 1.0,
        "num_grids": 10,
        "trend_ema_fast": 50,
        "trend_ema_slow": 200,
        "sell_spacing_mult_bull": 1.3,
        "buy_spacing_mult_bear": 1.4001310602618493,
        "recenter_threshold_pct": 0.21527489792215188,
        "recenter_dwell_bars": 9,
        "center_lookback": 36,
        "cooldown_bars": 5,
        "min_strength": 0.6416827832219567,
        "side_when_bear": 0,
        "min_edge_pct": 0.012918220152966668,
        "fee_pct": 0.0025,
        "slippage_pct": 0.01,
        "tol_buy_lo": 0.007921327980807798,
        "tol_buy_hi": 0.005,
        "tol_sell_lo": 0.005,
        "tol_sell_hi": 0.007425347057137453,
        "timeframe_minutes": 60,
        "breakout_window": 75,
        "breakout_slope_min": 0.003956645139060497,
        "strong_slope_min": 0.0009898052962684614,
        "trail_atr_mult": 2.274357795655738,
        "no_sell_above_ema_fast_in_bull": 0,
        "allow_bear_breakout_sell": 1
      }
    }
  }
}