{
  "next_trial_id": 201,
  "completed": 200,
  "total_requests": 200,
  "remaining_calls": 0,
  "best_scores": {
    "final_balance": {
      "score": 6983.47463631074,
      "trial_id": 148,
      "strategy": "GridTradingStrategyV2Aggressive",
      "parameters": {
        "min_step_pct": 0.037307215133339,
        "atr_mult": 1.4641308301164566,
        "num_grids": 18,
        "trend_ema_fast": 72,
        "trend_ema_slow": 303,
        "sell_spacing_mult_bull": 1.03600370002533,
        "buy_spacing_mult_bear": 1.2388379527249478,
        "recenter_threshold_pct": 0.2466045181141286,
        "recenter_dwell_bars": 11,
        "center_lookback": 20,
        "cooldown_bars": 2,
        "min_strength": 0.55,
        "side_when_bear": 1,
        "min_edge_pct": 0.020290641494142718,
        "fee_pct": 0.0025,
        "slippage_pct": 0.01,
        "tol_buy_lo": 0.017847530941983256,
        "tol_buy_hi": 0.013811982384855013,
        "tol_sell_lo": 0.012444011620291025,
        "tol_sell_hi": 0.0176958003823265,
        "timeframe_minutes": 60,
        "breakout_window": 70,
        "breakout_slope_min": 0.0034020312624973947,
        "strong_slope_min": 0.001,
        "trail_atr_mult": 2.13008087803197,
        "no_sell_above_ema_fast_in_bull": 0,
        "allow_bear_breakout_sell": 0
      }
    },
    "profit_biased": {
      "score": 0.7241758931370735,
      "trial_id": 148,
      "strategy": "GridTradingStrategyV2Aggressive",
      "parameters": {
        "min_step_pct": 0.037307215133339,
        "atr_mult": 1.4641308301164566,
        "num_grids": 18,
        "trend_ema_fast": 72,
        "trend_ema_slow": 303,
        "sell_spacing_mult_bull": 1.03600370002533,
        "buy_spacing_mult_bear": 1.2388379527249478,
        "recenter_threshold_pct": 0.2466045181141286,
        "recenter_dwell_bars": 11,
        "center_lookback": 20,
        "cooldown_bars": 2,
        "min_strength": 0.55,
        "side_when_bear": 1,
        "min_edge_pct": 0.020290641494142718,
        "fee_pct": 0.0025,
        "slippage_pct": 0.01,
        "tol_buy_lo": 0.017847530941983256,
        "tol_buy_hi": 0.013811982384855013,
        "tol_sell_lo": 0.012444011620291025,
        "tol_sell_hi": 0.0176958003823265,
        "timeframe_minutes": 60,
        "breakout_window": 70,
        "breakout_slope_min": 0.0034020312624973947,
        "strong_slope_min": 0.001,
        "trail_atr_mult": 2.13008087803197,
        "no_sell_above_ema_fast_in_bull": 0,
        "allow_bear_breakout_sell": 0
      }
    },
    "cps_v2_profit_biased": {
      "score": 0.7241758931370735,
      "trial_id": 148,
      "strategy": "GridTradingStrategyV2Aggressive",
      "parameters": {
        "min_step_pct": 0.037307215133339,
        "atr_mult": 1.4641308301164566,
        "num_grids": 18,
        "trend_ema_fast": 72,
        "trend_ema_slow": 303,
        "sell_spacing_mult_bull": 1.03600370002533,
        "buy_spacing_mult_bear": 1.2388379527249478,
        "recenter_threshold_pct": 0.2466045181141286,
        "recenter_dwell_bars": 11,
        "center_lookback": 20,
        "cooldown_bars": 2,
        "min_strength": 0.55,
        "side_when_bear": 1,
        "min_edge_pct": 0.020290641494142718,
        "fee_pct": 0.0025,
        "slippage_pct": 0.01,
        "tol_buy_lo": 0.017847530941983256,
        "tol_buy_hi": 0.013811982384855013,
        "tol_sell_lo": 0.012444011620291025,
        "tol_sell_hi": 0.0176958003823265,
        "timeframe_minutes": 60,
        "breakout_window": 70,
        "breakout_slope_min": 0.0034020312624973947,
        "strong_slope_min": 0.001,
        "trail_atr_mult": 2.13008087803197,
        "no_sell_above_ema_fast_in_bull": 0,
        "allow_bear_breakout_sell": 0
      }
    },
    "mar": {
      "score": 5983474636.3107395,
      "trial_id": 148,
      "strategy": "GridTradingStrategyV2Aggressive",
      "parameters": {
        "min_step_pct": 0.037307215133339,
        "atr_mult": 1.4641308301164566,
        "num_grids": 18,
        "trend_ema_fast": 72,
        "trend_ema_slow": 303,
        "sell_spacing_mult_bull": 1.03600370002533,
        "buy_spacing_mult_bear": 1.2388379527249478,
        "recenter_threshold_pct": 0.2466045181141286,
        "recenter_dwell_bars": 11,
        "center_lookback": 20,
        "cooldown_bars": 2,
        "min_strength": 0.55,
        "side_when_bear": 1,
        "min_edge_pct": 0.020290641494142718,
        "fee_pct": 0.0025,
        "slippage_pct": 0.01,
        "tol_buy_lo": 0.017847530941983256,
        "tol_buy_hi": 0.013811982384855013,
        "tol_sell_lo": 0.012444011620291025,
        "tol_sell_hi": 0.0176958003823265,
        "timeframe_minutes": 60,
        "breakout_window": 70,
        "breakout_slope_min": 0.0034020312624973947,
        "strong_slope_min": 0.001,
        "trail_atr_mult": 2.13008087803197,
        "no_sell_above_ema_fast_in_bull": 0,
        "allow_bear_breakout_sell": 0
      }
    },
    "utility": {
      "score": 2.455325011059264,
      "trial_id": 148,
      "strategy": "GridTradingStrategyV2Aggressive",
      "parameters": {
        "min_step_pct": 0.037307215133339,
        "atr_mult": 1.4641308301164566,
        "num_grids": 18,
        "trend_ema_fast": 72,
        "trend_ema_slow": 303,
        "sell_spacing_mult_bull": 1.03600370002533,
        "buy_spacing_mult_bear": 1.2388379527249478,
        "recenter_threshold_pct": 0.2466045181141286,
        "recenter_dwell_bars": 11,
        "center_lookback": 20,
        "cooldown_bars": 2,
        "min_strength": 0.55,
        "side_when_bear": 1,
        "min_edge_pct": 0.020290641494142718,
        "fee_pct": 0.0025,
        "slippage_pct": 0.01,
        "tol_buy_lo": 0.017847530941983256,
        "tol_buy_hi": 0.013811982384855013,
        "tol_sell_lo": 0.012444011620291025,
        "tol_sell_hi": 0.0176958003823265,
        "timeframe_minutes": 60,
        "breakout_window": 70,
        "breakout_slope_min": 0.0034020312624973947,
        "strong_slope_min": 0.001,
        "trail_atr_mult": 2.13008087803197,
        "no_sell_above_ema_fast_in_bull": 0,
        "allow_bear_breakout_sell": 0
      }
    },
    "cps": {
      "score": 66.74,
      "trial_id": 197,
      "strategy": "Strategy_62_RSIAvgs",
      "parameters": {
        "rsi_period": 16,
        "ma_periods": [
          5,
          10,
          20
        ],
        "overbought": 56,
        "oversold": 26,
        "signal_threshold": 0.38213597703197466
      }
    },
    "cps_v2": {
      "score": 0.7241758931370735,
      "trial_id": 148,
      "strategy": "GridTradingStrategyV2Aggressive",
      "parameters": {
        "min_step_pct": 0.037307215133339,
        "atr_mult": 1.4641308301164566,
        "num_grids": 18,
        "trend_ema_fast": 72,
        "trend_ema_slow": 303,
        "sell_spacing_mult_bull": 1.03600370002533,
        "buy_spacing_mult_bear": 1.2388379527249478,
        "recenter_threshold_pct": 0.2466045181141286,
        "recenter_dwell_bars": 11,
        "center_lookback": 20,
        "cooldown_bars": 2,
        "min_strength": 0.55,
        "side_when_bear": 1,
        "min_edge_pct": 0.020290641494142718,
        "fee_pct": 0.0025,
        "slippage_pct": 0.01,
        "tol_buy_lo": 0.017847530941983256,
        "tol_buy_hi": 0.013811982384855013,
        "tol_sell_lo": 0.012444011620291025,
        "tol_sell_hi": 0.0176958003823265,
        "timeframe_minutes": 60,
        "breakout_window": 70,
        "breakout_slope_min": 0.0034020312624973947,
        "strong_slope_min": 0.001,
        "trail_atr_mult": 2.13008087803197,
        "no_sell_above_ema_fast_in_bull": 0,
        "allow_bear_breakout_sell": 0
      }
    }
  }
}