{
  "next_trial_id": 401,
  "completed": 400,
  "total_requests": 400,
  "remaining_calls": 0,
  "best_scores": {
    "final_balance": {
      "score": 3780.9426843239144,
      "trial_id": 39,
      "strategy": "GridTradingStrategyV2Aggressive",
      "parameters": {
        "min_step_pct": 0.03642196200084065,
        "atr_mult": 1.067544889215831,
        "num_grids": 11,
        "trend_ema_fast": 66,
        "trend_ema_slow": 271,
        "sell_spacing_mult_bull": 1.3,
        "buy_spacing_mult_bear": 1.2,
        "recenter_threshold_pct": 0.23672577936470468,
        "recenter_dwell_bars": 14,
        "center_lookback": 20,
        "cooldown_bars": 2,
        "min_strength": 0.55,
        "side_when_bear": 1,
        "min_edge_pct": 0.02282653178012159,
        "fee_pct": 0.0025,
        "slippage_pct": 0.01,
        "tol_buy_lo": 0.00618390665805891,
        "tol_buy_hi": 0.014470261238337067,
        "tol_sell_lo": 0.00948257190313075,
        "tol_sell_hi": 0.009203241753396237,
        "timeframe_minutes": 60,
        "breakout_window": 20,
        "breakout_slope_min": 0.0025015502966827803,
        "strong_slope_min": 0.008830977351843038,
        "trail_atr_mult": 2.235709957697871,
        "no_sell_above_ema_fast_in_bull": 0,
        "allow_bear_breakout_sell": 1
      }
    },
    "profit_biased": {
      "score": 0.7509739388743666,
      "trial_id": 269,
      "strategy": "GridTradingStrategyV2Aggressive",
      "parameters": {
        "min_step_pct": 0.029407490989686404,
        "atr_mult": 0.7910497144419691,
        "num_grids": 10,
        "trend_ema_fast": 79,
        "trend_ema_slow": 108,
        "sell_spacing_mult_bull": 1.5185933736410429,
        "buy_spacing_mult_bear": 1.2,
        "recenter_threshold_pct": 0.192024925478267,
        "recenter_dwell_bars": 4,
        "center_lookback": 24,
        "cooldown_bars": 2,
        "min_strength": 0.7179410705895823,
        "side_when_bear": 1,
        "min_edge_pct": 0.028985053215310492,
        "fee_pct": 0.0025,
        "slippage_pct": 0.01,
        "tol_buy_lo": 0.015820842442448517,
        "tol_buy_hi": 0.015445605629193294,
        "tol_sell_lo": 0.005,
        "tol_sell_hi": 0.0060556690414628415,
        "timeframe_minutes": 60,
        "breakout_window": 10,
        "breakout_slope_min": 0.0005,
        "strong_slope_min": 0.001,
        "trail_atr_mult": 2.0,
        "no_sell_above_ema_fast_in_bull": 1,
        "allow_bear_breakout_sell": 0
      }
    },
    "cps_v2_profit_biased": {
      "score": 0.7509739388743666,
      "trial_id": 269,
      "strategy": "GridTradingStrategyV2Aggressive",
      "parameters": {
        "min_step_pct": 0.029407490989686404,
        "atr_mult": 0.7910497144419691,
        "num_grids": 10,
        "trend_ema_fast": 79,
        "trend_ema_slow": 108,
        "sell_spacing_mult_bull": 1.5185933736410429,
        "buy_spacing_mult_bear": 1.2,
        "recenter_threshold_pct": 0.192024925478267,
        "recenter_dwell_bars": 4,
        "center_lookback": 24,
        "cooldown_bars": 2,
        "min_strength": 0.7179410705895823,
        "side_when_bear": 1,
        "min_edge_pct": 0.028985053215310492,
        "fee_pct": 0.0025,
        "slippage_pct": 0.01,
        "tol_buy_lo": 0.015820842442448517,
        "tol_buy_hi": 0.015445605629193294,
        "tol_sell_lo": 0.005,
        "tol_sell_hi": 0.0060556690414628415,
        "timeframe_minutes": 60,
        "breakout_window": 10,
        "breakout_slope_min": 0.0005,
        "strong_slope_min": 0.001,
        "trail_atr_mult": 2.0,
        "no_sell_above_ema_fast_in_bull": 1,
        "allow_bear_breakout_sell": 0
      }
    },
    "mar": {
      "score": 2780942684.323914,
      "trial_id": 39,
      "strategy": "GridTradingStrategyV2Aggressive",
      "parameters": {
        "min_step_pct": 0.03642196200084065,
        "atr_mult": 1.067544889215831,
        "num_grids": 11,
        "trend_ema_fast": 66,
        "trend_ema_slow": 271,
        "sell_spacing_mult_bull": 1.3,
        "buy_spacing_mult_bear": 1.2,
        "recenter_threshold_pct": 0.23672577936470468,
        "recenter_dwell_bars": 14,
        "center_lookback": 20,
        "cooldown_bars": 2,
        "min_strength": 0.55,
        "side_when_bear": 1,
        "min_edge_pct": 0.02282653178012159,
        "fee_pct": 0.0025,
        "slippage_pct": 0.01,
        "tol_buy_lo": 0.00618390665805891,
        "tol_buy_hi": 0.014470261238337067,
        "tol_sell_lo": 0.00948257190313075,
        "tol_sell_hi": 0.009203241753396237,
        "timeframe_minutes": 60,
        "breakout_window": 20,
        "breakout_slope_min": 0.0025015502966827803,
        "strong_slope_min": 0.008830977351843038,
        "trail_atr_mult": 2.235709957697871,
        "no_sell_above_ema_fast_in_bull": 0,
        "allow_bear_breakout_sell": 1
      }
    },
    "utility": {
      "score": 1.3528631602675323,
      "trial_id": 39,
      "strategy": "GridTradingStrategyV2Aggressive",
      "parameters": {
        "min_step_pct": 0.03642196200084065,
        "atr_mult": 1.067544889215831,
        "num_grids": 11,
        "trend_ema_fast": 66,
        "trend_ema_slow": 271,
        "sell_spacing_mult_bull": 1.3,
        "buy_spacing_mult_bear": 1.2,
        "recenter_threshold_pct": 0.23672577936470468,
        "recenter_dwell_bars": 14,
        "center_lookback": 20,
        "cooldown_bars": 2,
        "min_strength": 0.55,
        "side_when_bear": 1,
        "min_edge_pct": 0.02282653178012159,
        "fee_pct": 0.0025,
        "slippage_pct": 0.01,
        "tol_buy_lo": 0.00618390665805891,
        "tol_buy_hi": 0.014470261238337067,
        "tol_sell_lo": 0.00948257190313075,
        "tol_sell_hi": 0.009203241753396237,
        "timeframe_minutes": 60,
        "breakout_window": 20,
        "breakout_slope_min": 0.0025015502966827803,
        "strong_slope_min": 0.008830977351843038,
        "trail_atr_mult": 2.235709957697871,
        "no_sell_above_ema_fast_in_bull": 0,
        "allow_bear_breakout_sell": 1
      }
    },
    "cps": {
      "score": 78.76,
      "trial_id": 214,
      "strategy": "GridTradingStrategyV2Aggressive",
      "parameters": {
        "min_step_pct": 0.02,
        "atr_mult": 1.0,
        "num_grids": 10,
        "trend_ema_fast": 37,
        "trend_ema_slow": 200,
        "sell_spacing_mult_bull": 1.3905128842559766,
        "buy_spacing_mult_bear": 1.7554154447868102,
        "recenter_threshold_pct": 0.12,
        "recenter_dwell_bars": 3,
        "center_lookback": 20,
        "cooldown_bars": 1,
        "min_strength": 0.6966657694358034,
        "side_when_bear": 2,
        "min_edge_pct": 0.008925219415556344,
        "fee_pct": 0.0025,
        "slippage_pct": 0.01,
        "tol_buy_lo": 0.01,
        "tol_buy_hi": 0.008736167287043125,
        "tol_sell_lo": 0.012012050715811195,
        "tol_sell_hi": 0.005878766720166015,
        "timeframe_minutes": 60,
        "breakout_window": 46,
        "breakout_slope_min": 0.0005,
        "strong_slope_min": 0.002653012773241699,
        "trail_atr_mult": 2.0,
        "no_sell_above_ema_fast_in_bull": 1,
        "allow_bear_breakout_sell": 1
      }
    },
    "cps_v2": {
      "score": 0.7509739388743666,
      "trial_id": 269,
      "strategy": "GridTradingStrategyV2Aggressive",
      "parameters": {
        "min_step_pct": 0.029407490989686404,
        "atr_mult": 0.7910497144419691,
        "num_grids": 10,
        "trend_ema_fast": 79,
        "trend_ema_slow": 108,
        "sell_spacing_mult_bull": 1.5185933736410429,
        "buy_spacing_mult_bear": 1.2,
        "recenter_threshold_pct": 0.192024925478267,
        "recenter_dwell_bars": 4,
        "center_lookback": 24,
        "cooldown_bars": 2,
        "min_strength": 0.7179410705895823,
        "side_when_bear": 1,
        "min_edge_pct": 0.028985053215310492,
        "fee_pct": 0.0025,
        "slippage_pct": 0.01,
        "tol_buy_lo": 0.015820842442448517,
        "tol_buy_hi": 0.015445605629193294,