{
  "next_trial_id": 401,
  "completed": 400,
  "total_requests": 400,
  "remaining_calls": 0,
  "best_scores": {
    "final_balance": {
      "score": 1126.9127191226016,
      "trial_id": 136,
      "strategy": "CompositeMomentumIndexStrategy",
      "parameters": {
        "rsi_period": 6,
        "roc_period": 10,
        "tsi_long": 31,
        "tsi_short": 15,
        "signal_threshold": 0.7
      }
    },
    "profit_biased": {
      "score": 0.7978108992312143,
      "trial_id": 242,
      "strategy": "GridTradingStrategyV2Aggressive",
      "parameters": {
        "min_step_pct": 0.03870006953052599,
        "atr_mult": 1.7408966025899621,
        "num_grids": 13,
        "trend_ema_fast": 44,
        "trend_ema_slow": 256,
        "sell_spacing_mult_bull": 1.7215658912352776,
        "buy_spacing_mult_bear": 1.0678970241700205,
        "recenter_threshold_pct": 0.17172787253906108,
        "recenter_dwell_bars": 16,
        "center_lookback": 36,
        "cooldown_bars": 3,
        "min_strength": 0.6726308886876198,
        "side_when_bear": 0,
        "min_edge_pct": 0.02,
        "fee_pct": 0.0025,
        "slippage_pct": 0.01,
        "tol_buy_lo": 0.00773224488529434,
        "tol_buy_hi": 0.004970063494667295,
        "tol_sell_lo": 0.007573756736773923,
        "tol_sell_hi": 0.011948909567730464,
        "timeframe_minutes": 60,
        "breakout_window": 74,
        "breakout_slope_min": 0.0010721114318718557,
        "strong_slope_min": 0.007146323636609225,
        "trail_atr_mult": 2.5970986155885862,
        "no_sell_above_ema_fast_in_bull": 1,
        "allow_bear_breakout_sell": 1
      }
    },
    "cps_v2_profit_biased": {
      "score": 0.7978108992312143,
      "trial_id": 242,
      "strategy": "GridTradingStrategyV2Aggressive",
      "parameters": {
        "min_step_pct": 0.03870006953052599,
        "atr_mult": 1.7408966025899621,
        "num_grids": 13,
        "trend_ema_fast": 44,
        "trend_ema_slow": 256,
        "sell_spacing_mult_bull": 1.7215658912352776,
        "buy_spacing_mult_bear": 1.0678970241700205,
        "recenter_threshold_pct": 0.17172787253906108,
        "recenter_dwell_bars": 16,
        "center_lookback": 36,
        "cooldown_bars": 3,
        "min_strength": 0.6726308886876198,
        "side_when_bear": 0,
        "min_edge_pct": 0.02,
        "fee_pct": 0.0025,
        "slippage_pct": 0.01,
        "tol_buy_lo": 0.00773224488529434,
        "tol_buy_hi": 0.004970063494667295,
        "tol_sell_lo": 0.007573756736773923,
        "tol_sell_hi": 0.011948909567730464,
        "timeframe_minutes": 60,
        "breakout_window": 74,
        "breakout_slope_min": 0.0010721114318718557,
        "strong_slope_min": 0.007146323636609225,
        "trail_atr_mult": 2.5970986155885862,
        "no_sell_above_ema_fast_in_bull": 1,
        "allow_bear_breakout_sell": 1
      }
    },
    "mar": {
      "score": 126912719.1226016,
      "trial_id": 136,
      "strategy": "CompositeMomentumIndexStrategy",
      "parameters": {
        "rsi_period": 6,
        "roc_period": 10,
        "tsi_long": 31,
        "tsi_short": 15,
        "signal_threshold": 0.7
      }
    },
    "utility": {
      "score": 0.05567998437268623,
      "trial_id": 136,
      "strategy": "CompositeMomentumIndexStrategy",
      "parameters": {
        "rsi_period": 6,
        "roc_period": 10,
        "tsi_long": 31,
        "tsi_short": 15,
        "signal_threshold": 0.7
      }
    },
    "cps": {
      "score": 90.5,
      "trial_id": 137,
      "strategy": "GridTradingStrategyV2Aggressive",
      "parameters": {
        "min_step_pct": 0.02620956395022373,
        "atr_mult": 1.0,
        "num_grids": 10,
        "trend_ema_fast": 50,
        "trend_ema_slow": 243,
        "sell_spacing_mult_bull": 1.540614960616161,
        "buy_spacing_mult_bear": 1.2,
        "recenter_threshold_pct": 0.08860310572290103,
        "recenter_dwell_bars": 6,
        "center_lookback": 10,
        "cooldown_bars": 2,
        "min_strength": 0.684030839562435,
        "side_when_bear": 0,
        "min_edge_pct": 0.015380342565149214,
        "fee_pct": 0.0025,
        "slippage_pct": 0.01,
        "tol_buy_lo": 0.01741490910094832,
        "tol_buy_hi": 0.017338511348125325,
        "tol_sell_lo": 0.009001409283340964,
        "tol_sell_hi": 0.01,
        "timeframe_minutes": 60,
        "breakout_window": 20,
        "breakout_slope_min": 0.0022056538469483284,
        "strong_slope_min": 0.009761000257031173,
        "trail_atr_mult": 1.2140463413170435,
        "no_sell_above_ema_fast_in_bull": 0,
        "allow_bear_breakout_sell": 0
      }
    },
    "cps_v2": {
      "score": 0.7978108992312143,
      "trial_id": 242,
      "strategy": "GridTradingStrategyV2Aggressive",
      "parameters": {
        "min_step_pct": 0.03870006953052599,
        "atr_mult": 1.7408966025899621,
        "num_grids": 13,
        "trend_ema_fast": 44,
        "trend_ema_slow": 256,
        "sell_spacing_mult_bull": 1.7215658912352776,
        "buy_spacing_mult_bear": 1.0678970241700205,
        "recenter_threshold_pct": 0.17172787253906108,
        "recenter_dwell_bars": 16,
        "center_lookback": 36,
        "cooldown_bars": 3,
        "min_strength": 0.6726308886876198,
        "side_when_bear": 0,
        "min_edge_pct": 0.02,
        "fee_pct": 0.0025,
        "slippage_pct": 0.01,
        "tol_buy_lo": 0.00773224488529434,
        "tol_buy_hi": 0.004970063494667295,
        "tol_sell_lo": 0.007573756736773923,
        "tol_sell_hi": 0.011948909567730464,
        "timeframe_minutes": 60,
        "breakout_window": 74,
        "breakout_slope_min": 0.0010721114318718557,
        "strong_slope_min": 0.007146323636609225,
        "trail_atr_mult": 2.5970986155885862,
        "no_sell_above_ema_fast_in_bull": 1,
        "allow_bear_breakout_sell": 1
      }
    }
  }
}