{
  "next_trial_id": 127,
  "completed": 126,
  "total_requests": 200,
  "remaining_calls": 74,
  "best_scores": {
    "final_balance": {
      "score": 1118.7896903794554,
      "trial_id": 76,
      "strategy": "CompositeMomentumIndexStrategy",
      "parameters": {
        "rsi_period": 6,
        "roc_period": 16,
        "tsi_long": 25,
        "tsi_short": 15,
        "signal_threshold": 0.8637039707302583
      }
    },
    "profit_biased": {
      "score": 0.8127943937447757,
      "trial_id": 37,
      "strategy": "GridTradingStrategyV2Aggressive",
      "parameters": {
        "min_step_pct": 0.02405749416674682,
        "atr_mult": 1.734683851316658,
        "num_grids": 6,
        "trend_ema_fast": 50,
        "trend_ema_slow": 200,
        "sell_spacing_mult_bull": 1.3,
        "buy_spacing_mult_bear": 1.609190104172804,
        "recenter_threshold_pct": 0.17830398151264124,
        "recenter_dwell_bars": 12,
        "center_lookback": 20,
        "cooldown_bars": 6,
        "min_strength": 0.45672971330619716,
        "side_when_bear": 0,
        "min_edge_pct": 0.028526021524274258,
        "fee_pct": 0.0025,
        "slippage_pct": 0.01,
        "tol_buy_lo": 0.006795963110282908,
        "tol_buy_hi": 0.005,
        "tol_sell_lo": 0.0020807357043427415,
        "tol_sell_hi": 0.016278254291620782,
        "timeframe_minutes": 60,
        "breakout_window": 35,
        "breakout_slope_min": 0.002983877554584293,
        "strong_slope_min": 0.0007605363879571558,
        "trail_atr_mult": 1.3285942368413652,
        "no_sell_above_ema_fast_in_bull": 1,
        "allow_bear_breakout_sell": 0
      }
    },
    "cps_v2_profit_biased": {
      "score": 0.8127943937447757,
      "trial_id": 37,
      "strategy": "GridTradingStrategyV2Aggressive",
      "parameters": {
        "min_step_pct": 0.02405749416674682,
        "atr_mult": 1.734683851316658,
        "num_grids": 6,
        "trend_ema_fast": 50,
        "trend_ema_slow": 200,
        "sell_spacing_mult_bull": 1.3,
        "buy_spacing_mult_bear": 1.609190104172804,
        "recenter_threshold_pct": 0.17830398151264124,
        "recenter_dwell_bars": 12,
        "center_lookback": 20,
        "cooldown_bars": 6,
        "min_strength": 0.45672971330619716,
        "side_when_bear": 0,
        "min_edge_pct": 0.028526021524274258,
        "fee_pct": 0.0025,
        "slippage_pct": 0.01,
        "tol_buy_lo": 0.006795963110282908,
        "tol_buy_hi": 0.005,
        "tol_sell_lo": 0.0020807357043427415,
        "tol_sell_hi": 0.016278254291620782,
        "timeframe_minutes": 60,
        "breakout_window": 35,
        "breakout_slope_min": 0.002983877554584293,
        "strong_slope_min": 0.0007605363879571558,
        "trail_atr_mult": 1.3285942368413652,
        "no_sell_above_ema_fast_in_bull": 1,
        "allow_bear_breakout_sell": 0
      }
    },
    "mar": {
      "score": 118789690.3794554,
      "trial_id": 76,
      "strategy": "CompositeMomentumIndexStrategy",
      "parameters": {
        "rsi_period": 6,
        "roc_period": 16,
        "tsi_long": 25,
        "tsi_short": 15,
        "signal_threshold": 0.8637039707302583
      }
    },
    "utility": {
      "score": 0.059706602908189035,
      "trial_id": 76,
      "strategy": "CompositeMomentumIndexStrategy",
      "parameters": {
        "rsi_period": 6,
        "roc_period": 16,
        "tsi_long": 25,
        "tsi_short": 15,
        "signal_threshold": 0.8637039707302583
      }
    },
    "cps": {
      "score": 90.5,
      "trial_id": 22,
      "strategy": "GridTradingStrategyV2Aggressive",
      "parameters": {
        "min_step_pct": 0.025887709319240067,
        "atr_mult": 0.6245277557238564,
        "num_grids": 7,
        "trend_ema_fast": 53,
        "trend_ema_slow": 312,
        "sell_spacing_mult_bull": 1.3005610306437014,
        "buy_spacing_mult_bear": 1.3226044834356174,
        "recenter_threshold_pct": 0.1687735425380809,
        "recenter_dwell_bars": 9,
        "center_lookback": 13,
        "cooldown_bars": 2,
        "min_strength": 0.55,
        "side_when_bear": 0,
        "min_edge_pct": 0.022205385767966136,
        "fee_pct": 0.0025,
        "slippage_pct": 0.01,
        "tol_buy_lo": 0.01,
        "tol_buy_hi": 0.005746891780353602,
        "tol_sell_lo": 0.012879295752630094,
        "tol_sell_hi": 0.01,
        "timeframe_minutes": 60,
        "breakout_window": 35,
        "breakout_slope_min": 0.0011387630359093802,
        "strong_slope_min": 0.002816485239600316,
        "trail_atr_mult": 2.0,
        "no_sell_above_ema_fast_in_bull": 1,
        "allow_bear_breakout_sell": 1
      }
    },
    "cps_v2": {
      "score": 0.8127943937447757,
      "trial_id": 37,
      "strategy": "GridTradingStrategyV2Aggressive",
      "parameters": {
        "min_step_pct": 0.02405749416674682,
        "atr_mult": 1.734683851316658,
        "num_grids": 6,
        "trend_ema_fast": 50,
        "trend_ema_slow": 200,
        "sell_spacing_mult_bull": 1.3,
        "buy_spacing_mult_bear": 1.609190104172804,
        "recenter_threshold_pct": 0.17830398151264124,
        "recenter_dwell_bars": 12,
        "center_lookback": 20,
        "cooldown_bars": 6,
        "min_strength": 0.45672971330619716,
        "side_when_bear": 0,
        "min_edge_pct": 0.028526021524274258,
        "fee_pct": 0.0025,
        "slippage_pct": 0.01,
        "tol_buy_lo": 0.006795963110282908,
        "tol_buy_hi": 0.005,
        "tol_sell_lo": 0.0020807357043427415,
        "tol_sell_hi": 0.016278254291620782,
        "timeframe_minutes": 60,
        "breakout_window": 35,
        "breakout_slope_min": 0.002983877554584293,
        "strong_slope_min": 0.0007605363879571558,
        "trail_atr_mult": 1.3285942368413652,
        "no_sell_above_ema_fast_in_bull": 1,
        "allow_bear_breakout_sell": 0
      }
    }
  }
}