{
  "next_trial_id": 201,
  "completed": 200,
  "total_requests": 200,
  "remaining_calls": 0,
  "best_scores": {
    "final_balance": {
      "score": 4012.3819574637737,
      "trial_id": 193,
      "strategy": "GridTradingStrategyV2Aggressive",
      "parameters": {
        "min_step_pct": 0.03301630958170728,
        "atr_mult": 0.8485987494622513,
        "num_grids": 10,
        "trend_ema_fast": 33,
        "trend_ema_slow": 121,
        "sell_spacing_mult_bull": 1.595307676522371,
        "buy_spacing_mult_bear": 1.3073082630249413,
        "recenter_threshold_pct": 0.12,
        "recenter_dwell_bars": 12,
        "center_lookback": 35,
        "cooldown_bars": 6,
        "min_strength": 0.6179710673283005,
        "side_when_bear": 1,
        "min_edge_pct": 0.014632940200992983,
        "fee_pct": 0.0025,
        "slippage_pct": 0.01,
        "tol_buy_lo": 0.010963753235880976,
        "tol_buy_hi": 0.0037354952791288287,
        "tol_sell_lo": 0.009989655501360255,
        "tol_sell_hi": 0.01,
        "timeframe_minutes": 60,
        "breakout_window": 12,
        "breakout_slope_min": 0.004721853177482747,
        "strong_slope_min": 0.0009692479899910055,
        "trail_atr_mult": 1.1331270581792734,
        "no_sell_above_ema_fast_in_bull": 1,
        "allow_bear_breakout_sell": 0
      }
    },
    "profit_biased": {
      "score": 0.7695162056752282,
      "trial_id": 158,
      "strategy": "GridTradingStrategyV2Aggressive",
      "parameters": {
        "min_step_pct": 0.02610698383867553,
        "atr_mult": 1.15808658797657,
        "num_grids": 7,
        "trend_ema_fast": 75,
        "trend_ema_slow": 393,
        "sell_spacing_mult_bull": 1.2425605446123247,
        "buy_spacing_mult_bear": 1.7809216033430064,
        "recenter_threshold_pct": 0.12,
        "recenter_dwell_bars": 6,
        "center_lookback": 29,
        "cooldown_bars": 1,
        "min_strength": 0.5969670588628277,
        "side_when_bear": 2,
        "min_edge_pct": 0.022954557705499264,
        "fee_pct": 0.0025,
        "slippage_pct": 0.01,
        "tol_buy_lo": 0.01986559099789445,
        "tol_buy_hi": 0.005,
        "tol_sell_lo": 0.013353571710443317,
        "tol_sell_hi": 0.016315347102531474,
        "timeframe_minutes": 60,
        "breakout_window": 73,
        "breakout_slope_min": 0.004912904901286131,
        "strong_slope_min": 0.008736143353871479,
        "trail_atr_mult": 2.2267616425234955,
        "no_sell_above_ema_fast_in_bull": 1,
        "allow_bear_breakout_sell": 0
      }
    },
    "cps_v2_profit_biased": {
      "score": 0.7695162056752282,
      "trial_id": 158,
      "strategy": "GridTradingStrategyV2Aggressive",
      "parameters": {
        "min_step_pct": 0.02610698383867553,
        "atr_mult": 1.15808658797657,
        "num_grids": 7,
        "trend_ema_fast": 75,
        "trend_ema_slow": 393,
        "sell_spacing_mult_bull": 1.2425605446123247,
        "buy_spacing_mult_bear": 1.7809216033430064,
        "recenter_threshold_pct": 0.12,
        "recenter_dwell_bars": 6,
        "center_lookback": 29,
        "cooldown_bars": 1,
        "min_strength": 0.5969670588628277,
        "side_when_bear": 2,
        "min_edge_pct": 0.022954557705499264,
        "fee_pct": 0.0025,
        "slippage_pct": 0.01,
        "tol_buy_lo": 0.01986559099789445,
        "tol_buy_hi": 0.005,
        "tol_sell_lo": 0.013353571710443317,
        "tol_sell_hi": 0.016315347102531474,
        "timeframe_minutes": 60,
        "breakout_window": 73,
        "breakout_slope_min": 0.004912904901286131,
        "strong_slope_min": 0.008736143353871479,
        "trail_atr_mult": 2.2267616425234955,
        "no_sell_above_ema_fast_in_bull": 1,
        "allow_bear_breakout_sell": 0
      }
    },
    "mar": {
      "score": 3012381957.4637733,
      "trial_id": 193,
      "strategy": "GridTradingStrategyV2Aggressive",
      "parameters": {
        "min_step_pct": 0.03301630958170728,
        "atr_mult": 0.8485987494622513,
        "num_grids": 10,
        "trend_ema_fast": 33,
        "trend_ema_slow": 121,
        "sell_spacing_mult_bull": 1.595307676522371,
        "buy_spacing_mult_bear": 1.3073082630249413,
        "recenter_threshold_pct": 0.12,
        "recenter_dwell_bars": 12,
        "center_lookback": 35,
        "cooldown_bars": 6,
        "min_strength": 0.6179710673283005,
        "side_when_bear": 1,
        "min_edge_pct": 0.014632940200992983,
        "fee_pct": 0.0025,
        "slippage_pct": 0.01,
        "tol_buy_lo": 0.010963753235880976,
        "tol_buy_hi": 0.0037354952791288287,
        "tol_sell_lo": 0.009989655501360255,
        "tol_sell_hi": 0.01,
        "timeframe_minutes": 60,
        "breakout_window": 12,
        "breakout_slope_min": 0.004721853177482747,
        "strong_slope_min": 0.0009692479899910055,
        "trail_atr_mult": 1.1331270581792734,
        "no_sell_above_ema_fast_in_bull": 1,
        "allow_bear_breakout_sell": 0
      }
    },
    "utility": {
      "score": 1.4901671898198154,
      "trial_id": 193,
      "strategy": "GridTradingStrategyV2Aggressive",
      "parameters": {
        "min_step_pct": 0.03301630958170728,
        "atr_mult": 0.8485987494622513,
        "num_grids": 10,
        "trend_ema_fast": 33,
        "trend_ema_slow": 121,
        "sell_spacing_mult_bull": 1.595307676522371,
        "buy_spacing_mult_bear": 1.3073082630249413,
        "recenter_threshold_pct": 0.12,
        "recenter_dwell_bars": 12,
        "center_lookback": 35,
        "cooldown_bars": 6,
        "min_strength": 0.6179710673283005,
        "side_when_bear": 1,
        "min_edge_pct": 0.014632940200992983,
        "fee_pct": 0.0025,
        "slippage_pct": 0.01,
        "tol_buy_lo": 0.010963753235880976,
        "tol_buy_hi": 0.0037354952791288287,
        "tol_sell_lo": 0.009989655501360255,
        "tol_sell_hi": 0.01,
        "timeframe_minutes": 60,
        "breakout_window": 12,
        "breakout_slope_min": 0.004721853177482747,
        "strong_slope_min": 0.0009692479899910055,
        "trail_atr_mult": 1.1331270581792734,
        "no_sell_above_ema_fast_in_bull": 1,
        "allow_bear_breakout_sell": 0
      }
    },
    "cps": {
      "score": 80.0,
      "trial_id": 118,
      "strategy": "GridTradingStrategyV2Aggressive",
      "parameters": {
        "min_step_pct": 0.01519454328143791,
        "atr_mult": 1.764102318367056,
        "num_grids": 11,
        "trend_ema_fast": 77,
        "trend_ema_slow": 370,
        "sell_spacing_mult_bull": 1.437201413043393,
        "buy_spacing_mult_bear": 1.7391425805356309,
        "recenter_threshold_pct": 0.146799471484645,
        "recenter_dwell_bars": 6,
        "center_lookback": 15,
        "cooldown_bars": 2,
        "min_strength": 0.5307648148255839,
        "side_when_bear": 2,
        "min_edge_pct": 0.016271162593818122,
        "fee_pct": 0.0025,
        "slippage_pct": 0.01,
        "tol_buy_lo": 0.016270005566500465,
        "tol_buy_hi": 0.017361148946492263,
        "tol_sell_lo": 0.006570990870453885,
        "tol_sell_hi": 0.01,
        "timeframe_minutes": 60,
        "breakout_window": 20,
        "breakout_slope_min": 0.004531740538497841,
        "strong_slope_min": 0.0027644524445574014,
        "trail_atr_mult": 1.1434622929925469,
        "no_sell_above_ema_fast_in_bull": 1,
        "allow_bear_breakout_sell": 1
      }
    },
    "cps_v2": {
      "score": 0.7695162056752282,
      "trial_id": 158,
      "strategy": "GridTradingStrategyV2Aggressive",
      "parameters": {
        "min_step_pct": 0.02610698383867553,
        "atr_mult": 1.15808658797657,
        "num_grids": 7,
        "trend_ema_fast": 75,
        "trend_ema_slow": 393,
        "sell_spacing_mult_bull": 1.2425605446123247,
        "buy_spacing_mult_bear": 1.7809216033430064,
        "recenter_threshold_pct": 0.12,
        "recenter_dwell_bars": 6,
        "center_lookback": 29,
        "cooldown_bars": 1,
        "min_strength": 0.5969670588628277,