{
  "next_trial_id": 401,
  "completed": 400,
  "total_requests": 400,
  "remaining_calls": 0,
  "best_scores": {
    "final_balance": {
      "score": 4015.711459434717,
      "trial_id": 219,
      "strategy": "GridTradingStrategyV2Aggressive",
      "parameters": {
        "min_step_pct": 0.03604509688300042,
        "atr_mult": 1.0,
        "num_grids": 19,
        "trend_ema_fast": 26,
        "trend_ema_slow": 167,
        "sell_spacing_mult_bull": 1.3,
        "buy_spacing_mult_bear": 1.7067977631532698,
        "recenter_threshold_pct": 0.0997503882142691,
        "recenter_dwell_bars": 15,
        "center_lookback": 29,
        "cooldown_bars": 3,
        "min_strength": 0.6823395438247912,
        "side_when_bear": 2,
        "min_edge_pct": 0.010676355184969923,
        "fee_pct": 0.0025,
        "slippage_pct": 0.01,
        "tol_buy_lo": 0.012137545465934005,
        "tol_buy_hi": 0.005362095833815129,
        "tol_sell_lo": 0.009400390727832334,
        "tol_sell_hi": 0.017658851045480213,
        "timeframe_minutes": 60,
        "breakout_window": 42,
        "breakout_slope_min": 0.004967647377880431,
        "strong_slope_min": 0.007046939931972283,
        "trail_atr_mult": 1.0839017610210904,
        "no_sell_above_ema_fast_in_bull": true,
        "allow_bear_breakout_sell": true
      }
    },
    "profit_biased": {
      "score": 0.7302274839563536,
      "trial_id": 24,
      "strategy": "GridTradingStrategyV2Aggressive",
      "parameters": {
        "min_step_pct": 0.012332746746602547,
        "atr_mult": 1.734336400737913,
        "num_grids": 16,
        "trend_ema_fast": 55,
        "trend_ema_slow": 256,
        "sell_spacing_mult_bull": 1.065999663641626,
        "buy_spacing_mult_bear": 1.6669475395557865,
        "recenter_threshold_pct": 0.15355577186533173,
        "recenter_dwell_bars": 10,
        "center_lookback": 19,
        "cooldown_bars": 0,
        "min_strength": 0.5121066365324511,
        "side_when_bear": 1,
        "min_edge_pct": 0.02,
        "fee_pct": 0.0025,
        "slippage_pct": 0.01,
        "tol_buy_lo": 0.005477932471496135,
        "tol_buy_hi": 0.003059848432033826,
        "tol_sell_lo": 0.009971032554042044,
        "tol_sell_hi": 0.011459248242692845,
        "timeframe_minutes": 60,
        "breakout_window": 44,
        "breakout_slope_min": 0.0014197479864673456,
        "strong_slope_min": 0.00958992757362289,
        "trail_atr_mult": 2.0,
        "no_sell_above_ema_fast_in_bull": false,
        "allow_bear_breakout_sell": false
      }
    },
    "cps_v2_profit_biased": {
      "score": 0.7302274839563536,
      "trial_id": 24,
      "strategy": "GridTradingStrategyV2Aggressive",
      "parameters": {
        "min_step_pct": 0.012332746746602547,
        "atr_mult": 1.734336400737913,
        "num_grids": 16,
        "trend_ema_fast": 55,
        "trend_ema_slow": 256,
        "sell_spacing_mult_bull": 1.065999663641626,
        "buy_spacing_mult_bear": 1.6669475395557865,
        "recenter_threshold_pct": 0.15355577186533173,
        "recenter_dwell_bars": 10,
        "center_lookback": 19,
        "cooldown_bars": 0,
        "min_strength": 0.5121066365324511,
        "side_when_bear": 1,
        "min_edge_pct": 0.02,
        "fee_pct": 0.0025,
        "slippage_pct": 0.01,
        "tol_buy_lo": 0.005477932471496135,
        "tol_buy_hi": 0.003059848432033826,
        "tol_sell_lo": 0.009971032554042044,
        "tol_sell_hi": 0.011459248242692845,
        "timeframe_minutes": 60,
        "breakout_window": 44,
        "breakout_slope_min": 0.0014197479864673456,
        "strong_slope_min": 0.00958992757362289,
        "trail_atr_mult": 2.0,
        "no_sell_above_ema_fast_in_bull": false,
        "allow_bear_breakout_sell": false
      }
    },
    "mar": {
      "score": 3015711459.434717,
      "trial_id": 219,
      "strategy": "GridTradingStrategyV2Aggressive",
      "parameters": {
        "min_step_pct": 0.03604509688300042,
        "atr_mult": 1.0,
        "num_grids": 19,
        "trend_ema_fast": 26,
        "trend_ema_slow": 167,
        "sell_spacing_mult_bull": 1.3,
        "buy_spacing_mult_bear": 1.7067977631532698,
        "recenter_threshold_pct": 0.0997503882142691,
        "recenter_dwell_bars": 15,
        "center_lookback": 29,
        "cooldown_bars": 3,
        "min_strength": 0.6823395438247912,
        "side_when_bear": 2,
        "min_edge_pct": 0.010676355184969923,
        "fee_pct": 0.0025,
        "slippage_pct": 0.01,
        "tol_buy_lo": 0.012137545465934005,
        "tol_buy_hi": 0.005362095833815129,
        "tol_sell_lo": 0.009400390727832334,
        "tol_sell_hi": 0.017658851045480213,
        "timeframe_minutes": 60,
        "breakout_window": 42,
        "breakout_slope_min": 0.004967647377880431,
        "strong_slope_min": 0.007046939931972283,
        "trail_atr_mult": 1.0839017610210904,
        "no_sell_above_ema_fast_in_bull": true,
        "allow_bear_breakout_sell": true
      }
    },
    "utility": {
      "score": 1.2953763025407297,
      "trial_id": 219,
      "strategy": "GridTradingStrategyV2Aggressive",
      "parameters": {
        "min_step_pct": 0.03604509688300042,
        "atr_mult": 1.0,
        "num_grids": 19,
        "trend_ema_fast": 26,
        "trend_ema_slow": 167,
        "sell_spacing_mult_bull": 1.3,
        "buy_spacing_mult_bear": 1.7067977631532698,
        "recenter_threshold_pct": 0.0997503882142691,
        "recenter_dwell_bars": 15,
        "center_lookback": 29,
        "cooldown_bars": 3,
        "min_strength": 0.6823395438247912,
        "side_when_bear": 2,
        "min_edge_pct": 0.010676355184969923,
        "fee_pct": 0.0025,
        "slippage_pct": 0.01,
        "tol_buy_lo": 0.012137545465934005,
        "tol_buy_hi": 0.005362095833815129,
        "tol_sell_lo": 0.009400390727832334,
        "tol_sell_hi": 0.017658851045480213,
        "timeframe_minutes": 60,
        "breakout_window": 42,
        "breakout_slope_min": 0.004967647377880431,
        "strong_slope_min": 0.007046939931972283,
        "trail_atr_mult": 1.0839017610210904,
        "no_sell_above_ema_fast_in_bull": true,
        "allow_bear_breakout_sell": true
      }
    },
    "cps": {
      "score": 72.11,
      "trial_id": 297,
      "strategy": "CSMARevertStrategy",
      "parameters": {
        "n_sma": 576,
        "entry_drop": 0.25,
        "exit_up": false,
        "rsi_period": 14,
        "rsi_max": 16.514678433397858,
        "timeframe_minutes": 5
      }
    },
    "cps_v2": {
      "score": 0.7302274839563536,
      "trial_id": 24,
      "strategy": "GridTradingStrategyV2Aggressive",
      "parameters": {
        "min_step_pct": 0.012332746746602547,
        "atr_mult": 1.734336400737913,
        "num_grids": 16,
        "trend_ema_fast": 55,
        "trend_ema_slow": 256,
        "sell_spacing_mult_bull": 1.065999663641626,
        "buy_spacing_mult_bear": 1.6669475395557865,
        "recenter_threshold_pct": 0.15355577186533173,
        "recenter_dwell_bars": 10,
        "center_lookback": 19,
        "cooldown_bars": 0,
        "min_strength": 0.5121066365324511,
        "side_when_bear": 1,
        "min_edge_pct": 0.02,
        "fee_pct": 0.0025,
        "slippage_pct": 0.01,
        "tol_buy_lo": 0.005477932471496135,
        "tol_buy_hi": 0.003059848432033826,
        "tol_sell_lo": 0.009971032554042044,
        "tol_sell_hi": 0.011459248242692845,
        "timeframe_minutes": 60,
        "breakout_window": 44,
        "breakout_slope_min": 0.0014197479864673456,
        "strong_slope_min": 0.00958992757362289,
        "trail_atr_mult": 2.0,
        "no_sell_above_ema_fast_in_bull": false,
        "allow_bear_breakout_sell": false
      }
    }
  }
}