{
  "next_trial_id": 201,
  "completed": 200,
  "total_requests": 200,
  "remaining_calls": 0,
  "best_scores": {
    "final_balance": {
      "score": 1118.7896903794554,
      "trial_id": 81,
      "strategy": "CompositeMomentumIndexStrategy",
      "parameters": {
        "rsi_period": 6,
        "roc_period": 7,
        "tsi_long": 25,
        "tsi_short": 6,
        "signal_threshold": 0.3588596344267482
      }
    },
    "profit_biased": {
      "score": 0.7830387186826404,
      "trial_id": 162,
      "strategy": "GridTradingStrategyV2Aggressive",
      "parameters": {
        "min_step_pct": 0.02,
        "atr_mult": 1.0,
        "num_grids": 19,
        "trend_ema_fast": 27,
        "trend_ema_slow": 145,
        "sell_spacing_mult_bull": 1.4102035975312128,
        "buy_spacing_mult_bear": 1.059271586387342,
        "recenter_threshold_pct": 0.15267955064028008,
        "recenter_dwell_bars": 6,
        "center_lookback": 24,
        "cooldown_bars": 5,
        "min_strength": 0.5912782974269951,
        "side_when_bear": 1,
        "min_edge_pct": 0.017467043672266362,
        "fee_pct": 0.0025,
        "slippage_pct": 0.01,
        "tol_buy_lo": 0.013459606654581468,
        "tol_buy_hi": 0.009977671902379573,
        "tol_sell_lo": 0.0068639689835276385,
        "tol_sell_hi": 0.01304255628296987,
        "timeframe_minutes": 60,
        "breakout_window": 20,
        "breakout_slope_min": 0.002806675311863043,
        "strong_slope_min": 0.008903489898025281,
        "trail_atr_mult": 2.0,
        "no_sell_above_ema_fast_in_bull": 0,
        "allow_bear_breakout_sell": 0
      }
    },
    "cps_v2_profit_biased": {
      "score": 0.7830387186826404,
      "trial_id": 162,
      "strategy": "GridTradingStrategyV2Aggressive",
      "parameters": {
        "min_step_pct": 0.02,
        "atr_mult": 1.0,
        "num_grids": 19,
        "trend_ema_fast": 27,
        "trend_ema_slow": 145,
        "sell_spacing_mult_bull": 1.4102035975312128,
        "buy_spacing_mult_bear": 1.059271586387342,
        "recenter_threshold_pct": 0.15267955064028008,
        "recenter_dwell_bars": 6,
        "center_lookback": 24,
        "cooldown_bars": 5,
        "min_strength": 0.5912782974269951,
        "side_when_bear": 1,
        "min_edge_pct": 0.017467043672266362,
        "fee_pct": 0.0025,
        "slippage_pct": 0.01,
        "tol_buy_lo": 0.013459606654581468,
        "tol_buy_hi": 0.009977671902379573,
        "tol_sell_lo": 0.0068639689835276385,
        "tol_sell_hi": 0.01304255628296987,
        "timeframe_minutes": 60,
        "breakout_window": 20,
        "breakout_slope_min": 0.002806675311863043,
        "strong_slope_min": 0.008903489898025281,
        "trail_atr_mult": 2.0,
        "no_sell_above_ema_fast_in_bull": 0,
        "allow_bear_breakout_sell": 0
      }
    },
    "mar": {
      "score": 118789690.3794554,
      "trial_id": 81,
      "strategy": "CompositeMomentumIndexStrategy",
      "parameters": {
        "rsi_period": 6,
        "roc_period": 7,
        "tsi_long": 25,
        "tsi_short": 6,
        "signal_threshold": 0.3588596344267482
      }
    },
    "utility": {
      "score": 0.059706602908189035,
      "trial_id": 81,
      "strategy": "CompositeMomentumIndexStrategy",
      "parameters": {
        "rsi_period": 6,
        "roc_period": 7,
        "tsi_long": 25,
        "tsi_short": 6,
        "signal_threshold": 0.3588596344267482
      }
    },
    "cps": {
      "score": 90.0,
      "trial_id": 162,
      "strategy": "GridTradingStrategyV2Aggressive",
      "parameters": {
        "min_step_pct": 0.02,
        "atr_mult": 1.0,
        "num_grids": 19,
        "trend_ema_fast": 27,
        "trend_ema_slow": 145,
        "sell_spacing_mult_bull": 1.4102035975312128,
        "buy_spacing_mult_bear": 1.059271586387342,
        "recenter_threshold_pct": 0.15267955064028008,
        "recenter_dwell_bars": 6,
        "center_lookback": 24,
        "cooldown_bars": 5,
        "min_strength": 0.5912782974269951,
        "side_when_bear": 1,
        "min_edge_pct": 0.017467043672266362,
        "fee_pct": 0.0025,
        "slippage_pct": 0.01,
        "tol_buy_lo": 0.013459606654581468,
        "tol_buy_hi": 0.009977671902379573,
        "tol_sell_lo": 0.0068639689835276385,
        "tol_sell_hi": 0.01304255628296987,
        "timeframe_minutes": 60,
        "breakout_window": 20,
        "breakout_slope_min": 0.002806675311863043,
        "strong_slope_min": 0.008903489898025281,
        "trail_atr_mult": 2.0,
        "no_sell_above_ema_fast_in_bull": 0,
        "allow_bear_breakout_sell": 0
      }
    },
    "cps_v2": {
      "score": 0.7830387186826404,
      "trial_id": 162,
      "strategy": "GridTradingStrategyV2Aggressive",
      "parameters": {
        "min_step_pct": 0.02,
        "atr_mult": 1.0,
        "num_grids": 19,
        "trend_ema_fast": 27,
        "trend_ema_slow": 145,
        "sell_spacing_mult_bull": 1.4102035975312128,
        "buy_spacing_mult_bear": 1.059271586387342,
        "recenter_threshold_pct": 0.15267955064028008,
        "recenter_dwell_bars": 6,
        "center_lookback": 24,
        "cooldown_bars": 5,
        "min_strength": 0.5912782974269951,
        "side_when_bear": 1,
        "min_edge_pct": 0.017467043672266362,
        "fee_pct": 0.0025,
        "slippage_pct": 0.01,
        "tol_buy_lo": 0.013459606654581468,
        "tol_buy_hi": 0.009977671902379573,
        "tol_sell_lo": 0.0068639689835276385,
        "tol_sell_hi": 0.01304255628296987,
        "timeframe_minutes": 60,
        "breakout_window": 20,
        "breakout_slope_min": 0.002806675311863043,
        "strong_slope_min": 0.008903489898025281,
        "trail_atr_mult": 2.0,
        "no_sell_above_ema_fast_in_bull": 0,
        "allow_bear_breakout_sell": 0
      }
    }
  }
}