{
  "next_trial_id": 201,
  "completed": 200,
  "total_requests": 200,
  "remaining_calls": 0,
  "best_scores": {
    "final_balance": {
      "score": 4033.205705928639,
      "trial_id": 200,
      "strategy": "GridTradingStrategyV2Aggressive",
      "parameters": {
        "min_step_pct": 0.021176395861245638,
        "atr_mult": 1.3379243027270882,
        "num_grids": 15,
        "trend_ema_fast": 21,
        "trend_ema_slow": 249,
        "sell_spacing_mult_bull": 1.096072559593714,
        "buy_spacing_mult_bear": 1.5800554754246219,
        "recenter_threshold_pct": 0.13605163406761073,
        "recenter_dwell_bars": 13,
        "center_lookback": 14,
        "cooldown_bars": 3,
        "min_strength": 0.6204317570306705,
        "side_when_bear": 0,
        "min_edge_pct": 0.02397792412338713,
        "fee_pct": 0.0025,
        "slippage_pct": 0.01,
        "tol_buy_lo": 0.010150934258112965,
        "tol_buy_hi": 0.007974193948113623,
        "tol_sell_lo": 0.006169469461159611,
        "tol_sell_hi": 0.01819902528375974,
        "timeframe_minutes": 60,
        "breakout_window": 20,
        "breakout_slope_min": 0.002011774237173594,
        "strong_slope_min": 0.007202850479409715,
        "trail_atr_mult": 2.8222502632955697,
        "no_sell_above_ema_fast_in_bull": 1,
        "allow_bear_breakout_sell": 1
      }
    },
    "profit_biased": {
      "score": 0.7513454801400693,
      "trial_id": 75,
      "strategy": "GridTradingStrategyV2Aggressive",
      "parameters": {
        "min_step_pct": 0.039311706197109414,
        "atr_mult": 1.274152233931643,
        "num_grids": 7,
        "trend_ema_fast": 50,
        "trend_ema_slow": 342,
        "sell_spacing_mult_bull": 1.340681052560209,
        "buy_spacing_mult_bear": 1.2,
        "recenter_threshold_pct": 0.18590158368819706,
        "recenter_dwell_bars": 10,
        "center_lookback": 35,
        "cooldown_bars": 1,
        "min_strength": 0.6787285463364193,
        "side_when_bear": 1,
        "min_edge_pct": 0.02,
        "fee_pct": 0.0025,
        "slippage_pct": 0.01,
        "tol_buy_lo": 0.01,
        "tol_buy_hi": 0.007099175320055881,
        "tol_sell_lo": 0.005,
        "tol_sell_hi": 0.008393481206676233,
        "timeframe_minutes": 60,
        "breakout_window": 12,
        "breakout_slope_min": 0.004917927790994689,
        "strong_slope_min": 0.0015207499692796445,
        "trail_atr_mult": 1.9198076674373423,
        "no_sell_above_ema_fast_in_bull": 0,
        "allow_bear_breakout_sell": 0
      }
    },
    "cps_v2_profit_biased": {
      "score": 0.7513454801400693,
      "trial_id": 75,
      "strategy": "GridTradingStrategyV2Aggressive",
      "parameters": {
        "min_step_pct": 0.039311706197109414,
        "atr_mult": 1.274152233931643,
        "num_grids": 7,
        "trend_ema_fast": 50,
        "trend_ema_slow": 342,
        "sell_spacing_mult_bull": 1.340681052560209,
        "buy_spacing_mult_bear": 1.2,
        "recenter_threshold_pct": 0.18590158368819706,
        "recenter_dwell_bars": 10,
        "center_lookback": 35,
        "cooldown_bars": 1,
        "min_strength": 0.6787285463364193,
        "side_when_bear": 1,
        "min_edge_pct": 0.02,
        "fee_pct": 0.0025,
        "slippage_pct": 0.01,
        "tol_buy_lo": 0.01,
        "tol_buy_hi": 0.007099175320055881,
        "tol_sell_lo": 0.005,
        "tol_sell_hi": 0.008393481206676233,
        "timeframe_minutes": 60,
        "breakout_window": 12,
        "breakout_slope_min": 0.004917927790994689,
        "strong_slope_min": 0.0015207499692796445,
        "trail_atr_mult": 1.9198076674373423,
        "no_sell_above_ema_fast_in_bull": 0,
        "allow_bear_breakout_sell": 0
      }
    },
    "mar": {
      "score": 3033205705.9286385,
      "trial_id": 200,
      "strategy": "GridTradingStrategyV2Aggressive",
      "parameters": {
        "min_step_pct": 0.021176395861245638,
        "atr_mult": 1.3379243027270882,
        "num_grids": 15,
        "trend_ema_fast": 21,
        "trend_ema_slow": 249,
        "sell_spacing_mult_bull": 1.096072559593714,
        "buy_spacing_mult_bear": 1.5800554754246219,
        "recenter_threshold_pct": 0.13605163406761073,
        "recenter_dwell_bars": 13,
        "center_lookback": 14,
        "cooldown_bars": 3,
        "min_strength": 0.6204317570306705,
        "side_when_bear": 0,
        "min_edge_pct": 0.02397792412338713,
        "fee_pct": 0.0025,
        "slippage_pct": 0.01,
        "tol_buy_lo": 0.010150934258112965,
        "tol_buy_hi": 0.007974193948113623,
        "tol_sell_lo": 0.006169469461159611,
        "tol_sell_hi": 0.01819902528375974,
        "timeframe_minutes": 60,
        "breakout_window": 20,
        "breakout_slope_min": 0.002011774237173594,
        "strong_slope_min": 0.007202850479409715,
        "trail_atr_mult": 2.8222502632955697,
        "no_sell_above_ema_fast_in_bull": 1,
        "allow_bear_breakout_sell": 1
      }
    },
    "utility": {
      "score": 1.4035595709403128,
      "trial_id": 200,
      "strategy": "GridTradingStrategyV2Aggressive",
      "parameters": {
        "min_step_pct": 0.021176395861245638,
        "atr_mult": 1.3379243027270882,
        "num_grids": 15,
        "trend_ema_fast": 21,
        "trend_ema_slow": 249,
        "sell_spacing_mult_bull": 1.096072559593714,
        "buy_spacing_mult_bear": 1.5800554754246219,
        "recenter_threshold_pct": 0.13605163406761073,
        "recenter_dwell_bars": 13,
        "center_lookback": 14,
        "cooldown_bars": 3,
        "min_strength": 0.6204317570306705,
        "side_when_bear": 0,
        "min_edge_pct": 0.02397792412338713,
        "fee_pct": 0.0025,
        "slippage_pct": 0.01,
        "tol_buy_lo": 0.010150934258112965,
        "tol_buy_hi": 0.007974193948113623,
        "tol_sell_lo": 0.006169469461159611,
        "tol_sell_hi": 0.01819902528375974,
        "timeframe_minutes": 60,
        "breakout_window": 20,
        "breakout_slope_min": 0.002011774237173594,
        "strong_slope_min": 0.007202850479409715,
        "trail_atr_mult": 2.8222502632955697,
        "no_sell_above_ema_fast_in_bull": 1,
        "allow_bear_breakout_sell": 1
      }
    },
    "cps": {
      "score": 78.66,
      "trial_id": 75,
      "strategy": "GridTradingStrategyV2Aggressive",
      "parameters": {
        "min_step_pct": 0.039311706197109414,
        "atr_mult": 1.274152233931643,
        "num_grids": 7,
        "trend_ema_fast": 50,
        "trend_ema_slow": 342,
        "sell_spacing_mult_bull": 1.340681052560209,
        "buy_spacing_mult_bear": 1.2,
        "recenter_threshold_pct": 0.18590158368819706,
        "recenter_dwell_bars": 10,
        "center_lookback": 35,
        "cooldown_bars": 1,
        "min_strength": 0.6787285463364193,
        "side_when_bear": 1,
        "min_edge_pct": 0.02,
        "fee_pct": 0.0025,
        "slippage_pct": 0.01,
        "tol_buy_lo": 0.01,
        "tol_buy_hi": 0.007099175320055881,
        "tol_sell_lo": 0.005,
        "tol_sell_hi": 0.008393481206676233,
        "timeframe_minutes": 60,
        "breakout_window": 12,
        "breakout_slope_min": 0.004917927790994689,
        "strong_slope_min": 0.0015207499692796445,
        "trail_atr_mult": 1.9198076674373423,
        "no_sell_above_ema_fast_in_bull": 0,
        "allow_bear_breakout_sell": 0
      }
    },
    "cps_v2": {
      "score": 0.7513454801400693,
      "trial_id": 75,
      "strategy": "GridTradingStrategyV2Aggressive",
      "parameters": {
        "min_step_pct": 0.039311706197109414,
        "atr_mult": 1.274152233931643,
        "num_grids": 7,
        "trend_ema_fast": 50,
        "trend_ema_slow": 342,
        "sell_spacing_mult_bull": 1.340681052560209,
        "buy_spacing_mult_bear": 1.2,
        "recenter_threshold_pct": 0.18590158368819706,
        "recenter_dwell_bars": 10,
        "center_lookback": 35,
        "cooldown_bars": 1,
        "min_strength": 0.6787285463364193,
        "side_when_bear": 1,