{
  "next_trial_id": 401,
  "completed": 400,
  "total_requests": 400,
  "remaining_calls": 0,
  "best_scores": {
    "final_balance": {
      "score": 3059.448890257449,
      "trial_id": 316,
      "strategy": "CompositeMomentumIndexStrategy",
      "parameters": {
        "rsi_period": 18,
        "roc_period": 20,
        "tsi_long": 36,
        "tsi_short": 14,
        "signal_threshold": 0.24285404212997885
      }
    },
    "profit_biased": {
      "score": 0.9030558377964827,
      "trial_id": 122,
      "strategy": "GridTradingStrategyV2Aggressive",
      "parameters": {
        "min_step_pct": 0.02,
        "atr_mult": 0.7444974740569298,
        "num_grids": 18,
        "trend_ema_fast": 50,
        "trend_ema_slow": 143,
        "sell_spacing_mult_bull": 1.3,
        "buy_spacing_mult_bear": 1.1451072827354951,
        "recenter_threshold_pct": 0.2047457318977771,
        "recenter_dwell_bars": 6,
        "center_lookback": 23,
        "cooldown_bars": 3,
        "min_strength": 0.5066697721439165,
        "side_when_bear": 0,
        "min_edge_pct": 0.029045643542969492,
        "fee_pct": 0.0025,
        "slippage_pct": 0.01,
        "tol_buy_lo": 0.011304358092931845,
        "tol_buy_hi": 0.005,
        "tol_sell_lo": 0.008048824242277878,
        "tol_sell_hi": 0.014956780281754865,
        "timeframe_minutes": 60,
        "breakout_window": 72,
        "breakout_slope_min": 0.0005,
        "strong_slope_min": 0.004129364650630637,
        "trail_atr_mult": 3.3309941505182135,
        "no_sell_above_ema_fast_in_bull": 0,
        "allow_bear_breakout_sell": 0
      }
    },
    "cps_v2_profit_biased": {
      "score": 0.9030558377964827,
      "trial_id": 122,
      "strategy": "GridTradingStrategyV2Aggressive",
      "parameters": {
        "min_step_pct": 0.02,
        "atr_mult": 0.7444974740569298,
        "num_grids": 18,
        "trend_ema_fast": 50,
        "trend_ema_slow": 143,
        "sell_spacing_mult_bull": 1.3,
        "buy_spacing_mult_bear": 1.1451072827354951,
        "recenter_threshold_pct": 0.2047457318977771,
        "recenter_dwell_bars": 6,
        "center_lookback": 23,
        "cooldown_bars": 3,
        "min_strength": 0.5066697721439165,
        "side_when_bear": 0,
        "min_edge_pct": 0.029045643542969492,
        "fee_pct": 0.0025,
        "slippage_pct": 0.01,
        "tol_buy_lo": 0.011304358092931845,
        "tol_buy_hi": 0.005,
        "tol_sell_lo": 0.008048824242277878,
        "tol_sell_hi": 0.014956780281754865,
        "timeframe_minutes": 60,
        "breakout_window": 72,
        "breakout_slope_min": 0.0005,
        "strong_slope_min": 0.004129364650630637,
        "trail_atr_mult": 3.3309941505182135,
        "no_sell_above_ema_fast_in_bull": 0,
        "allow_bear_breakout_sell": 0
      }
    },
    "mar": {
      "score": 2059448890.2574487,
      "trial_id": 316,
      "strategy": "CompositeMomentumIndexStrategy",
      "parameters": {
        "rsi_period": 18,
        "roc_period": 20,
        "tsi_long": 36,
        "tsi_short": 14,
        "signal_threshold": 0.24285404212997885
      }
    },
    "utility": {
      "score": 0.867311123992295,
      "trial_id": 316,
      "strategy": "CompositeMomentumIndexStrategy",
      "parameters": {
        "rsi_period": 18,
        "roc_period": 20,
        "tsi_long": 36,
        "tsi_short": 14,
        "signal_threshold": 0.24285404212997885
      }
    },
    "cps": {
      "score": 90.5,
      "trial_id": 32,
      "strategy": "GridTradingStrategyV2Aggressive",
      "parameters": {
        "min_step_pct": 0.030393303174560463,
        "atr_mult": 1.0,
        "num_grids": 8,
        "trend_ema_fast": 50,
        "trend_ema_slow": 226,
        "sell_spacing_mult_bull": 1.0769587069694877,
        "buy_spacing_mult_bear": 1.7137667992852705,
        "recenter_threshold_pct": 0.2328747105408258,
        "recenter_dwell_bars": 15,
        "center_lookback": 16,
        "cooldown_bars": 1,
        "min_strength": 0.5562875838551986,
        "side_when_bear": 0,
        "min_edge_pct": 0.015816373362097402,
        "fee_pct": 0.0025,
        "slippage_pct": 0.01,
        "tol_buy_lo": 0.006598007526970071,
        "tol_buy_hi": 0.014163744191441698,
        "tol_sell_lo": 0.01942700251057599,
        "tol_sell_hi": 0.013208889678385304,
        "timeframe_minutes": 60,
        "breakout_window": 74,
        "breakout_slope_min": 0.0043687103990883,
        "strong_slope_min": 0.0075757543804872395,
        "trail_atr_mult": 2.1314314687730334,
        "no_sell_above_ema_fast_in_bull": 1,
        "allow_bear_breakout_sell": 1
      }
    },
    "cps_v2": {
      "score": 0.9030558377964827,
      "trial_id": 122,
      "strategy": "GridTradingStrategyV2Aggressive",
      "parameters": {
        "min_step_pct": 0.02,
        "atr_mult": 0.7444974740569298,
        "num_grids": 18,
        "trend_ema_fast": 50,
        "trend_ema_slow": 143,
        "sell_spacing_mult_bull": 1.3,
        "buy_spacing_mult_bear": 1.1451072827354951,
        "recenter_threshold_pct": 0.2047457318977771,
        "recenter_dwell_bars": 6,
        "center_lookback": 23,
        "cooldown_bars": 3,
        "min_strength": 0.5066697721439165,
        "side_when_bear": 0,
        "min_edge_pct": 0.029045643542969492,
        "fee_pct": 0.0025,
        "slippage_pct": 0.01,
        "tol_buy_lo": 0.011304358092931845,
        "tol_buy_hi": 0.005,
        "tol_sell_lo": 0.008048824242277878,
        "tol_sell_hi": 0.014956780281754865,
        "timeframe_minutes": 60,
        "breakout_window": 72,
        "breakout_slope_min": 0.0005,
        "strong_slope_min": 0.004129364650630637,
        "trail_atr_mult": 3.3309941505182135,
        "no_sell_above_ema_fast_in_bull": 0,
        "allow_bear_breakout_sell": 0
      }
    }
  }
}