{
  "next_trial_id": 201,
  "completed": 200,
  "total_requests": 200,
  "remaining_calls": 0,
  "best_scores": {
    "final_balance": {
      "score": 1303.6109772990721,
      "trial_id": 163,
      "strategy": "CSMARevertStrategy",
      "parameters": {
        "n_sma": 993,
        "entry_drop": 0.11732114581872255,
        "exit_up": 0.048,
        "rsi_period": 19,
        "rsi_max": 36.39951732482724,
        "atr_period": 12,
        "atr_mult": 2.8147486291160524,
        "atr_floor_pct": 0.34370642930315964,
        "timeframe_minutes": 5
      }
    },
    "profit_biased": {
      "score": 0.7978108992312143,
      "trial_id": 197,
      "strategy": "GridTradingStrategyV2Aggressive",
      "parameters": {
        "min_step_pct": 0.0336850899534377,
        "atr_mult": 1.0,
        "num_grids": 7,
        "trend_ema_fast": 79,
        "trend_ema_slow": 186,
        "sell_spacing_mult_bull": 1.3,
        "buy_spacing_mult_bear": 1.365290773045631,
        "recenter_threshold_pct": 0.12,
        "recenter_dwell_bars": 7,
        "center_lookback": 20,
        "cooldown_bars": 0,
        "min_strength": 0.6688563156775467,
        "side_when_bear": 0,
        "min_edge_pct": 0.01047956905647086,
        "fee_pct": 0.0025,
        "slippage_pct": 0.01,
        "tol_buy_lo": 0.005984112680235336,
        "tol_buy_hi": 0.012211538201617071,
        "tol_sell_lo": 0.0036990532638723423,
        "tol_sell_hi": 0.018771370059509736,
        "timeframe_minutes": 60,
        "breakout_window": 42,
        "breakout_slope_min": 0.002685045880634635,
        "strong_slope_min": 0.001,
        "trail_atr_mult": 2.0,
        "no_sell_above_ema_fast_in_bull": 1,
        "allow_bear_breakout_sell": 1
      }
    },
    "cps_v2_profit_biased": {
      "score": 0.7978108992312143,
      "trial_id": 197,
      "strategy": "GridTradingStrategyV2Aggressive",
      "parameters": {
        "min_step_pct": 0.0336850899534377,
        "atr_mult": 1.0,
        "num_grids": 7,
        "trend_ema_fast": 79,
        "trend_ema_slow": 186,
        "sell_spacing_mult_bull": 1.3,
        "buy_spacing_mult_bear": 1.365290773045631,
        "recenter_threshold_pct": 0.12,
        "recenter_dwell_bars": 7,
        "center_lookback": 20,
        "cooldown_bars": 0,
        "min_strength": 0.6688563156775467,
        "side_when_bear": 0,
        "min_edge_pct": 0.01047956905647086,
        "fee_pct": 0.0025,
        "slippage_pct": 0.01,
        "tol_buy_lo": 0.005984112680235336,
        "tol_buy_hi": 0.012211538201617071,
        "tol_sell_lo": 0.0036990532638723423,
        "tol_sell_hi": 0.018771370059509736,
        "timeframe_minutes": 60,
        "breakout_window": 42,
        "breakout_slope_min": 0.002685045880634635,
        "strong_slope_min": 0.001,
        "trail_atr_mult": 2.0,
        "no_sell_above_ema_fast_in_bull": 1,
        "allow_bear_breakout_sell": 1
      }
    },
    "mar": {
      "score": 303610977.299072,
      "trial_id": 163,
      "strategy": "CSMARevertStrategy",
      "parameters": {
        "n_sma": 993,
        "entry_drop": 0.11732114581872255,
        "exit_up": 0.048,
        "rsi_period": 19,
        "rsi_max": 36.39951732482724,
        "atr_period": 12,
        "atr_mult": 2.8147486291160524,
        "atr_floor_pct": 0.34370642930315964,
        "timeframe_minutes": 5
      }
    },
    "utility": {
      "score": 0.17528247866270213,
      "trial_id": 163,
      "strategy": "CSMARevertStrategy",
      "parameters": {
        "n_sma": 993,
        "entry_drop": 0.11732114581872255,
        "exit_up": 0.048,
        "rsi_period": 19,
        "rsi_max": 36.39951732482724,
        "atr_period": 12,
        "atr_mult": 2.8147486291160524,
        "atr_floor_pct": 0.34370642930315964,
        "timeframe_minutes": 5
      }
    },
    "cps": {
      "score": 90.5,
      "trial_id": 42,
      "strategy": "GridTradingStrategyV2Aggressive",
      "parameters": {
        "min_step_pct": 0.02,
        "atr_mult": 1.2136323774621376,
        "num_grids": 10,
        "trend_ema_fast": 66,
        "trend_ema_slow": 202,
        "sell_spacing_mult_bull": 1.3682030889338446,
        "buy_spacing_mult_bear": 1.7544523069692382,
        "recenter_threshold_pct": 0.1121956619243839,
        "recenter_dwell_bars": 15,
        "center_lookback": 16,
        "cooldown_bars": 3,
        "min_strength": 0.716657007421325,
        "side_when_bear": 0,
        "min_edge_pct": 0.016166737678067398,
        "fee_pct": 0.0025,
        "slippage_pct": 0.01,
        "tol_buy_lo": 0.013617178665393172,
        "tol_buy_hi": 0.009115027863774482,
        "tol_sell_lo": 0.006682669798574004,
        "tol_sell_hi": 0.012523639580405616,
        "timeframe_minutes": 60,
        "breakout_window": 41,
        "breakout_slope_min": 0.003664983597564822,
        "strong_slope_min": 0.0069867080532255675,
        "trail_atr_mult": 2.00791178485455,
        "no_sell_above_ema_fast_in_bull": 1,
        "allow_bear_breakout_sell": 1
      }
    },
    "cps_v2": {
      "score": 0.7978108992312143,
      "trial_id": 197,
      "strategy": "GridTradingStrategyV2Aggressive",
      "parameters": {
        "min_step_pct": 0.0336850899534377,
        "atr_mult": 1.0,
        "num_grids": 7,
        "trend_ema_fast": 79,
        "trend_ema_slow": 186,
        "sell_spacing_mult_bull": 1.3,
        "buy_spacing_mult_bear": 1.365290773045631,
        "recenter_threshold_pct": 0.12,
        "recenter_dwell_bars": 7,
        "center_lookback": 20,
        "cooldown_bars": 0,
        "min_strength": 0.6688563156775467,
        "side_when_bear": 0,
        "min_edge_pct": 0.01047956905647086,
        "fee_pct": 0.0025,
        "slippage_pct": 0.01,
        "tol_buy_lo": 0.005984112680235336,
        "tol_buy_hi": 0.012211538201617071,
        "tol_sell_lo": 0.0036990532638723423,
        "tol_sell_hi": 0.018771370059509736,
        "timeframe_minutes": 60,
        "breakout_window": 42,
        "breakout_slope_min": 0.002685045880634635,
        "strong_slope_min": 0.001,
        "trail_atr_mult": 2.0,
        "no_sell_above_ema_fast_in_bull": 1,
        "allow_bear_breakout_sell": 1
      }
    }
  }
}