{
  "next_trial_id": 201,
  "completed": 200,
  "total_requests": 200,
  "remaining_calls": 0,
  "best_scores": {
    "final_balance": {
      "score": 2480.8450375288335,
      "trial_id": 58,
      "strategy": "CSMARevertStrategy",
      "parameters": {
        "n_sma": 839,
        "entry_drop": 0.34299819677836463,
        "exit_up": 0.5750518148499824,
        "rsi_period": 41,
        "rsi_max": 39.235478149330596,
        "atr_period": 15,
        "atr_mult": 1.8,
        "atr_floor_pct": 0.003,
        "timeframe_minutes": 5
      }
    },
    "profit_biased": {
      "score": 0.8823538396529841,
      "trial_id": 67,
      "strategy": "GridTradingStrategyV2Aggressive",
      "parameters": {
        "min_step_pct": 0.03314403441326648,
        "atr_mult": 1.2100140513433586,
        "num_grids": 6,
        "trend_ema_fast": 51,
        "trend_ema_slow": 349,
        "sell_spacing_mult_bull": 1.125562669879459,
        "buy_spacing_mult_bear": 1.010038838034141,
        "recenter_threshold_pct": 0.11487675302688916,
        "recenter_dwell_bars": 15,
        "center_lookback": 36,
        "cooldown_bars": 3,
        "min_strength": 0.560764744786338,
        "side_when_bear": 0,
        "min_edge_pct": 0.009375221462037916,
        "fee_pct": 0.0025,
        "slippage_pct": 0.01,
        "tol_buy_lo": 0.018990859710149348,
        "tol_buy_hi": 0.005,
        "tol_sell_lo": 0.014496234733205517,
        "tol_sell_hi": 0.006590964864850137,
        "timeframe_minutes": 60,
        "breakout_window": 68,
        "breakout_slope_min": 0.0005,
        "strong_slope_min": 0.0006772305323797632,
        "trail_atr_mult": 2.5193974656034097,
        "no_sell_above_ema_fast_in_bull": 1,
        "allow_bear_breakout_sell": 0
      }
    },
    "cps_v2_profit_biased": {
      "score": 0.8823538396529841,
      "trial_id": 67,
      "strategy": "GridTradingStrategyV2Aggressive",
      "parameters": {
        "min_step_pct": 0.03314403441326648,
        "atr_mult": 1.2100140513433586,
        "num_grids": 6,
        "trend_ema_fast": 51,
        "trend_ema_slow": 349,
        "sell_spacing_mult_bull": 1.125562669879459,
        "buy_spacing_mult_bear": 1.010038838034141,
        "recenter_threshold_pct": 0.11487675302688916,
        "recenter_dwell_bars": 15,
        "center_lookback": 36,
        "cooldown_bars": 3,
        "min_strength": 0.560764744786338,
        "side_when_bear": 0,
        "min_edge_pct": 0.009375221462037916,
        "fee_pct": 0.0025,
        "slippage_pct": 0.01,
        "tol_buy_lo": 0.018990859710149348,
        "tol_buy_hi": 0.005,
        "tol_sell_lo": 0.014496234733205517,
        "tol_sell_hi": 0.006590964864850137,
        "timeframe_minutes": 60,
        "breakout_window": 68,
        "breakout_slope_min": 0.0005,
        "strong_slope_min": 0.0006772305323797632,
        "trail_atr_mult": 2.5193974656034097,
        "no_sell_above_ema_fast_in_bull": 1,
        "allow_bear_breakout_sell": 0
      }
    },
    "mar": {
      "score": 1480845037.5288332,
      "trial_id": 58,
      "strategy": "CSMARevertStrategy",
      "parameters": {
        "n_sma": 839,
        "entry_drop": 0.34299819677836463,
        "exit_up": 0.5750518148499824,
        "rsi_period": 41,
        "rsi_max": 39.235478149330596,
        "atr_period": 15,
        "atr_mult": 1.8,
        "atr_floor_pct": 0.003,
        "timeframe_minutes": 5
      }
    },
    "utility": {
      "score": 0.7122708847803727,
      "trial_id": 58,
      "strategy": "CSMARevertStrategy",
      "parameters": {
        "n_sma": 839,
        "entry_drop": 0.34299819677836463,
        "exit_up": 0.5750518148499824,
        "rsi_period": 41,
        "rsi_max": 39.235478149330596,
        "atr_period": 15,
        "atr_mult": 1.8,
        "atr_floor_pct": 0.003,
        "timeframe_minutes": 5
      }
    },
    "cps": {
      "score": 90.5,
      "trial_id": 52,
      "strategy": "GridTradingStrategyV2Aggressive",
      "parameters": {
        "min_step_pct": 0.036722543971777634,
        "atr_mult": 0.7161081007867017,
        "num_grids": 19,
        "trend_ema_fast": 50,
        "trend_ema_slow": 149,
        "sell_spacing_mult_bull": 1.3,
        "buy_spacing_mult_bear": 1.2,
        "recenter_threshold_pct": 0.15051289637681137,
        "recenter_dwell_bars": 6,
        "center_lookback": 27,
        "cooldown_bars": 0,
        "min_strength": 0.55,
        "side_when_bear": 0,
        "min_edge_pct": 0.013469138511167753,
        "fee_pct": 0.0025,
        "slippage_pct": 0.01,
        "tol_buy_lo": 0.014460569551554538,
        "tol_buy_hi": 0.01707861958322518,
        "tol_sell_lo": 0.013802608680923372,
        "tol_sell_hi": 0.01,
        "timeframe_minutes": 60,
        "breakout_window": 61,
        "breakout_slope_min": 0.0012907152425882123,
        "strong_slope_min": 0.006713961449857347,
        "trail_atr_mult": 1.654131161943127,
        "no_sell_above_ema_fast_in_bull": 1,
        "allow_bear_breakout_sell": 0
      }
    },
    "cps_v2": {
      "score": 0.8823538396529841,
      "trial_id": 67,
      "strategy": "GridTradingStrategyV2Aggressive",
      "parameters": {
        "min_step_pct": 0.03314403441326648,
        "atr_mult": 1.2100140513433586,
        "num_grids": 6,
        "trend_ema_fast": 51,
        "trend_ema_slow": 349,
        "sell_spacing_mult_bull": 1.125562669879459,
        "buy_spacing_mult_bear": 1.010038838034141,
        "recenter_threshold_pct": 0.11487675302688916,
        "recenter_dwell_bars": 15,
        "center_lookback": 36,
        "cooldown_bars": 3,
        "min_strength": 0.560764744786338,
        "side_when_bear": 0,
        "min_edge_pct": 0.009375221462037916,
        "fee_pct": 0.0025,
        "slippage_pct": 0.01,
        "tol_buy_lo": 0.018990859710149348,
        "tol_buy_hi": 0.005,
        "tol_sell_lo": 0.014496234733205517,
        "tol_sell_hi": 0.006590964864850137,
        "timeframe_minutes": 60,
        "breakout_window": 68,
        "breakout_slope_min": 0.0005,
        "strong_slope_min": 0.0006772305323797632,
        "trail_atr_mult": 2.5193974656034097,
        "no_sell_above_ema_fast_in_bull": 1,
        "allow_bear_breakout_sell": 0
      }
    }
  }
}